solid OpenSCAD_Model
  facet normal 0 0 -1
    outer loop
      vertex 4.08023 288.885 0
      vertex 0.303192 288.885 0
      vertex 4.13094 311.96 0
    endloop
  endfacet
  facet normal 0 0 -1
    outer loop
      vertex -4.85081 326.67 0
      vertex -10.376 330.359 0
      vertex -10.2324 331.763 0
    endloop
  endfacet
  facet normal 0 0 -1
    outer loop
      vertex -10.376 330.359 0
      vertex -5.16449 326.558 0
      vertex -5.63681 326.334 0
    endloop
  endfacet
  facet normal -0 0 -1
    outer loop
      vertex 4.13098 328.023 0
      vertex -1.08983 326.558 0
      vertex 4.13098 332.526 0
    endloop
  endfacet
  facet normal 0 0 -1
    outer loop
      vertex 6.36438 319.749 0
      vertex 2.09576 320.6 0
      vertex 6.50391 320.689 0
    endloop
  endfacet
  facet normal 0 0 -1
    outer loop
      vertex 6.50391 320.689 0
      vertex 2.17227 321.116 0
      vertex 2.19867 321.638 0
    endloop
  endfacet
  facet normal 0 0 -1
    outer loop
      vertex 2.17227 322.16 0
      vertex 2.09576 322.676 0
      vertex 6.50391 322.586 0
    endloop
  endfacet
  facet normal 0 0 -1
    outer loop
      vertex 2.09576 322.676 0
      vertex 2.08777 322.706 0
      vertex 6.36438 323.526 0
    endloop
  endfacet
  facet normal 0 0 -1
    outer loop
      vertex 2.08777 322.706 0
      vertex 1.96838 323.183 0
      vertex 6.13339 324.447 0
    endloop
  endfacet
  facet normal -0 0 -1
    outer loop
      vertex 6.13339 324.447 0
      vertex 1.79218 323.676 0
      vertex 5.81403 325.341 0
    endloop
  endfacet
  facet normal 0 0 -1
    outer loop
      vertex 1.79218 323.676 0
      vertex 1.56892 324.148 0
      vertex 5.40733 326.2 0
    endloop
  endfacet
  facet normal 0 -0 -1
    outer loop
      vertex 4.3537 327.777 0
      vertex 4.92007 327.015 0
      vertex 1.2997 324.596 0
    endloop
  endfacet
  facet normal 0 0 -1
    outer loop
      vertex 4.13098 328.023 0
      vertex 0.988083 325.016 0
      vertex 0.637726 325.404 0
    endloop
  endfacet
  facet normal 0 0 -1
    outer loop
      vertex -1.08983 326.558 0
      vertex 4.13098 328.023 0
      vertex -0.617508 326.334 0
    endloop
  endfacet
  facet normal 0 0 -1
    outer loop
      vertex -0.169464 326.065 0
      vertex 4.13098 328.023 0
      vertex 0.250671 325.754 0
    endloop
  endfacet
  facet normal 0 0 -1
    outer loop
      vertex 1.56892 324.148 0
      vertex 5.12625 326.67 0
      vertex 5.21095 326.528 0
    endloop
  endfacet
  facet normal 0 0 -1
    outer loop
      vertex 4.13098 332.526 0
      vertex -1.40349 326.67 0
      vertex -1.58229 326.734 0
    endloop
  endfacet
  facet normal 0 0 -1
    outer loop
      vertex -0.660339 337.315 0
      vertex -2.08925 326.861 0
      vertex -2.606 326.937 0
    endloop
  endfacet
  facet normal 0 0 -1
    outer loop
      vertex -2.08925 326.861 0
      vertex 4.13098 332.526 0
      vertex -1.58229 326.734 0
    endloop
  endfacet
  facet normal 0 0 -1
    outer loop
      vertex -2.606 326.937 0
      vertex -3.4364 337.33 0
      vertex -0.660339 337.315 0
    endloop
  endfacet
  facet normal 0 0 -1
    outer loop
      vertex -4.16507 326.861 0
      vertex -9.18539 334.257 0
      vertex -8.33791 335.291 0
    endloop
  endfacet
  facet normal -0 0 -1
    outer loop
      vertex -3.64882 326.937 0
      vertex -4.16507 326.861 0
      vertex -8.33791 335.291 0
    endloop
  endfacet
  facet normal 0 0 -1
    outer loop
      vertex 4.13098 332.526 0
      vertex -0.660339 337.315 0
      vertex 4.1311 342.106 0
    endloop
  endfacet
  facet normal 0 -0 -1
    outer loop
      vertex 29.5471 368.144 0
      vertex 30.238 367.97 0
      vertex 28.9333 363.815 0
    endloop
  endfacet
  facet normal 0 0 -1
    outer loop
      vertex 21.0127 359.609 0
      vertex 25.2809 360.457 0
      vertex 21.067 359.393 0
    endloop
  endfacet
  facet normal 0 0 -1
    outer loop
      vertex 28.9861 363.801 0
      vertex 30.238 367.97 0
      vertex 28.9939 363.798 0
    endloop
  endfacet
  facet normal 0 0 -1
    outer loop
      vertex 27.8467 358.133 0
      vertex 27.42 353.802 0
      vertex 26.7152 353.906 0
    endloop
  endfacet
  facet normal 0 -0 -1
    outer loop
      vertex 27.8467 358.133 0
      vertex 28.1309 358.118 0
      vertex 27.42 353.802 0
    endloop
  endfacet
  facet normal 0 0 -1
    outer loop
      vertex 28.1309 358.118 0
      vertex 28.8427 353.802 0
      vertex 28.1311 353.767 0
    endloop
  endfacet
  facet normal 0 0 -1
    outer loop
      vertex 28.4156 358.133 0
      vertex 28.9946 353.824 0
      vertex 28.8427 353.802 0
    endloop
  endfacet
  facet normal 0 0 -1
    outer loop
      vertex 27.42 353.802 0
      vertex 28.1309 358.118 0
      vertex 28.1311 353.767 0
    endloop
  endfacet
  facet normal -0 0 -1
    outer loop
      vertex 30.9087 354.319 0
      vertex 30.2379 354.08 0
      vertex 29.243 358.34 0
    endloop
  endfacet
  facet normal 0 0 -1
    outer loop
      vertex 31.5521 354.624 0
      vertex 29.5003 358.462 0
      vertex 29.7453 358.608 0
    endloop
  endfacet
  facet normal 0 0 -1
    outer loop
      vertex 32.1639 354.99 0
      vertex 29.7453 358.608 0
      vertex 32.7355 355.414 0
    endloop
  endfacet
  facet normal 0 0 -1
    outer loop
      vertex 30.6936 359.655 0
      vertex 30.8155 359.912 0
      vertex 34.5317 357.604 0
    endloop
  endfacet
  facet normal 0 0 -1
    outer loop
      vertex 34.1659 356.992 0
      vertex 30.5463 359.41 0
      vertex 30.6755 359.625 0
    endloop
  endfacet
  facet normal 0 0 -1
    outer loop
      vertex 30.3773 359.181 0
      vertex 33.7421 356.42 0
      vertex 33.2631 355.893 0
    endloop
  endfacet
  facet normal 0 0 -1
    outer loop
      vertex 35.3545 360.314 0
      vertex 31.0228 360.74 0
      vertex 35.3896 361.025 0
    endloop
  endfacet
  facet normal 0 0 -1
    outer loop
      vertex 31.0228 361.309 0
      vertex 30.9809 361.591 0
      vertex 35.3545 361.736 0
    endloop
  endfacet
  facet normal 0 0 -1
    outer loop
      vertex 30.9571 360.362 0
      vertex 35.2501 359.609 0
      vertex 35.077 358.918 0
    endloop
  endfacet
  facet normal 0 0 -1
    outer loop
      vertex 34.8847 358.381 0
      vertex 30.9111 360.18 0
      vertex 35.077 358.918 0
    endloop
  endfacet
  facet normal 0 0 -1
    outer loop
      vertex 30.9809 361.591 0
      vertex 35.2501 362.441 0
      vertex 35.3545 361.736 0
    endloop
  endfacet
  facet normal 0 0 -1
    outer loop
      vertex 28.6978 358.174 0
      vertex 30.2379 354.08 0
      vertex 29.547 353.906 0
    endloop
  endfacet
  facet normal 0 -0 -1
    outer loop
      vertex 34.8367 363.802 0
      vertex 34.9871 363.382 0
      vertex 30.8155 362.136 0
    endloop
  endfacet
  facet normal 0 -0 -1
    outer loop
      vertex 34.5318 364.446 0
      vertex 34.8367 363.802 0
      vertex 30.7168 362.344 0
    endloop
  endfacet
  facet normal 0 0 -1
    outer loop
      vertex 34.1659 365.057 0
      vertex 30.6935 362.394 0
      vertex 30.5462 362.639 0
    endloop
  endfacet
  facet normal 0 0 -1
    outer loop
      vertex 30.1855 363.079 0
      vertex 33.0962 366.309 0
      vertex 33.2631 366.157 0
    endloop
  endfacet
  facet normal 0 0 -1
    outer loop
      vertex 32.164 367.06 0
      vertex 29.9742 363.271 0
      vertex 29.7453 363.44 0
    endloop
  endfacet
  facet normal 0 -0 -1
    outer loop
      vertex 31.5521 367.425 0
      vertex 32.164 367.06 0
      vertex 29.5003 363.587 0
    endloop
  endfacet
  facet normal 0 -0 -1
    outer loop
      vertex 34.1659 365.057 0
      vertex 34.5318 364.446 0
      vertex 30.6935 362.394 0
    endloop
  endfacet
  facet normal 0 0 -1
    outer loop
      vertex 28.9939 363.798 0
      vertex 30.238 367.97 0
      vertex 30.9088 367.73 0
    endloop
  endfacet
  facet normal 0 -0 -1
    outer loop
      vertex 28.9947 368.225 0
      vertex 29.5471 368.144 0
      vertex 28.6983 363.874 0
    endloop
  endfacet
  facet normal 0 -0 -1
    outer loop
      vertex 28.8427 368.248 0
      vertex 28.9947 368.225 0
      vertex 28.4156 363.915 0
    endloop
  endfacet
  facet normal 0 0 -1
    outer loop
      vertex 28.1311 368.283 0
      vertex 28.1306 363.929 0
      vertex 27.8464 363.916 0
    endloop
  endfacet
  facet normal 0 0 -1
    outer loop
      vertex 27.4201 368.248 0
      vertex 27.8464 363.916 0
      vertex 27.5637 363.874 0
    endloop
  endfacet
  facet normal -0 0 -1
    outer loop
      vertex 27.5637 363.874 0
      vertex 27.2868 363.804 0
      vertex 26.0243 367.97 0
    endloop
  endfacet
  facet normal 0 -0 -1
    outer loop
      vertex 26.0243 367.97 0
      vertex 27.0191 363.709 0
      vertex 25.3541 367.73 0
    endloop
  endfacet
  facet normal 0 -0 -1
    outer loop
      vertex 25.3541 367.73 0
      vertex 27.0121 363.706 0
      vertex 24.7102 367.425 0
    endloop
  endfacet
  facet normal 0 -0 -1
    outer loop
      vertex 26.7152 368.144 0
      vertex 27.5637 363.874 0
      vertex 26.0243 367.97 0
    endloop
  endfacet
  facet normal 0 0 -1
    outer loop
      vertex 26.7319 363.569 0
      vertex 24.7102 367.425 0
      vertex 26.7614 363.587 0
    endloop
  endfacet
  facet normal 0 0 -1
    outer loop
      vertex 26.2875 363.271 0
      vertex 24.0989 367.06 0
      vertex 26.5164 363.44 0
    endloop
  endfacet
  facet normal 0 0 -1
    outer loop
      vertex 23.1666 366.309 0
      vertex 23.5268 366.636 0
      vertex 26.2875 363.271 0
    endloop
  endfacet
  facet normal 0 0 -1
    outer loop
      vertex 22.9992 366.157 0
      vertex 23.1666 366.309 0
      vertex 26.0762 363.079 0
    endloop
  endfacet
  facet normal 0 0 -1
    outer loop
      vertex 22.5201 365.629 0
      vertex 22.9992 366.157 0
      vertex 25.885 362.868 0
    endloop
  endfacet
  facet normal 0 -0 -1
    outer loop
      vertex 22.0964 365.058 0
      vertex 25.7144 362.639 0
      vertex 21.7305 364.446 0
    endloop
  endfacet
  facet normal 0 0 -1
    outer loop
      vertex 21.7305 364.446 0
      vertex 25.5682 362.394 0
      vertex 25.545 362.344 0
    endloop
  endfacet
  facet normal 0 0 -1
    outer loop
      vertex 21.4256 363.802 0
      vertex 25.545 362.344 0
      vertex 25.4463 362.136 0
    endloop
  endfacet
  facet normal 0 -0 -1
    outer loop
      vertex 21.1859 363.132 0
      vertex 25.3507 361.868 0
      vertex 21.067 362.657 0
    endloop
  endfacet
  facet normal 0 0 -1
    outer loop
      vertex 22.0964 365.058 0
      vertex 22.5201 365.629 0
      vertex 25.7144 362.639 0
    endloop
  endfacet
  facet normal 0 -0 -1
    outer loop
      vertex 27.564 358.174 0
      vertex 27.8467 358.133 0
      vertex 26.7152 353.906 0
    endloop
  endfacet
  facet normal 0 0 -1
    outer loop
      vertex 20.9078 361.736 0
      vertex 21.0127 362.441 0
      vertex 25.239 361.309 0
    endloop
  endfacet
  facet normal 0 0 -1
    outer loop
      vertex 20.8732 361.025 0
      vertex 20.9078 361.736 0
      vertex 25.2245 361.024 0
    endloop
  endfacet
  facet normal 0 0 -1
    outer loop
      vertex 20.9078 360.314 0
      vertex 25.2245 361.024 0
      vertex 25.239 360.74 0
    endloop
  endfacet
  facet normal 0 0 -1
    outer loop
      vertex 20.9078 360.314 0
      vertex 25.239 360.74 0
      vertex 21.0127 359.609 0
    endloop
  endfacet
  facet normal 0 0 -1
    outer loop
      vertex 21.1373 359.112 0
      vertex 25.3507 360.18 0
      vertex 25.4463 359.912 0
    endloop
  endfacet
  facet normal 0 0 -1
    outer loop
      vertex 25.5007 353.896 0
      vertex 20.1441 358.118 0
      vertex 21.1373 359.112 0
    endloop
  endfacet
  facet normal 0 0 -1
    outer loop
      vertex 25.5007 353.896 0
      vertex 4.13098 332.526 0
      vertex 15.7919 353.767 0
    endloop
  endfacet
  facet normal -0 0 -1
    outer loop
      vertex 25.5683 359.655 0
      vertex 21.1373 359.112 0
      vertex 25.4463 359.912 0
    endloop
  endfacet
  facet normal 0 -0 -1
    outer loop
      vertex 25.7145 359.41 0
      vertex 25.8845 359.181 0
      vertex 21.1373 359.112 0
    endloop
  endfacet
  facet normal 0 0 -1
    outer loop
      vertex 25.7741 354.169 0
      vertex 26.933 358.381 0
      vertex 27.0188 358.34 0
    endloop
  endfacet
  facet normal 0 -0 -1
    outer loop
      vertex 26.0762 358.97 0
      vertex 26.2871 358.779 0
      vertex 25.7741 354.169 0
    endloop
  endfacet
  facet normal 0 -0 -1
    outer loop
      vertex 27.0188 358.34 0
      vertex 27.287 358.244 0
      vertex 25.7741 354.169 0
    endloop
  endfacet
  facet normal 0 -0 -1
    outer loop
      vertex 27.287 358.244 0
      vertex 27.564 358.174 0
      vertex 26.0242 354.08 0
    endloop
  endfacet
  facet normal -0 0 -1
    outer loop
      vertex 25.7741 354.169 0
      vertex 25.7529 354.147 0
      vertex 21.1373 359.112 0
    endloop
  endfacet
  facet normal 0 0 -1
    outer loop
      vertex 21.1373 359.112 0
      vertex 25.7529 354.147 0
      vertex 25.6671 354.061 0
    endloop
  endfacet
  facet normal -0 0 -1
    outer loop
      vertex 25.5007 353.896 0
      vertex 15.7919 353.767 0
      vertex 20.1441 358.118 0
    endloop
  endfacet
  facet normal 0 0 -1
    outer loop
      vertex 25.5007 353.896 0
      vertex 21.1373 359.112 0
      vertex 25.6671 354.061 0
    endloop
  endfacet
  facet normal 0 0 -1
    outer loop
      vertex 15.7919 353.767 0
      vertex 4.13098 332.526 0
      vertex 4.1311 342.106 0
    endloop
  endfacet
  facet normal -0 0 -1
    outer loop
      vertex -4.85081 326.67 0
      vertex -5.16449 326.558 0
      vertex -10.376 330.359 0
    endloop
  endfacet
  facet normal 0 -0 -1
    outer loop
      vertex -10.376 330.359 0
      vertex -5.63681 326.334 0
      vertex -10.385 328.077 0
    endloop
  endfacet
  facet normal 0 0 -1
    outer loop
      vertex -10.385 328.077 0
      vertex -5.63681 326.334 0
      vertex -6.08485 326.065 0
    endloop
  endfacet
  facet normal 0 0 -1
    outer loop
      vertex -10.385 328.023 0
      vertex -10.385 328.077 0
      vertex -6.08485 326.065 0
    endloop
  endfacet
  facet normal 0 0 -1
    outer loop
      vertex -6.50497 325.754 0
      vertex -10.385 328.023 0
      vertex -6.08485 326.065 0
    endloop
  endfacet
  facet normal -0 0 -1
    outer loop
      vertex -6.50497 325.754 0
      vertex -6.89203 325.404 0
      vertex -10.385 328.023 0
    endloop
  endfacet
  facet normal 0 -0 -1
    outer loop
      vertex -10.385 328.023 0
      vertex -7.2424 325.017 0
      vertex -10.6445 327.728 0
    endloop
  endfacet
  facet normal 0 0 -1
    outer loop
      vertex -7.55402 324.596 0
      vertex -11.257 326.877 0
      vertex -11.0416 327.193 0
    endloop
  endfacet
  facet normal 0 0 -1
    outer loop
      vertex -8.34207 322.706 0
      vertex -12.388 324.447 0
      vertex -8.2227 323.184 0
    endloop
  endfacet
  facet normal 0 0 -1
    outer loop
      vertex -10.385 328.023 0
      vertex -10.6445 327.728 0
      vertex -10.6078 327.777 0
    endloop
  endfacet
  facet normal 0 0 -1
    outer loop
      vertex -8.35007 322.676 0
      vertex -12.619 323.526 0
      vertex -8.34207 322.706 0
    endloop
  endfacet
  facet normal -0 0 -1
    outer loop
      vertex -8.35007 322.676 0
      vertex -12.7585 322.586 0
      vertex -12.619 323.526 0
    endloop
  endfacet
  facet normal 0 0 -1
    outer loop
      vertex -11.0416 327.193 0
      vertex -11.257 326.877 0
      vertex -11.1741 327.014 0
    endloop
  endfacet
  facet normal 0 0 -1
    outer loop
      vertex -8.35007 322.676 0
      vertex -8.42657 322.159 0
      vertex -12.7585 322.586 0
    endloop
  endfacet
  facet normal 0 0 -1
    outer loop
      vertex -10.3855 311.96 0
      vertex -3.64908 316.339 0
      vertex -3.12715 316.313 0
    endloop
  endfacet
  facet normal 0 -0 -1
    outer loop
      vertex -8.42657 321.116 0
      vertex -8.35007 320.6 0
      vertex -12.7585 320.689 0
    endloop
  endfacet
  facet normal 0 -0 -1
    outer loop
      vertex -8.35007 320.6 0
      vertex -8.22346 320.092 0
      vertex -12.619 319.749 0
    endloop
  endfacet
  facet normal 0 -0 -1
    outer loop
      vertex -8.22346 320.092 0
      vertex -8.04724 319.6 0
      vertex -12.388 318.828 0
    endloop
  endfacet
  facet normal 0 0 -1
    outer loop
      vertex -8.04724 319.6 0
      vertex -11.662 317.076 0
      vertex -12.0687 317.934 0
    endloop
  endfacet
  facet normal 0 -0 -1
    outer loop
      vertex -7.82401 319.127 0
      vertex -7.5925 318.742 0
      vertex -11.662 317.076 0
    endloop
  endfacet
  facet normal 0 -0 -1
    outer loop
      vertex -7.5925 318.742 0
      vertex -7.55479 318.679 0
      vertex -11.1747 316.261 0
    endloop
  endfacet
  facet normal 0 0 -1
    outer loop
      vertex -7.24318 318.259 0
      vertex -10.3855 315.252 0
      vertex -10.645 315.547 0
    endloop
  endfacet
  facet normal 0 -0 -1
    outer loop
      vertex -6.89281 317.872 0
      vertex -6.50575 317.522 0
      vertex -10.3855 315.252 0
    endloop
  endfacet
  facet normal 0 0 -1
    outer loop
      vertex -10.3855 311.96 0
      vertex -4.67279 316.542 0
      vertex -4.16585 316.415 0
    endloop
  endfacet
  facet normal 0 0 -1
    outer loop
      vertex -10.3855 315.252 0
      vertex -6.08563 317.21 0
      vertex -5.63759 316.942 0
    endloop
  endfacet
  facet normal 0 0 -1
    outer loop
      vertex -9.9308 291.052 0
      vertex -10.3855 311.96 0
      vertex 4.13094 311.96 0
    endloop
  endfacet
  facet normal 0 0 -1
    outer loop
      vertex 0.303192 288.885 0
      vertex -9.9308 291.052 0
      vertex 4.13094 311.96 0
    endloop
  endfacet
  facet normal 0 -0 -1
    outer loop
      vertex -4.16585 316.415 0
      vertex -3.64908 316.339 0
      vertex -10.3855 311.96 0
    endloop
  endfacet
  facet normal 0 -0 -1
    outer loop
      vertex -7.55479 318.679 0
      vertex -7.24318 318.259 0
      vertex -10.645 315.547 0
    endloop
  endfacet
  facet normal 0 0 -1
    outer loop
      vertex -10.645 315.547 0
      vertex -10.3855 315.252 0
      vertex -10.6083 315.498 0
    endloop
  endfacet
  facet normal -0 0 -1
    outer loop
      vertex 6.36438 319.749 0
      vertex 6.13339 318.828 0
      vertex 1.96916 320.092 0
    endloop
  endfacet
  facet normal 0 0 -1
    outer loop
      vertex -10.3855 311.96 0
      vertex -3.12715 316.313 0
      vertex 4.13094 311.96 0
    endloop
  endfacet
  facet normal 0 -0 -1
    outer loop
      vertex 0.251465 317.522 0
      vertex 4.13094 315.253 0
      vertex -0.168167 317.211 0
    endloop
  endfacet
  facet normal 0 0 -1
    outer loop
      vertex 0.303192 288.885 0
      vertex -7.21831 288.89 0
      vertex -9.9308 291.052 0
    endloop
  endfacet
  facet normal -0 0 -1
    outer loop
      vertex 0.303192 288.885 0
      vertex -7.21831 286.029 0
      vertex -7.21831 288.89 0
    endloop
  endfacet
  facet normal 0 -0 -1
    outer loop
      vertex 0.303192 288.885 0
      vertex 0.303192 286.029 0
      vertex -7.21831 286.029 0
    endloop
  endfacet
  facet normal 0 0 -1
    outer loop
      vertex 21.0127 362.441 0
      vertex 21.067 362.657 0
      vertex 25.2809 361.591 0
    endloop
  endfacet
  facet normal 0 0 -1
    outer loop
      vertex 27.564 358.174 0
      vertex 26.7152 353.906 0
      vertex 26.0242 354.08 0
    endloop
  endfacet
  facet normal 0 -0 -1
    outer loop
      vertex 35.077 363.132 0
      vertex 35.2501 362.441 0
      vertex 30.9809 361.591 0
    endloop
  endfacet
  facet normal 0 0 -1
    outer loop
      vertex 27.287 358.244 0
      vertex 26.0242 354.08 0
      vertex 25.7741 354.169 0
    endloop
  endfacet
  facet normal 0 -0 -1
    outer loop
      vertex 26.5165 358.608 0
      vertex 26.7615 358.462 0
      vertex 25.7741 354.169 0
    endloop
  endfacet
  facet normal 0 -0 -1
    outer loop
      vertex 26.7615 358.462 0
      vertex 26.933 358.381 0
      vertex 25.7741 354.169 0
    endloop
  endfacet
  facet normal 0 -0 -1
    outer loop
      vertex 26.2871 358.779 0
      vertex 26.5165 358.608 0
      vertex 25.7741 354.169 0
    endloop
  endfacet
  facet normal -0 0 -1
    outer loop
      vertex 26.0762 358.97 0
      vertex 25.7741 354.169 0
      vertex 21.1373 359.112 0
    endloop
  endfacet
  facet normal 0 -0 -1
    outer loop
      vertex 25.8845 359.181 0
      vertex 26.0762 358.97 0
      vertex 21.1373 359.112 0
    endloop
  endfacet
  facet normal -0 0 -1
    outer loop
      vertex 25.7145 359.41 0
      vertex 21.1373 359.112 0
      vertex 25.5683 359.655 0
    endloop
  endfacet
  facet normal 0 0 -1
    outer loop
      vertex 25.3047 360.362 0
      vertex 21.1373 359.112 0
      vertex 21.067 359.393 0
    endloop
  endfacet
  facet normal -0 0 -1
    outer loop
      vertex 25.3507 360.18 0
      vertex 21.1373 359.112 0
      vertex 25.3047 360.362 0
    endloop
  endfacet
  facet normal 0 -0 -1
    outer loop
      vertex 25.2809 360.457 0
      vertex 25.3047 360.362 0
      vertex 21.067 359.393 0
    endloop
  endfacet
  facet normal 0 -0 -1
    outer loop
      vertex 25.239 360.74 0
      vertex 25.2809 360.457 0
      vertex 21.0127 359.609 0
    endloop
  endfacet
  facet normal 0 0 -1
    outer loop
      vertex 20.9078 360.314 0
      vertex 20.8732 361.025 0
      vertex 25.2245 361.024 0
    endloop
  endfacet
  facet normal 0 0 -1
    outer loop
      vertex 25.2245 361.024 0
      vertex 20.9078 361.736 0
      vertex 25.239 361.309 0
    endloop
  endfacet
  facet normal 0 0 -1
    outer loop
      vertex 25.239 361.309 0
      vertex 21.0127 362.441 0
      vertex 25.2809 361.591 0
    endloop
  endfacet
  facet normal 0 0 -1
    outer loop
      vertex 25.2809 361.591 0
      vertex 21.067 362.657 0
      vertex 25.3507 361.868 0
    endloop
  endfacet
  facet normal -0 0 -1
    outer loop
      vertex 25.4463 362.136 0
      vertex 25.3507 361.868 0
      vertex 21.1859 363.132 0
    endloop
  endfacet
  facet normal 0 -0 -1
    outer loop
      vertex 21.4256 363.802 0
      vertex 25.4463 362.136 0
      vertex 21.1859 363.132 0
    endloop
  endfacet
  facet normal 0 -0 -1
    outer loop
      vertex 21.7305 364.446 0
      vertex 25.545 362.344 0
      vertex 21.4256 363.802 0
    endloop
  endfacet
  facet normal -0 0 -1
    outer loop
      vertex 25.7144 362.639 0
      vertex 25.5682 362.394 0
      vertex 21.7305 364.446 0
    endloop
  endfacet
  facet normal 0 0 -1
    outer loop
      vertex 25.7144 362.639 0
      vertex 22.5201 365.629 0
      vertex 25.885 362.868 0
    endloop
  endfacet
  facet normal 0 0 -1
    outer loop
      vertex 25.885 362.868 0
      vertex 22.9992 366.157 0
      vertex 26.0762 363.079 0
    endloop
  endfacet
  facet normal 0 0 -1
    outer loop
      vertex 26.0762 363.079 0
      vertex 23.1666 366.309 0
      vertex 26.2875 363.271 0
    endloop
  endfacet
  facet normal 0 0 -1
    outer loop
      vertex 26.2875 363.271 0
      vertex 23.5268 366.636 0
      vertex 24.0989 367.06 0
    endloop
  endfacet
  facet normal 0 0 -1
    outer loop
      vertex 26.5164 363.44 0
      vertex 24.0989 367.06 0
      vertex 26.7319 363.569 0
    endloop
  endfacet
  facet normal 0 0 -1
    outer loop
      vertex 26.7319 363.569 0
      vertex 24.0989 367.06 0
      vertex 24.7102 367.425 0
    endloop
  endfacet
  facet normal -0 0 -1
    outer loop
      vertex 27.0121 363.706 0
      vertex 26.7614 363.587 0
      vertex 24.7102 367.425 0
    endloop
  endfacet
  facet normal -0 0 -1
    outer loop
      vertex 27.0191 363.709 0
      vertex 27.0121 363.706 0
      vertex 25.3541 367.73 0
    endloop
  endfacet
  facet normal -0 0 -1
    outer loop
      vertex 27.2868 363.804 0
      vertex 27.0191 363.709 0
      vertex 26.0243 367.97 0
    endloop
  endfacet
  facet normal 0 0 -1
    outer loop
      vertex 26.7152 368.144 0
      vertex 27.4201 368.248 0
      vertex 27.5637 363.874 0
    endloop
  endfacet
  facet normal 0 0 -1
    outer loop
      vertex 27.4201 368.248 0
      vertex 28.1311 368.283 0
      vertex 27.8464 363.916 0
    endloop
  endfacet
  facet normal 0 -0 -1
    outer loop
      vertex 28.1311 368.283 0
      vertex 28.4156 363.915 0
      vertex 28.1306 363.929 0
    endloop
  endfacet
  facet normal 0 0 -1
    outer loop
      vertex 28.1311 368.283 0
      vertex 28.8427 368.248 0
      vertex 28.4156 363.915 0
    endloop
  endfacet
  facet normal 0 0 -1
    outer loop
      vertex 28.4156 363.915 0
      vertex 28.9947 368.225 0
      vertex 28.6983 363.874 0
    endloop
  endfacet
  facet normal 0 0 -1
    outer loop
      vertex 28.6983 363.874 0
      vertex 29.5471 368.144 0
      vertex 28.9333 363.815 0
    endloop
  endfacet
  facet normal 0 0 -1
    outer loop
      vertex 28.9333 363.815 0
      vertex 30.238 367.97 0
      vertex 28.9748 363.805 0
    endloop
  endfacet
  facet normal 0 0 -1
    outer loop
      vertex 28.9788 363.804 0
      vertex 30.238 367.97 0
      vertex 28.9834 363.802 0
    endloop
  endfacet
  facet normal 0 0 -1
    outer loop
      vertex 28.9748 363.805 0
      vertex 30.238 367.97 0
      vertex 28.9788 363.804 0
    endloop
  endfacet
  facet normal 0 0 -1
    outer loop
      vertex 28.9834 363.802 0
      vertex 30.238 367.97 0
      vertex 28.9861 363.801 0
    endloop
  endfacet
  facet normal 0 0 -1
    outer loop
      vertex 29.243 363.709 0
      vertex 28.9939 363.798 0
      vertex 30.9088 367.73 0
    endloop
  endfacet
  facet normal 0 0 -1
    outer loop
      vertex 31.5521 367.425 0
      vertex 29.5003 363.587 0
      vertex 29.243 363.709 0
    endloop
  endfacet
  facet normal -0 0 -1
    outer loop
      vertex 31.5521 367.425 0
      vertex 29.243 363.709 0
      vertex 30.9088 367.73 0
    endloop
  endfacet
  facet normal 0 0 -1
    outer loop
      vertex 32.164 367.06 0
      vertex 29.7453 363.44 0
      vertex 29.5003 363.587 0
    endloop
  endfacet
  facet normal -0 0 -1
    outer loop
      vertex 32.7355 366.636 0
      vertex 29.9742 363.271 0
      vertex 32.164 367.06 0
    endloop
  endfacet
  facet normal 0 0 -1
    outer loop
      vertex 28.9333 363.815 0
      vertex 28.9748 363.805 0
      vertex 28.9748 363.804 0
    endloop
  endfacet
  facet normal 0 0 -1
    outer loop
      vertex 29.9742 363.271 0
      vertex 33.0962 366.309 0
      vertex 30.1855 363.079 0
    endloop
  endfacet
  facet normal 0 -0 -1
    outer loop
      vertex 32.7355 366.636 0
      vertex 33.0962 366.309 0
      vertex 29.9742 363.271 0
    endloop
  endfacet
  facet normal 0 0 -1
    outer loop
      vertex 30.1855 363.079 0
      vertex 33.2631 366.157 0
      vertex 30.3772 362.868 0
    endloop
  endfacet
  facet normal 0 0 -1
    outer loop
      vertex 30.3772 362.868 0
      vertex 33.2631 366.157 0
      vertex 33.7422 365.629 0
    endloop
  endfacet
  facet normal -0 0 -1
    outer loop
      vertex 34.1659 365.057 0
      vertex 30.3772 362.868 0
      vertex 33.7422 365.629 0
    endloop
  endfacet
  facet normal 0 0 -1
    outer loop
      vertex 34.1659 365.057 0
      vertex 30.5462 362.639 0
      vertex 30.3772 362.868 0
    endloop
  endfacet
  facet normal 0 0 -1
    outer loop
      vertex 30.6935 362.394 0
      vertex 34.5318 364.446 0
      vertex 30.7168 362.344 0
    endloop
  endfacet
  facet normal 0 0 -1
    outer loop
      vertex 30.7168 362.344 0
      vertex 34.8367 363.802 0
      vertex 30.8155 362.136 0
    endloop
  endfacet
  facet normal 0 0 -1
    outer loop
      vertex 30.8155 362.136 0
      vertex 34.9871 363.382 0
      vertex 30.9111 361.868 0
    endloop
  endfacet
  facet normal 0 0 -1
    outer loop
      vertex 30.9809 361.591 0
      vertex 30.9111 361.868 0
      vertex 35.077 363.132 0
    endloop
  endfacet
  facet normal 0 0 -1
    outer loop
      vertex 30.9111 361.868 0
      vertex 34.9871 363.382 0
      vertex 35.077 363.132 0
    endloop
  endfacet
  facet normal 0 -0 -1
    outer loop
      vertex 35.3545 361.736 0
      vertex 35.3896 361.025 0
      vertex 31.0228 361.309 0
    endloop
  endfacet
  facet normal 0 0 -1
    outer loop
      vertex 31.0228 361.309 0
      vertex 35.3896 361.025 0
      vertex 31.0362 361.024 0
    endloop
  endfacet
  facet normal 0 -0 -1
    outer loop
      vertex 31.0362 361.024 0
      vertex 35.3896 361.025 0
      vertex 31.0228 360.74 0
    endloop
  endfacet
  facet normal 0 -0 -1
    outer loop
      vertex 31.0228 360.74 0
      vertex 35.3545 360.314 0
      vertex 30.9809 360.458 0
    endloop
  endfacet
  facet normal 0 0 -1
    outer loop
      vertex 30.9809 360.458 0
      vertex 35.3545 360.314 0
      vertex 35.2501 359.609 0
    endloop
  endfacet
  facet normal 0 0 -1
    outer loop
      vertex 30.9571 360.362 0
      vertex 30.9809 360.458 0
      vertex 35.2501 359.609 0
    endloop
  endfacet
  facet normal 0 0 -1
    outer loop
      vertex 30.9111 360.18 0
      vertex 30.9571 360.362 0
      vertex 35.077 358.918 0
    endloop
  endfacet
  facet normal 0 0 -1
    outer loop
      vertex 30.8155 359.912 0
      vertex 30.9111 360.18 0
      vertex 34.8847 358.381 0
    endloop
  endfacet
  facet normal 0 0 -1
    outer loop
      vertex 34.8366 358.247 0
      vertex 30.8155 359.912 0
      vertex 34.8847 358.381 0
    endloop
  endfacet
  facet normal -0 0 -1
    outer loop
      vertex 34.8366 358.247 0
      vertex 34.5317 357.604 0
      vertex 30.8155 359.912 0
    endloop
  endfacet
  facet normal 0 0 -1
    outer loop
      vertex 34.5317 357.604 0
      vertex 30.6755 359.625 0
      vertex 30.6936 359.655 0
    endloop
  endfacet
  facet normal -0 0 -1
    outer loop
      vertex 34.5317 357.604 0
      vertex 34.1659 356.992 0
      vertex 30.6755 359.625 0
    endloop
  endfacet
  facet normal 0 0 -1
    outer loop
      vertex 34.1659 356.992 0
      vertex 30.3773 359.181 0
      vertex 30.5463 359.41 0
    endloop
  endfacet
  facet normal -0 0 -1
    outer loop
      vertex 34.1659 356.992 0
      vertex 33.7421 356.42 0
      vertex 30.3773 359.181 0
    endloop
  endfacet
  facet normal 0 -0 -1
    outer loop
      vertex 30.3773 359.181 0
      vertex 33.2631 355.893 0
      vertex 30.1856 358.97 0
    endloop
  endfacet
  facet normal 0 -0 -1
    outer loop
      vertex 30.1856 358.97 0
      vertex 33.2631 355.893 0
      vertex 29.9747 358.779 0
    endloop
  endfacet
  facet normal 0 0 -1
    outer loop
      vertex 29.9747 358.779 0
      vertex 33.2631 355.893 0
      vertex 32.7355 355.414 0
    endloop
  endfacet
  facet normal 0 0 -1
    outer loop
      vertex 29.7453 358.608 0
      vertex 29.9747 358.779 0
      vertex 32.7355 355.414 0
    endloop
  endfacet
  facet normal 0 0 -1
    outer loop
      vertex 31.5521 354.624 0
      vertex 29.7453 358.608 0
      vertex 32.1639 354.99 0
    endloop
  endfacet
  facet normal 0 0 -1
    outer loop
      vertex 29.3288 358.381 0
      vertex 29.5003 358.462 0
      vertex 31.5521 354.624 0
    endloop
  endfacet
  facet normal 0 0 -1
    outer loop
      vertex 30.9087 354.319 0
      vertex 29.3288 358.381 0
      vertex 31.5521 354.624 0
    endloop
  endfacet
  facet normal 0 0 -1
    outer loop
      vertex 30.9087 354.319 0
      vertex 29.243 358.34 0
      vertex 29.3288 358.381 0
    endloop
  endfacet
  facet normal 0 0 -1
    outer loop
      vertex 30.2379 354.08 0
      vertex 28.9748 358.244 0
      vertex 29.243 358.34 0
    endloop
  endfacet
  facet normal 0 0 -1
    outer loop
      vertex 30.2379 354.08 0
      vertex 28.6978 358.174 0
      vertex 28.9748 358.244 0
    endloop
  endfacet
  facet normal -0 0 -1
    outer loop
      vertex 29.547 353.906 0
      vertex 28.9946 353.824 0
      vertex 28.6978 358.174 0
    endloop
  endfacet
  facet normal 0 -0 -1
    outer loop
      vertex 28.6978 358.174 0
      vertex 28.9946 353.824 0
      vertex 28.4156 358.133 0
    endloop
  endfacet
  facet normal 0 -0 -1
    outer loop
      vertex 28.4156 358.133 0
      vertex 28.8427 353.802 0
      vertex 28.1309 358.118 0
    endloop
  endfacet
  facet normal 0 0 -1
    outer loop
      vertex 6.55042 321.638 0
      vertex 2.19867 321.638 0
      vertex 6.50391 322.586 0
    endloop
  endfacet
  facet normal 0 0 -1
    outer loop
      vertex -8.42657 322.159 0
      vertex -8.45187 321.638 0
      vertex -12.805 321.638 0
    endloop
  endfacet
  facet normal 0 -0 -1
    outer loop
      vertex -5.63759 316.942 0
      vertex -5.16527 316.718 0
      vertex -10.3855 311.96 0
    endloop
  endfacet
  facet normal 0 -0 -1
    outer loop
      vertex -5.16527 316.718 0
      vertex -4.67279 316.542 0
      vertex -10.3855 311.96 0
    endloop
  endfacet
  facet normal 0 0 -1
    outer loop
      vertex -10.3855 315.252 0
      vertex -5.63759 316.942 0
      vertex -10.3855 311.96 0
    endloop
  endfacet
  facet normal 0 -0 -1
    outer loop
      vertex -6.50575 317.522 0
      vertex -6.08563 317.21 0
      vertex -10.3855 315.252 0
    endloop
  endfacet
  facet normal -0 0 -1
    outer loop
      vertex -6.89281 317.872 0
      vertex -10.3855 315.252 0
      vertex -7.24318 318.259 0
    endloop
  endfacet
  facet normal 0 0 -1
    outer loop
      vertex -11.1747 316.261 0
      vertex -7.55479 318.679 0
      vertex -10.645 315.547 0
    endloop
  endfacet
  facet normal 0 0 -1
    outer loop
      vertex -11.662 317.076 0
      vertex -7.5925 318.742 0
      vertex -11.1747 316.261 0
    endloop
  endfacet
  facet normal 0 -0 -1
    outer loop
      vertex -8.04724 319.6 0
      vertex -7.82401 319.127 0
      vertex -11.662 317.076 0
    endloop
  endfacet
  facet normal 0 0 -1
    outer loop
      vertex -12.388 318.828 0
      vertex -8.04724 319.6 0
      vertex -12.0687 317.934 0
    endloop
  endfacet
  facet normal 0 0 -1
    outer loop
      vertex -12.619 319.749 0
      vertex -8.22346 320.092 0
      vertex -12.388 318.828 0
    endloop
  endfacet
  facet normal 0 0 -1
    outer loop
      vertex -12.7585 320.689 0
      vertex -8.35007 320.6 0
      vertex -12.619 319.749 0
    endloop
  endfacet
  facet normal 0 0 -1
    outer loop
      vertex -12.805 321.638 0
      vertex -8.42657 321.116 0
      vertex -12.7585 320.689 0
    endloop
  endfacet
  facet normal 0 0 -1
    outer loop
      vertex -12.805 321.638 0
      vertex -8.45187 321.638 0
      vertex -8.42657 321.116 0
    endloop
  endfacet
  facet normal 0 -0 -1
    outer loop
      vertex -12.7585 322.586 0
      vertex -8.42657 322.159 0
      vertex -12.805 321.638 0
    endloop
  endfacet
  facet normal 0 0 -1
    outer loop
      vertex -8.34207 322.706 0
      vertex -12.619 323.526 0
      vertex -12.388 324.447 0
    endloop
  endfacet
  facet normal -0 0 -1
    outer loop
      vertex -8.04649 323.676 0
      vertex -8.2227 323.184 0
      vertex -12.388 324.447 0
    endloop
  endfacet
  facet normal 0 -0 -1
    outer loop
      vertex -12.0687 325.341 0
      vertex -8.04649 323.676 0
      vertex -12.388 324.447 0
    endloop
  endfacet
  facet normal 0 0 -1
    outer loop
      vertex -12.0687 325.341 0
      vertex -11.662 326.2 0
      vertex -8.04649 323.676 0
    endloop
  endfacet
  facet normal 0 0 -1
    outer loop
      vertex -8.04649 323.676 0
      vertex -11.662 326.2 0
      vertex -7.82324 324.148 0
    endloop
  endfacet
  facet normal 0 0 -1
    outer loop
      vertex -7.82324 324.148 0
      vertex -11.662 326.2 0
      vertex -11.3808 326.67 0
    endloop
  endfacet
  facet normal -0 0 -1
    outer loop
      vertex -7.55402 324.596 0
      vertex -7.82324 324.148 0
      vertex -11.3808 326.67 0
    endloop
  endfacet
  facet normal 0 -0 -1
    outer loop
      vertex -11.257 326.877 0
      vertex -7.55402 324.596 0
      vertex -11.3808 326.67 0
    endloop
  endfacet
  facet normal 0 0 -1
    outer loop
      vertex -11.0416 327.193 0
      vertex -7.2424 325.017 0
      vertex -7.55402 324.596 0
    endloop
  endfacet
  facet normal 0 0 -1
    outer loop
      vertex -11.0416 327.193 0
      vertex -10.6445 327.728 0
      vertex -7.2424 325.017 0
    endloop
  endfacet
  facet normal 0 0 -1
    outer loop
      vertex -7.2424 325.017 0
      vertex -10.385 328.023 0
      vertex -6.89203 325.404 0
    endloop
  endfacet
  facet normal -0 0 -1
    outer loop
      vertex -4.67201 326.734 0
      vertex -4.85081 326.67 0
      vertex -10.2324 331.763 0
    endloop
  endfacet
  facet normal 0 -0 -1
    outer loop
      vertex -9.82619 333.071 0
      vertex -4.67201 326.734 0
      vertex -10.2324 331.763 0
    endloop
  endfacet
  facet normal 0 0 -1
    outer loop
      vertex -9.82619 333.071 0
      vertex -4.16507 326.861 0
      vertex -4.67201 326.734 0
    endloop
  endfacet
  facet normal 0 0 -1
    outer loop
      vertex -9.82619 333.071 0
      vertex -9.18539 334.257 0
      vertex -4.16507 326.861 0
    endloop
  endfacet
  facet normal 0 0 -1
    outer loop
      vertex -8.33791 335.291 0
      vertex -7.31161 336.144 0
      vertex -3.64882 326.937 0
    endloop
  endfacet
  facet normal 0 0 -1
    outer loop
      vertex -3.64882 326.937 0
      vertex -7.31161 336.144 0
      vertex -6.13391 336.787 0
    endloop
  endfacet
  facet normal 0 -0 -1
    outer loop
      vertex -4.83322 337.192 0
      vertex -3.64882 326.937 0
      vertex -6.13391 336.787 0
    endloop
  endfacet
  facet normal 0 0 -1
    outer loop
      vertex -4.83322 337.192 0
      vertex -3.12689 326.963 0
      vertex -3.64882 326.937 0
    endloop
  endfacet
  facet normal 0 0 -1
    outer loop
      vertex 4.13094 311.96 0
      vertex -2.71684 316.333 0
      vertex -2.60522 316.338 0
    endloop
  endfacet
  facet normal 0 0 -1
    outer loop
      vertex -4.83322 337.192 0
      vertex -3.4364 337.33 0
      vertex -3.12689 326.963 0
    endloop
  endfacet
  facet normal 0 0 -1
    outer loop
      vertex -3.12689 326.963 0
      vertex -3.4364 337.33 0
      vertex -2.606 326.937 0
    endloop
  endfacet
  facet normal 0 0 -1
    outer loop
      vertex -3.64882 326.937 0
      vertex -4.16559 326.86 0
      vertex -4.16507 326.861 0
    endloop
  endfacet
  facet normal 0 -0 -1
    outer loop
      vertex -0.660339 337.315 0
      vertex 4.13098 332.526 0
      vertex -2.08925 326.861 0
    endloop
  endfacet
  facet normal 0 0 -1
    outer loop
      vertex -1.08983 326.558 0
      vertex -1.40349 326.67 0
      vertex 4.13098 332.526 0
    endloop
  endfacet
  facet normal 0 0 -1
    outer loop
      vertex -0.617508 326.334 0
      vertex 4.13098 328.023 0
      vertex -0.169464 326.065 0
    endloop
  endfacet
  facet normal 0 0 -1
    outer loop
      vertex 4.13098 328.023 0
      vertex 0.637726 325.404 0
      vertex 0.250671 325.754 0
    endloop
  endfacet
  facet normal -0 0 -1
    outer loop
      vertex 4.3537 327.777 0
      vertex 0.988083 325.016 0
      vertex 4.13098 328.023 0
    endloop
  endfacet
  facet normal 0 0 -1
    outer loop
      vertex 4.3537 327.777 0
      vertex 1.2997 324.596 0
      vertex 0.988083 325.016 0
    endloop
  endfacet
  facet normal 0 0 -1
    outer loop
      vertex 5.12625 326.67 0
      vertex 1.56892 324.148 0
      vertex 1.2997 324.596 0
    endloop
  endfacet
  facet normal -0 0 -1
    outer loop
      vertex 5.12625 326.67 0
      vertex 1.2997 324.596 0
      vertex 4.92007 327.015 0
    endloop
  endfacet
  facet normal -0 0 -1
    outer loop
      vertex 5.40733 326.2 0
      vertex 1.56892 324.148 0
      vertex 5.21095 326.528 0
    endloop
  endfacet
  facet normal -0 0 -1
    outer loop
      vertex 5.81403 325.341 0
      vertex 1.79218 323.676 0
      vertex 5.40733 326.2 0
    endloop
  endfacet
  facet normal 0 0 -1
    outer loop
      vertex 6.13339 324.447 0
      vertex 1.96838 323.183 0
      vertex 1.79218 323.676 0
    endloop
  endfacet
  facet normal -0 0 -1
    outer loop
      vertex 6.36438 323.526 0
      vertex 2.08777 322.706 0
      vertex 6.13339 324.447 0
    endloop
  endfacet
  facet normal 0 0 -1
    outer loop
      vertex 6.50391 322.586 0
      vertex 2.09576 322.676 0
      vertex 6.36438 323.526 0
    endloop
  endfacet
  facet normal 0 0 -1
    outer loop
      vertex 2.19867 321.638 0
      vertex 2.17227 322.16 0
      vertex 6.50391 322.586 0
    endloop
  endfacet
  facet normal -0 0 -1
    outer loop
      vertex 6.55042 321.638 0
      vertex 6.50391 320.689 0
      vertex 2.19867 321.638 0
    endloop
  endfacet
  facet normal -0 0 -1
    outer loop
      vertex 6.50391 320.689 0
      vertex 2.09576 320.6 0
      vertex 2.17227 321.116 0
    endloop
  endfacet
  facet normal 0 0 -1
    outer loop
      vertex 6.36438 319.749 0
      vertex 1.96916 320.092 0
      vertex 2.09576 320.6 0
    endloop
  endfacet
  facet normal 0 0 -1
    outer loop
      vertex 6.13339 318.828 0
      vertex 1.79294 319.6 0
      vertex 1.96916 320.092 0
    endloop
  endfacet
  facet normal -0 0 -1
    outer loop
      vertex 6.13339 318.828 0
      vertex 5.81403 317.934 0
      vertex 1.79294 319.6 0
    endloop
  endfacet
  facet normal 0 0 -1
    outer loop
      vertex 1.79294 319.6 0
      vertex 5.81403 317.934 0
      vertex 5.40733 317.076 0
    endloop
  endfacet
  facet normal 0 0 -1
    outer loop
      vertex 1.5697 319.127 0
      vertex 1.79294 319.6 0
      vertex 5.40733 317.076 0
    endloop
  endfacet
  facet normal 0 0 -1
    outer loop
      vertex 5.21095 316.747 0
      vertex 1.5697 319.127 0
      vertex 5.40733 317.076 0
    endloop
  endfacet
  facet normal 0 0 -1
    outer loop
      vertex 5.21095 316.747 0
      vertex 1.3382 318.742 0
      vertex 1.5697 319.127 0
    endloop
  endfacet
  facet normal -0 0 -1
    outer loop
      vertex 5.21095 316.747 0
      vertex 4.92001 316.261 0
      vertex 1.3382 318.742 0
    endloop
  endfacet
  facet normal 0 -0 -1
    outer loop
      vertex 1.3382 318.742 0
      vertex 4.92001 316.261 0
      vertex 1.30049 318.679 0
    endloop
  endfacet
  facet normal 0 0 -1
    outer loop
      vertex 1.30049 318.679 0
      vertex 4.92001 316.261 0
      vertex 4.35365 315.498 0
    endloop
  endfacet
  facet normal 0 0 -1
    outer loop
      vertex 0.988876 318.26 0
      vertex 1.30049 318.679 0
      vertex 4.35365 315.498 0
    endloop
  endfacet
  facet normal 0 0 -1
    outer loop
      vertex 4.13094 315.253 0
      vertex 0.988876 318.26 0
      vertex 4.35365 315.498 0
    endloop
  endfacet
  facet normal 0 0 -1
    outer loop
      vertex 4.13094 315.253 0
      vertex 0.638504 317.872 0
      vertex 0.988876 318.26 0
    endloop
  endfacet
  facet normal 0 0 -1
    outer loop
      vertex 4.13094 315.253 0
      vertex 0.251465 317.522 0
      vertex 0.638504 317.872 0
    endloop
  endfacet
  facet normal 0 0 -1
    outer loop
      vertex -0.616714 316.941 0
      vertex -0.168167 317.211 0
      vertex 4.13094 315.253 0
    endloop
  endfacet
  facet normal 0 0 -1
    outer loop
      vertex 4.13094 311.96 0
      vertex -0.616714 316.941 0
      vertex 4.13094 315.253 0
    endloop
  endfacet
  facet normal 0 0 -1
    outer loop
      vertex 4.13094 311.96 0
      vertex -1.08852 316.718 0
      vertex -0.616714 316.941 0
    endloop
  endfacet
  facet normal 0 0 -1
    outer loop
      vertex 4.13094 311.96 0
      vertex -1.58151 316.542 0
      vertex -1.08852 316.718 0
    endloop
  endfacet
  facet normal 0 0 -1
    outer loop
      vertex 4.13094 311.96 0
      vertex -2.08846 316.415 0
      vertex -1.58151 316.542 0
    endloop
  endfacet
  facet normal 0 0 -1
    outer loop
      vertex 4.13094 311.96 0
      vertex -2.60522 316.338 0
      vertex -2.08846 316.415 0
    endloop
  endfacet
  facet normal 0 0 -1
    outer loop
      vertex 4.13094 311.96 0
      vertex -3.12715 316.313 0
      vertex -2.71684 316.333 0
    endloop
  endfacet
  facet normal 0 0 1
    outer loop
      vertex 4.13094 311.96 3
      vertex 0.303192 288.885 3
      vertex 4.08023 288.885 3
    endloop
  endfacet
  facet normal 0 0 1
    outer loop
      vertex -10.2324 331.763 3
      vertex -10.376 330.359 3
      vertex -4.85081 326.67 3
    endloop
  endfacet
  facet normal 0 -0 1
    outer loop
      vertex -5.63681 326.334 3
      vertex -5.16449 326.558 3
      vertex -10.376 330.359 3
    endloop
  endfacet
  facet normal 0 0 1
    outer loop
      vertex 4.13098 332.526 3
      vertex -1.08983 326.558 3
      vertex 4.13098 328.023 3
    endloop
  endfacet
  facet normal 0 0 1
    outer loop
      vertex 6.50391 320.689 3
      vertex 2.09576 320.6 3
      vertex 6.36438 319.749 3
    endloop
  endfacet
  facet normal 0 0 1
    outer loop
      vertex 2.19867 321.638 3
      vertex 2.17227 321.116 3
      vertex 6.50391 320.689 3
    endloop
  endfacet
  facet normal 0 0 1
    outer loop
      vertex 6.50391 322.586 3
      vertex 2.09576 322.676 3
      vertex 2.17227 322.16 3
    endloop
  endfacet
  facet normal 0 0 1
    outer loop
      vertex 6.36438 323.526 3
      vertex 2.08777 322.706 3
      vertex 2.09576 322.676 3
    endloop
  endfacet
  facet normal 0 0 1
    outer loop
      vertex 6.13339 324.447 3
      vertex 1.96838 323.183 3
      vertex 2.08777 322.706 3
    endloop
  endfacet
  facet normal 0 0 1
    outer loop
      vertex 5.81403 325.341 3
      vertex 1.79218 323.676 3
      vertex 6.13339 324.447 3
    endloop
  endfacet
  facet normal 0 0 1
    outer loop
      vertex 5.40733 326.2 3
      vertex 1.56892 324.148 3
      vertex 1.79218 323.676 3
    endloop
  endfacet
  facet normal 0 0 1
    outer loop
      vertex 1.2997 324.596 3
      vertex 4.92007 327.015 3
      vertex 4.3537 327.777 3
    endloop
  endfacet
  facet normal -0 0 1
    outer loop
      vertex 0.637726 325.404 3
      vertex 0.988083 325.016 3
      vertex 4.13098 328.023 3
    endloop
  endfacet
  facet normal 0 -0 1
    outer loop
      vertex -0.617508 326.334 3
      vertex 4.13098 328.023 3
      vertex -1.08983 326.558 3
    endloop
  endfacet
  facet normal 0 -0 1
    outer loop
      vertex 0.250671 325.754 3
      vertex 4.13098 328.023 3
      vertex -0.169464 326.065 3
    endloop
  endfacet
  facet normal 0 0 1
    outer loop
      vertex 5.21095 326.528 3
      vertex 5.12625 326.67 3
      vertex 1.56892 324.148 3
    endloop
  endfacet
  facet normal -0 0 1
    outer loop
      vertex -1.58229 326.734 3
      vertex -1.40349 326.67 3
      vertex 4.13098 332.526 3
    endloop
  endfacet
  facet normal -0 0 1
    outer loop
      vertex -2.606 326.937 3
      vertex -2.08925 326.861 3
      vertex -0.660339 337.315 3
    endloop
  endfacet
  facet normal 0 -0 1
    outer loop
      vertex -1.58229 326.734 3
      vertex 4.13098 332.526 3
      vertex -2.08925 326.861 3
    endloop
  endfacet
  facet normal 0 0 1
    outer loop
      vertex -0.660339 337.315 3
      vertex -3.4364 337.33 3
      vertex -2.606 326.937 3
    endloop
  endfacet
  facet normal 0 0 1
    outer loop
      vertex -8.33791 335.291 3
      vertex -9.18539 334.257 3
      vertex -4.16507 326.861 3
    endloop
  endfacet
  facet normal 0 0 1
    outer loop
      vertex -8.33791 335.291 3
      vertex -4.16507 326.861 3
      vertex -3.64882 326.937 3
    endloop
  endfacet
  facet normal 0 0 1
    outer loop
      vertex 4.1311 342.106 3
      vertex -0.660339 337.315 3
      vertex 4.13098 332.526 3
    endloop
  endfacet
  facet normal 0 0 1
    outer loop
      vertex 28.9333 363.815 3
      vertex 30.238 367.97 3
      vertex 29.5471 368.144 3
    endloop
  endfacet
  facet normal 0 -0 1
    outer loop
      vertex 21.067 359.393 3
      vertex 25.2809 360.457 3
      vertex 21.0127 359.609 3
    endloop
  endfacet
  facet normal 0 -0 1
    outer loop
      vertex 28.9939 363.798 3
      vertex 30.238 367.97 3
      vertex 28.9861 363.801 3
    endloop
  endfacet
  facet normal -0 0 1
    outer loop
      vertex 26.7152 353.906 3
      vertex 27.42 353.802 3
      vertex 27.8467 358.133 3
    endloop
  endfacet
  facet normal 0 0 1
    outer loop
      vertex 27.42 353.802 3
      vertex 28.1309 358.118 3
      vertex 27.8467 358.133 3
    endloop
  endfacet
  facet normal 0 -0 1
    outer loop
      vertex 28.1311 353.767 3
      vertex 28.8427 353.802 3
      vertex 28.1309 358.118 3
    endloop
  endfacet
  facet normal 0 -0 1
    outer loop
      vertex 28.8427 353.802 3
      vertex 28.9946 353.824 3
      vertex 28.4156 358.133 3
    endloop
  endfacet
  facet normal 0 0 1
    outer loop
      vertex 28.1311 353.767 3
      vertex 28.1309 358.118 3
      vertex 27.42 353.802 3
    endloop
  endfacet
  facet normal 0 0 1
    outer loop
      vertex 29.243 358.34 3
      vertex 30.2379 354.08 3
      vertex 30.9087 354.319 3
    endloop
  endfacet
  facet normal 0 0 1
    outer loop
      vertex 29.7453 358.608 3
      vertex 29.5003 358.462 3
      vertex 31.5521 354.624 3
    endloop
  endfacet
  facet normal 0 0 1
    outer loop
      vertex 32.7355 355.414 3
      vertex 29.7453 358.608 3
      vertex 32.1639 354.99 3
    endloop
  endfacet
  facet normal 0 0 1
    outer loop
      vertex 34.5317 357.604 3
      vertex 30.8155 359.912 3
      vertex 30.6936 359.655 3
    endloop
  endfacet
  facet normal 0 0 1
    outer loop
      vertex 30.6755 359.625 3
      vertex 30.5463 359.41 3
      vertex 34.1659 356.992 3
    endloop
  endfacet
  facet normal 0 -0 1
    outer loop
      vertex 33.2631 355.893 3
      vertex 33.7421 356.42 3
      vertex 30.3773 359.181 3
    endloop
  endfacet
  facet normal 0 0 1
    outer loop
      vertex 35.3896 361.025 3
      vertex 31.0228 360.74 3
      vertex 35.3545 360.314 3
    endloop
  endfacet
  facet normal 0 0 1
    outer loop
      vertex 35.3545 361.736 3
      vertex 30.9809 361.591 3
      vertex 31.0228 361.309 3
    endloop
  endfacet
  facet normal 0 -0 1
    outer loop
      vertex 35.077 358.918 3
      vertex 35.2501 359.609 3
      vertex 30.9571 360.362 3
    endloop
  endfacet
  facet normal 0 0 1
    outer loop
      vertex 35.077 358.918 3
      vertex 30.9111 360.18 3
      vertex 34.8847 358.381 3
    endloop
  endfacet
  facet normal 0 0 1
    outer loop
      vertex 35.3545 361.736 3
      vertex 35.2501 362.441 3
      vertex 30.9809 361.591 3
    endloop
  endfacet
  facet normal 0 -0 1
    outer loop
      vertex 29.547 353.906 3
      vertex 30.2379 354.08 3
      vertex 28.6978 358.174 3
    endloop
  endfacet
  facet normal 0 0 1
    outer loop
      vertex 30.8155 362.136 3
      vertex 34.9871 363.382 3
      vertex 34.8367 363.802 3
    endloop
  endfacet
  facet normal 0 0 1
    outer loop
      vertex 30.7168 362.344 3
      vertex 34.8367 363.802 3
      vertex 34.5318 364.446 3
    endloop
  endfacet
  facet normal -0 0 1
    outer loop
      vertex 30.5462 362.639 3
      vertex 30.6935 362.394 3
      vertex 34.1659 365.057 3
    endloop
  endfacet
  facet normal 0 0 1
    outer loop
      vertex 33.2631 366.157 3
      vertex 33.0962 366.309 3
      vertex 30.1855 363.079 3
    endloop
  endfacet
  facet normal -0 0 1
    outer loop
      vertex 29.7453 363.44 3
      vertex 29.9742 363.271 3
      vertex 32.164 367.06 3
    endloop
  endfacet
  facet normal 0 0 1
    outer loop
      vertex 29.5003 363.587 3
      vertex 32.164 367.06 3
      vertex 31.5521 367.425 3
    endloop
  endfacet
  facet normal 0 0 1
    outer loop
      vertex 30.6935 362.394 3
      vertex 34.5318 364.446 3
      vertex 34.1659 365.057 3
    endloop
  endfacet
  facet normal 0 0 1
    outer loop
      vertex 30.9088 367.73 3
      vertex 30.238 367.97 3
      vertex 28.9939 363.798 3
    endloop
  endfacet
  facet normal 0 0 1
    outer loop
      vertex 28.6983 363.874 3
      vertex 29.5471 368.144 3
      vertex 28.9947 368.225 3
    endloop
  endfacet
  facet normal 0 0 1
    outer loop
      vertex 28.4156 363.915 3
      vertex 28.9947 368.225 3
      vertex 28.8427 368.248 3
    endloop
  endfacet
  facet normal 0 0 1
    outer loop
      vertex 27.8464 363.916 3
      vertex 28.1306 363.929 3
      vertex 28.1311 368.283 3
    endloop
  endfacet
  facet normal 0 -0 1
    outer loop
      vertex 27.5637 363.874 3
      vertex 27.8464 363.916 3
      vertex 27.4201 368.248 3
    endloop
  endfacet
  facet normal 0 0 1
    outer loop
      vertex 26.0243 367.97 3
      vertex 27.2868 363.804 3
      vertex 27.5637 363.874 3
    endloop
  endfacet
  facet normal -0 0 1
    outer loop
      vertex 25.3541 367.73 3
      vertex 27.0191 363.709 3
      vertex 26.0243 367.97 3
    endloop
  endfacet
  facet normal -0 0 1
    outer loop
      vertex 24.7102 367.425 3
      vertex 27.0121 363.706 3
      vertex 25.3541 367.73 3
    endloop
  endfacet
  facet normal -0 0 1
    outer loop
      vertex 26.0243 367.97 3
      vertex 27.5637 363.874 3
      vertex 26.7152 368.144 3
    endloop
  endfacet
  facet normal 0 0 1
    outer loop
      vertex 26.7614 363.587 3
      vertex 24.7102 367.425 3
      vertex 26.7319 363.569 3
    endloop
  endfacet
  facet normal 0 0 1
    outer loop
      vertex 26.5164 363.44 3
      vertex 24.0989 367.06 3
      vertex 26.2875 363.271 3
    endloop
  endfacet
  facet normal 0 0 1
    outer loop
      vertex 26.2875 363.271 3
      vertex 23.5268 366.636 3
      vertex 23.1666 366.309 3
    endloop
  endfacet
  facet normal 0 0 1
    outer loop
      vertex 26.0762 363.079 3
      vertex 23.1666 366.309 3
      vertex 22.9992 366.157 3
    endloop
  endfacet
  facet normal 0 0 1
    outer loop
      vertex 25.885 362.868 3
      vertex 22.9992 366.157 3
      vertex 22.5201 365.629 3
    endloop
  endfacet
  facet normal -0 0 1
    outer loop
      vertex 21.7305 364.446 3
      vertex 25.7144 362.639 3
      vertex 22.0964 365.058 3
    endloop
  endfacet
  facet normal 0 -0 1
    outer loop
      vertex 25.545 362.344 3
      vertex 25.5682 362.394 3
      vertex 21.7305 364.446 3
    endloop
  endfacet
  facet normal 0 -0 1
    outer loop
      vertex 25.4463 362.136 3
      vertex 25.545 362.344 3
      vertex 21.4256 363.802 3
    endloop
  endfacet
  facet normal -0 0 1
    outer loop
      vertex 21.067 362.657 3
      vertex 25.3507 361.868 3
      vertex 21.1859 363.132 3
    endloop
  endfacet
  facet normal 0 0 1
    outer loop
      vertex 25.7144 362.639 3
      vertex 22.5201 365.629 3
      vertex 22.0964 365.058 3
    endloop
  endfacet
  facet normal 0 0 1
    outer loop
      vertex 26.7152 353.906 3
      vertex 27.8467 358.133 3
      vertex 27.564 358.174 3
    endloop
  endfacet
  facet normal 0 0 1
    outer loop
      vertex 25.239 361.309 3
      vertex 21.0127 362.441 3
      vertex 20.9078 361.736 3
    endloop
  endfacet
  facet normal 0 0 1
    outer loop
      vertex 25.2245 361.024 3
      vertex 20.9078 361.736 3
      vertex 20.8732 361.025 3
    endloop
  endfacet
  facet normal 0 0 1
    outer loop
      vertex 25.239 360.74 3
      vertex 25.2245 361.024 3
      vertex 20.9078 360.314 3
    endloop
  endfacet
  facet normal 0 -0 1
    outer loop
      vertex 21.0127 359.609 3
      vertex 25.239 360.74 3
      vertex 20.9078 360.314 3
    endloop
  endfacet
  facet normal 0 0 1
    outer loop
      vertex 25.4463 359.912 3
      vertex 25.3507 360.18 3
      vertex 21.1373 359.112 3
    endloop
  endfacet
  facet normal 0 0 1
    outer loop
      vertex 21.1373 359.112 3
      vertex 20.1441 358.118 3
      vertex 25.5007 353.896 3
    endloop
  endfacet
  facet normal -0 0 1
    outer loop
      vertex 15.7919 353.767 3
      vertex 4.13098 332.526 3
      vertex 25.5007 353.896 3
    endloop
  endfacet
  facet normal 0 0 1
    outer loop
      vertex 25.4463 359.912 3
      vertex 21.1373 359.112 3
      vertex 25.5683 359.655 3
    endloop
  endfacet
  facet normal 0 0 1
    outer loop
      vertex 21.1373 359.112 3
      vertex 25.8845 359.181 3
      vertex 25.7145 359.41 3
    endloop
  endfacet
  facet normal 0 0 1
    outer loop
      vertex 27.0188 358.34 3
      vertex 26.933 358.381 3
      vertex 25.7741 354.169 3
    endloop
  endfacet
  facet normal 0 0 1
    outer loop
      vertex 25.7741 354.169 3
      vertex 26.2871 358.779 3
      vertex 26.0762 358.97 3
    endloop
  endfacet
  facet normal 0 0 1
    outer loop
      vertex 25.7741 354.169 3
      vertex 27.287 358.244 3
      vertex 27.0188 358.34 3
    endloop
  endfacet
  facet normal 0 0 1
    outer loop
      vertex 26.0242 354.08 3
      vertex 27.564 358.174 3
      vertex 27.287 358.244 3
    endloop
  endfacet
  facet normal 0 0 1
    outer loop
      vertex 21.1373 359.112 3
      vertex 25.7529 354.147 3
      vertex 25.7741 354.169 3
    endloop
  endfacet
  facet normal 0 -0 1
    outer loop
      vertex 25.6671 354.061 3
      vertex 25.7529 354.147 3
      vertex 21.1373 359.112 3
    endloop
  endfacet
  facet normal 0 0 1
    outer loop
      vertex 20.1441 358.118 3
      vertex 15.7919 353.767 3
      vertex 25.5007 353.896 3
    endloop
  endfacet
  facet normal 0 0 1
    outer loop
      vertex 25.6671 354.061 3
      vertex 21.1373 359.112 3
      vertex 25.5007 353.896 3
    endloop
  endfacet
  facet normal -0 0 1
    outer loop
      vertex 4.1311 342.106 3
      vertex 4.13098 332.526 3
      vertex 15.7919 353.767 3
    endloop
  endfacet
  facet normal 0 0 1
    outer loop
      vertex -10.376 330.359 3
      vertex -5.16449 326.558 3
      vertex -4.85081 326.67 3
    endloop
  endfacet
  facet normal -0 0 1
    outer loop
      vertex -10.385 328.077 3
      vertex -5.63681 326.334 3
      vertex -10.376 330.359 3
    endloop
  endfacet
  facet normal 0 -0 1
    outer loop
      vertex -6.08485 326.065 3
      vertex -5.63681 326.334 3
      vertex -10.385 328.077 3
    endloop
  endfacet
  facet normal 0 0 1
    outer loop
      vertex -6.08485 326.065 3
      vertex -10.385 328.077 3
      vertex -10.385 328.023 3
    endloop
  endfacet
  facet normal 0 0 1
    outer loop
      vertex -6.08485 326.065 3
      vertex -10.385 328.023 3
      vertex -6.50497 325.754 3
    endloop
  endfacet
  facet normal 0 0 1
    outer loop
      vertex -10.385 328.023 3
      vertex -6.89203 325.404 3
      vertex -6.50497 325.754 3
    endloop
  endfacet
  facet normal -0 0 1
    outer loop
      vertex -10.6445 327.728 3
      vertex -7.2424 325.017 3
      vertex -10.385 328.023 3
    endloop
  endfacet
  facet normal 0 0 1
    outer loop
      vertex -11.0416 327.193 3
      vertex -11.257 326.877 3
      vertex -7.55402 324.596 3
    endloop
  endfacet
  facet normal 0 0 1
    outer loop
      vertex -8.2227 323.184 3
      vertex -12.388 324.447 3
      vertex -8.34207 322.706 3
    endloop
  endfacet
  facet normal -0 0 1
    outer loop
      vertex -10.6078 327.777 3
      vertex -10.6445 327.728 3
      vertex -10.385 328.023 3
    endloop
  endfacet
  facet normal 0 0 1
    outer loop
      vertex -8.34207 322.706 3
      vertex -12.619 323.526 3
      vertex -8.35007 322.676 3
    endloop
  endfacet
  facet normal 0 0 1
    outer loop
      vertex -12.619 323.526 3
      vertex -12.7585 322.586 3
      vertex -8.35007 322.676 3
    endloop
  endfacet
  facet normal -0 0 1
    outer loop
      vertex -11.1741 327.014 3
      vertex -11.257 326.877 3
      vertex -11.0416 327.193 3
    endloop
  endfacet
  facet normal -0 0 1
    outer loop
      vertex -12.7585 322.586 3
      vertex -8.42657 322.159 3
      vertex -8.35007 322.676 3
    endloop
  endfacet
  facet normal 0 0 1
    outer loop
      vertex -3.12715 316.313 3
      vertex -3.64908 316.339 3
      vertex -10.3855 311.96 3
    endloop
  endfacet
  facet normal -0 0 1
    outer loop
      vertex -12.7585 320.689 3
      vertex -8.35007 320.6 3
      vertex -8.42657 321.116 3
    endloop
  endfacet
  facet normal 0 0 1
    outer loop
      vertex -12.619 319.749 3
      vertex -8.22346 320.092 3
      vertex -8.35007 320.6 3
    endloop
  endfacet
  facet normal 0 0 1
    outer loop
      vertex -12.388 318.828 3
      vertex -8.04724 319.6 3
      vertex -8.22346 320.092 3
    endloop
  endfacet
  facet normal -0 0 1
    outer loop
      vertex -12.0687 317.934 3
      vertex -11.662 317.076 3
      vertex -8.04724 319.6 3
    endloop
  endfacet
  facet normal 0 0 1
    outer loop
      vertex -11.662 317.076 3
      vertex -7.5925 318.742 3
      vertex -7.82401 319.127 3
    endloop
  endfacet
  facet normal 0 0 1
    outer loop
      vertex -11.1747 316.261 3
      vertex -7.55479 318.679 3
      vertex -7.5925 318.742 3
    endloop
  endfacet
  facet normal -0 0 1
    outer loop
      vertex -10.645 315.547 3
      vertex -10.3855 315.252 3
      vertex -7.24318 318.259 3
    endloop
  endfacet
  facet normal 0 0 1
    outer loop
      vertex -10.3855 315.252 3
      vertex -6.50575 317.522 3
      vertex -6.89281 317.872 3
    endloop
  endfacet
  facet normal 0 0 1
    outer loop
      vertex -4.16585 316.415 3
      vertex -4.67279 316.542 3
      vertex -10.3855 311.96 3
    endloop
  endfacet
  facet normal 0 0 1
    outer loop
      vertex -5.63759 316.942 3
      vertex -6.08563 317.21 3
      vertex -10.3855 315.252 3
    endloop
  endfacet
  facet normal 0 0 1
    outer loop
      vertex 4.13094 311.96 3
      vertex -10.3855 311.96 3
      vertex -9.9308 291.052 3
    endloop
  endfacet
  facet normal 0 0 1
    outer loop
      vertex 4.13094 311.96 3
      vertex -9.9308 291.052 3
      vertex 0.303192 288.885 3
    endloop
  endfacet
  facet normal 0 0 1
    outer loop
      vertex -10.3855 311.96 3
      vertex -3.64908 316.339 3
      vertex -4.16585 316.415 3
    endloop
  endfacet
  facet normal 0 0 1
    outer loop
      vertex -10.645 315.547 3
      vertex -7.24318 318.259 3
      vertex -7.55479 318.679 3
    endloop
  endfacet
  facet normal -0 -0 1
    outer loop
      vertex -10.6083 315.498 3
      vertex -10.3855 315.252 3
      vertex -10.645 315.547 3
    endloop
  endfacet
  facet normal 0 0 1
    outer loop
      vertex 1.96916 320.092 3
      vertex 6.13339 318.828 3
      vertex 6.36438 319.749 3
    endloop
  endfacet
  facet normal 0 0 1
    outer loop
      vertex 4.13094 311.96 3
      vertex -3.12715 316.313 3
      vertex -10.3855 311.96 3
    endloop
  endfacet
  facet normal -0 0 1
    outer loop
      vertex -0.168167 317.211 3
      vertex 4.13094 315.253 3
      vertex 0.251465 317.522 3
    endloop
  endfacet
  facet normal 0 0 1
    outer loop
      vertex -9.9308 291.052 3
      vertex -7.21831 288.89 3
      vertex 0.303192 288.885 3
    endloop
  endfacet
  facet normal 0 0 1
    outer loop
      vertex -7.21831 288.89 3
      vertex -7.21831 286.029 3
      vertex 0.303192 288.885 3
    endloop
  endfacet
  facet normal 0 0 1
    outer loop
      vertex -7.21831 286.029 3
      vertex 0.303192 286.029 3
      vertex 0.303192 288.885 3
    endloop
  endfacet
  facet normal 0 0 1
    outer loop
      vertex 25.2809 361.591 3
      vertex 21.067 362.657 3
      vertex 21.0127 362.441 3
    endloop
  endfacet
  facet normal -0 0 1
    outer loop
      vertex 26.0242 354.08 3
      vertex 26.7152 353.906 3
      vertex 27.564 358.174 3
    endloop
  endfacet
  facet normal 0 0 1
    outer loop
      vertex 30.9809 361.591 3
      vertex 35.2501 362.441 3
      vertex 35.077 363.132 3
    endloop
  endfacet
  facet normal -0 0 1
    outer loop
      vertex 25.7741 354.169 3
      vertex 26.0242 354.08 3
      vertex 27.287 358.244 3
    endloop
  endfacet
  facet normal 0 0 1
    outer loop
      vertex 25.7741 354.169 3
      vertex 26.7615 358.462 3
      vertex 26.5165 358.608 3
    endloop
  endfacet
  facet normal 0 0 1
    outer loop
      vertex 25.7741 354.169 3
      vertex 26.933 358.381 3
      vertex 26.7615 358.462 3
    endloop
  endfacet
  facet normal 0 0 1
    outer loop
      vertex 25.7741 354.169 3
      vertex 26.5165 358.608 3
      vertex 26.2871 358.779 3
    endloop
  endfacet
  facet normal 0 0 1
    outer loop
      vertex 21.1373 359.112 3
      vertex 25.7741 354.169 3
      vertex 26.0762 358.97 3
    endloop
  endfacet
  facet normal -0 0 1
    outer loop
      vertex 21.1373 359.112 3
      vertex 26.0762 358.97 3
      vertex 25.8845 359.181 3
    endloop
  endfacet
  facet normal 0 0 1
    outer loop
      vertex 25.5683 359.655 3
      vertex 21.1373 359.112 3
      vertex 25.7145 359.41 3
    endloop
  endfacet
  facet normal -0 0 1
    outer loop
      vertex 21.067 359.393 3
      vertex 21.1373 359.112 3
      vertex 25.3047 360.362 3
    endloop
  endfacet
  facet normal 0 0 1
    outer loop
      vertex 25.3047 360.362 3
      vertex 21.1373 359.112 3
      vertex 25.3507 360.18 3
    endloop
  endfacet
  facet normal 0 0 1
    outer loop
      vertex 21.067 359.393 3
      vertex 25.3047 360.362 3
      vertex 25.2809 360.457 3
    endloop
  endfacet
  facet normal 0 0 1
    outer loop
      vertex 21.0127 359.609 3
      vertex 25.2809 360.457 3
      vertex 25.239 360.74 3
    endloop
  endfacet
  facet normal 0 0 1
    outer loop
      vertex 25.2245 361.024 3
      vertex 20.8732 361.025 3
      vertex 20.9078 360.314 3
    endloop
  endfacet
  facet normal 0 0 1
    outer loop
      vertex 25.239 361.309 3
      vertex 20.9078 361.736 3
      vertex 25.2245 361.024 3
    endloop
  endfacet
  facet normal 0 0 1
    outer loop
      vertex 25.2809 361.591 3
      vertex 21.0127 362.441 3
      vertex 25.239 361.309 3
    endloop
  endfacet
  facet normal 0 0 1
    outer loop
      vertex 25.3507 361.868 3
      vertex 21.067 362.657 3
      vertex 25.2809 361.591 3
    endloop
  endfacet
  facet normal 0 0 1
    outer loop
      vertex 21.1859 363.132 3
      vertex 25.3507 361.868 3
      vertex 25.4463 362.136 3
    endloop
  endfacet
  facet normal -0 0 1
    outer loop
      vertex 21.1859 363.132 3
      vertex 25.4463 362.136 3
      vertex 21.4256 363.802 3
    endloop
  endfacet
  facet normal -0 0 1
    outer loop
      vertex 21.4256 363.802 3
      vertex 25.545 362.344 3
      vertex 21.7305 364.446 3
    endloop
  endfacet
  facet normal 0 0 1
    outer loop
      vertex 21.7305 364.446 3
      vertex 25.5682 362.394 3
      vertex 25.7144 362.639 3
    endloop
  endfacet
  facet normal 0 0 1
    outer loop
      vertex 25.885 362.868 3
      vertex 22.5201 365.629 3
      vertex 25.7144 362.639 3
    endloop
  endfacet
  facet normal 0 0 1
    outer loop
      vertex 26.0762 363.079 3
      vertex 22.9992 366.157 3
      vertex 25.885 362.868 3
    endloop
  endfacet
  facet normal 0 0 1
    outer loop
      vertex 26.2875 363.271 3
      vertex 23.1666 366.309 3
      vertex 26.0762 363.079 3
    endloop
  endfacet
  facet normal 0 0 1
    outer loop
      vertex 24.0989 367.06 3
      vertex 23.5268 366.636 3
      vertex 26.2875 363.271 3
    endloop
  endfacet
  facet normal 0 0 1
    outer loop
      vertex 26.7319 363.569 3
      vertex 24.0989 367.06 3
      vertex 26.5164 363.44 3
    endloop
  endfacet
  facet normal 0 0 1
    outer loop
      vertex 24.7102 367.425 3
      vertex 24.0989 367.06 3
      vertex 26.7319 363.569 3
    endloop
  endfacet
  facet normal 0 0 1
    outer loop
      vertex 24.7102 367.425 3
      vertex 26.7614 363.587 3
      vertex 27.0121 363.706 3
    endloop
  endfacet
  facet normal 0 0 1
    outer loop
      vertex 25.3541 367.73 3
      vertex 27.0121 363.706 3
      vertex 27.0191 363.709 3
    endloop
  endfacet
  facet normal 0 0 1
    outer loop
      vertex 26.0243 367.97 3
      vertex 27.0191 363.709 3
      vertex 27.2868 363.804 3
    endloop
  endfacet
  facet normal 0 0 1
    outer loop
      vertex 27.5637 363.874 3
      vertex 27.4201 368.248 3
      vertex 26.7152 368.144 3
    endloop
  endfacet
  facet normal 0 -0 1
    outer loop
      vertex 27.8464 363.916 3
      vertex 28.1311 368.283 3
      vertex 27.4201 368.248 3
    endloop
  endfacet
  facet normal -0 0 1
    outer loop
      vertex 28.1306 363.929 3
      vertex 28.4156 363.915 3
      vertex 28.1311 368.283 3
    endloop
  endfacet
  facet normal 0 -0 1
    outer loop
      vertex 28.4156 363.915 3
      vertex 28.8427 368.248 3
      vertex 28.1311 368.283 3
    endloop
  endfacet
  facet normal 0 -0 1
    outer loop
      vertex 28.6983 363.874 3
      vertex 28.9947 368.225 3
      vertex 28.4156 363.915 3
    endloop
  endfacet
  facet normal 0 -0 1
    outer loop
      vertex 28.9333 363.815 3
      vertex 29.5471 368.144 3
      vertex 28.6983 363.874 3
    endloop
  endfacet
  facet normal 0 -0 1
    outer loop
      vertex 28.9748 363.805 3
      vertex 30.238 367.97 3
      vertex 28.9333 363.815 3
    endloop
  endfacet
  facet normal 0 -0 1
    outer loop
      vertex 28.9834 363.802 3
      vertex 30.238 367.97 3
      vertex 28.9788 363.804 3
    endloop
  endfacet
  facet normal 0 -0 1
    outer loop
      vertex 28.9788 363.804 3
      vertex 30.238 367.97 3
      vertex 28.9748 363.805 3
    endloop
  endfacet
  facet normal 0 -0 1
    outer loop
      vertex 28.9861 363.801 3
      vertex 30.238 367.97 3
      vertex 28.9834 363.802 3
    endloop
  endfacet
  facet normal 0 0 1
    outer loop
      vertex 30.9088 367.73 3
      vertex 28.9939 363.798 3
      vertex 29.243 363.709 3
    endloop
  endfacet
  facet normal -0 0 1
    outer loop
      vertex 29.243 363.709 3
      vertex 29.5003 363.587 3
      vertex 31.5521 367.425 3
    endloop
  endfacet
  facet normal 0 0 1
    outer loop
      vertex 30.9088 367.73 3
      vertex 29.243 363.709 3
      vertex 31.5521 367.425 3
    endloop
  endfacet
  facet normal -0 0 1
    outer loop
      vertex 29.5003 363.587 3
      vertex 29.7453 363.44 3
      vertex 32.164 367.06 3
    endloop
  endfacet
  facet normal 0 0 1
    outer loop
      vertex 32.164 367.06 3
      vertex 29.9742 363.271 3
      vertex 32.7355 366.636 3
    endloop
  endfacet
  facet normal 0 -0 1
    outer loop
      vertex 28.9748 363.804 3
      vertex 28.9748 363.805 3
      vertex 28.9333 363.815 3
    endloop
  endfacet
  facet normal 0 -0 1
    outer loop
      vertex 30.1855 363.079 3
      vertex 33.0962 366.309 3
      vertex 29.9742 363.271 3
    endloop
  endfacet
  facet normal 0 0 1
    outer loop
      vertex 29.9742 363.271 3
      vertex 33.0962 366.309 3
      vertex 32.7355 366.636 3
    endloop
  endfacet
  facet normal 0 -0 1
    outer loop
      vertex 30.3772 362.868 3
      vertex 33.2631 366.157 3
      vertex 30.1855 363.079 3
    endloop
  endfacet
  facet normal 0 0 1
    outer loop
      vertex 33.7422 365.629 3
      vertex 33.2631 366.157 3
      vertex 30.3772 362.868 3
    endloop
  endfacet
  facet normal 0 0 1
    outer loop
      vertex 33.7422 365.629 3
      vertex 30.3772 362.868 3
      vertex 34.1659 365.057 3
    endloop
  endfacet
  facet normal -0 0 1
    outer loop
      vertex 30.3772 362.868 3
      vertex 30.5462 362.639 3
      vertex 34.1659 365.057 3
    endloop
  endfacet
  facet normal 0 -0 1
    outer loop
      vertex 30.7168 362.344 3
      vertex 34.5318 364.446 3
      vertex 30.6935 362.394 3
    endloop
  endfacet
  facet normal 0 -0 1
    outer loop
      vertex 30.8155 362.136 3
      vertex 34.8367 363.802 3
      vertex 30.7168 362.344 3
    endloop
  endfacet
  facet normal 0 -0 1
    outer loop
      vertex 30.9111 361.868 3
      vertex 34.9871 363.382 3
      vertex 30.8155 362.136 3
    endloop
  endfacet
  facet normal 0 0 1
    outer loop
      vertex 35.077 363.132 3
      vertex 30.9111 361.868 3
      vertex 30.9809 361.591 3
    endloop
  endfacet
  facet normal 0 0 1
    outer loop
      vertex 35.077 363.132 3
      vertex 34.9871 363.382 3
      vertex 30.9111 361.868 3
    endloop
  endfacet
  facet normal -0 0 1
    outer loop
      vertex 31.0228 361.309 3
      vertex 35.3896 361.025 3
      vertex 35.3545 361.736 3
    endloop
  endfacet
  facet normal 0 -0 1
    outer loop
      vertex 31.0362 361.024 3
      vertex 35.3896 361.025 3
      vertex 31.0228 361.309 3
    endloop
  endfacet
  facet normal 0 0 1
    outer loop
      vertex 31.0228 360.74 3
      vertex 35.3896 361.025 3
      vertex 31.0362 361.024 3
    endloop
  endfacet
  facet normal -0 0 1
    outer loop
      vertex 30.9809 360.458 3
      vertex 35.3545 360.314 3
      vertex 31.0228 360.74 3
    endloop
  endfacet
  facet normal 0 -0 1
    outer loop
      vertex 35.2501 359.609 3
      vertex 35.3545 360.314 3
      vertex 30.9809 360.458 3
    endloop
  endfacet
  facet normal 0 0 1
    outer loop
      vertex 35.2501 359.609 3
      vertex 30.9809 360.458 3
      vertex 30.9571 360.362 3
    endloop
  endfacet
  facet normal 0 0 1
    outer loop
      vertex 35.077 358.918 3
      vertex 30.9571 360.362 3
      vertex 30.9111 360.18 3
    endloop
  endfacet
  facet normal 0 0 1
    outer loop
      vertex 34.8847 358.381 3
      vertex 30.9111 360.18 3
      vertex 30.8155 359.912 3
    endloop
  endfacet
  facet normal 0 0 1
    outer loop
      vertex 34.8847 358.381 3
      vertex 30.8155 359.912 3
      vertex 34.8366 358.247 3
    endloop
  endfacet
  facet normal 0 0 1
    outer loop
      vertex 30.8155 359.912 3
      vertex 34.5317 357.604 3
      vertex 34.8366 358.247 3
    endloop
  endfacet
  facet normal 0 0 1
    outer loop
      vertex 30.6936 359.655 3
      vertex 30.6755 359.625 3
      vertex 34.5317 357.604 3
    endloop
  endfacet
  facet normal 0 0 1
    outer loop
      vertex 30.6755 359.625 3
      vertex 34.1659 356.992 3
      vertex 34.5317 357.604 3
    endloop
  endfacet
  facet normal 0 0 1
    outer loop
      vertex 30.5463 359.41 3
      vertex 30.3773 359.181 3
      vertex 34.1659 356.992 3
    endloop
  endfacet
  facet normal 0 0 1
    outer loop
      vertex 30.3773 359.181 3
      vertex 33.7421 356.42 3
      vertex 34.1659 356.992 3
    endloop
  endfacet
  facet normal -0 0 1
    outer loop
      vertex 30.1856 358.97 3
      vertex 33.2631 355.893 3
      vertex 30.3773 359.181 3
    endloop
  endfacet
  facet normal -0 0 1
    outer loop
      vertex 29.9747 358.779 3
      vertex 33.2631 355.893 3
      vertex 30.1856 358.97 3
    endloop
  endfacet
  facet normal 0 -0 1
    outer loop
      vertex 32.7355 355.414 3
      vertex 33.2631 355.893 3
      vertex 29.9747 358.779 3
    endloop
  endfacet
  facet normal 0 0 1
    outer loop
      vertex 32.7355 355.414 3
      vertex 29.9747 358.779 3
      vertex 29.7453 358.608 3
    endloop
  endfacet
  facet normal 0 0 1
    outer loop
      vertex 32.1639 354.99 3
      vertex 29.7453 358.608 3
      vertex 31.5521 354.624 3
    endloop
  endfacet
  facet normal 0 0 1
    outer loop
      vertex 31.5521 354.624 3
      vertex 29.5003 358.462 3
      vertex 29.3288 358.381 3
    endloop
  endfacet
  facet normal 0 0 1
    outer loop
      vertex 31.5521 354.624 3
      vertex 29.3288 358.381 3
      vertex 30.9087 354.319 3
    endloop
  endfacet
  facet normal 0 0 1
    outer loop
      vertex 29.3288 358.381 3
      vertex 29.243 358.34 3
      vertex 30.9087 354.319 3
    endloop
  endfacet
  facet normal 0 0 1
    outer loop
      vertex 29.243 358.34 3
      vertex 28.9748 358.244 3
      vertex 30.2379 354.08 3
    endloop
  endfacet
  facet normal 0 0 1
    outer loop
      vertex 28.9748 358.244 3
      vertex 28.6978 358.174 3
      vertex 30.2379 354.08 3
    endloop
  endfacet
  facet normal 0 0 1
    outer loop
      vertex 28.6978 358.174 3
      vertex 28.9946 353.824 3
      vertex 29.547 353.906 3
    endloop
  endfacet
  facet normal -0 0 1
    outer loop
      vertex 28.4156 358.133 3
      vertex 28.9946 353.824 3
      vertex 28.6978 358.174 3
    endloop
  endfacet
  facet normal -0 0 1
    outer loop
      vertex 28.1309 358.118 3
      vertex 28.8427 353.802 3
      vertex 28.4156 358.133 3
    endloop
  endfacet
  facet normal 0 0 1
    outer loop
      vertex 6.50391 322.586 3
      vertex 2.19867 321.638 3
      vertex 6.55042 321.638 3
    endloop
  endfacet
  facet normal 0 0 1
    outer loop
      vertex -12.805 321.638 3
      vertex -8.45187 321.638 3
      vertex -8.42657 322.159 3
    endloop
  endfacet
  facet normal 0 0 1
    outer loop
      vertex -10.3855 311.96 3
      vertex -5.16527 316.718 3
      vertex -5.63759 316.942 3
    endloop
  endfacet
  facet normal 0 0 1
    outer loop
      vertex -10.3855 311.96 3
      vertex -4.67279 316.542 3
      vertex -5.16527 316.718 3
    endloop
  endfacet
  facet normal 0 0 1
    outer loop
      vertex -10.3855 311.96 3
      vertex -5.63759 316.942 3
      vertex -10.3855 315.252 3
    endloop
  endfacet
  facet normal 0 0 1
    outer loop
      vertex -10.3855 315.252 3
      vertex -6.08563 317.21 3
      vertex -6.50575 317.522 3
    endloop
  endfacet
  facet normal 0 0 1
    outer loop
      vertex -7.24318 318.259 3
      vertex -10.3855 315.252 3
      vertex -6.89281 317.872 3
    endloop
  endfacet
  facet normal 0 -0 1
    outer loop
      vertex -10.645 315.547 3
      vertex -7.55479 318.679 3
      vertex -11.1747 316.261 3
    endloop
  endfacet
  facet normal 0 -0 1
    outer loop
      vertex -11.1747 316.261 3
      vertex -7.5925 318.742 3
      vertex -11.662 317.076 3
    endloop
  endfacet
  facet normal 0 0 1
    outer loop
      vertex -11.662 317.076 3
      vertex -7.82401 319.127 3
      vertex -8.04724 319.6 3
    endloop
  endfacet
  facet normal 0 -0 1
    outer loop
      vertex -12.0687 317.934 3
      vertex -8.04724 319.6 3
      vertex -12.388 318.828 3
    endloop
  endfacet
  facet normal 0 -0 1
    outer loop
      vertex -12.388 318.828 3
      vertex -8.22346 320.092 3
      vertex -12.619 319.749 3
    endloop
  endfacet
  facet normal 0 -0 1
    outer loop
      vertex -12.619 319.749 3
      vertex -8.35007 320.6 3
      vertex -12.7585 320.689 3
    endloop
  endfacet
  facet normal 0 -0 1
    outer loop
      vertex -12.7585 320.689 3
      vertex -8.42657 321.116 3
      vertex -12.805 321.638 3
    endloop
  endfacet
  facet normal 0 0 1
    outer loop
      vertex -8.42657 321.116 3
      vertex -8.45187 321.638 3
      vertex -12.805 321.638 3
    endloop
  endfacet
  facet normal 0 0 1
    outer loop
      vertex -12.805 321.638 3
      vertex -8.42657 322.159 3
      vertex -12.7585 322.586 3
    endloop
  endfacet
  facet normal 0 0 1
    outer loop
      vertex -12.388 324.447 3
      vertex -12.619 323.526 3
      vertex -8.34207 322.706 3
    endloop
  endfacet
  facet normal 0 0 1
    outer loop
      vertex -12.388 324.447 3
      vertex -8.2227 323.184 3
      vertex -8.04649 323.676 3
    endloop
  endfacet
  facet normal -0 0 1
    outer loop
      vertex -12.388 324.447 3
      vertex -8.04649 323.676 3
      vertex -12.0687 325.341 3
    endloop
  endfacet
  facet normal 0 0 1
    outer loop
      vertex -8.04649 323.676 3
      vertex -11.662 326.2 3
      vertex -12.0687 325.341 3
    endloop
  endfacet
  facet normal 0 0 1
    outer loop
      vertex -7.82324 324.148 3
      vertex -11.662 326.2 3
      vertex -8.04649 323.676 3
    endloop
  endfacet
  facet normal 0 0 1
    outer loop
      vertex -11.3808 326.67 3
      vertex -11.662 326.2 3
      vertex -7.82324 324.148 3
    endloop
  endfacet
  facet normal 0 0 1
    outer loop
      vertex -11.3808 326.67 3
      vertex -7.82324 324.148 3
      vertex -7.55402 324.596 3
    endloop
  endfacet
  facet normal -0 0 1
    outer loop
      vertex -11.3808 326.67 3
      vertex -7.55402 324.596 3
      vertex -11.257 326.877 3
    endloop
  endfacet
  facet normal 0 -0 1
    outer loop
      vertex -7.55402 324.596 3
      vertex -7.2424 325.017 3
      vertex -11.0416 327.193 3
    endloop
  endfacet
  facet normal 0 0 1
    outer loop
      vertex -7.2424 325.017 3
      vertex -10.6445 327.728 3
      vertex -11.0416 327.193 3
    endloop
  endfacet
  facet normal 0 0 1
    outer loop
      vertex -6.89203 325.404 3
      vertex -10.385 328.023 3
      vertex -7.2424 325.017 3
    endloop
  endfacet
  facet normal 0 0 1
    outer loop
      vertex -10.2324 331.763 3
      vertex -4.85081 326.67 3
      vertex -4.67201 326.734 3
    endloop
  endfacet
  facet normal -0 0 1
    outer loop
      vertex -10.2324 331.763 3
      vertex -4.67201 326.734 3
      vertex -9.82619 333.071 3
    endloop
  endfacet
  facet normal 0 -0 1
    outer loop
      vertex -4.67201 326.734 3
      vertex -4.16507 326.861 3
      vertex -9.82619 333.071 3
    endloop
  endfacet
  facet normal 0 0 1
    outer loop
      vertex -4.16507 326.861 3
      vertex -9.18539 334.257 3
      vertex -9.82619 333.071 3
    endloop
  endfacet
  facet normal 0 0 1
    outer loop
      vertex -3.64882 326.937 3
      vertex -7.31161 336.144 3
      vertex -8.33791 335.291 3
    endloop
  endfacet
  facet normal 0 0 1
    outer loop
      vertex -6.13391 336.787 3
      vertex -7.31161 336.144 3
      vertex -3.64882 326.937 3
    endloop
  endfacet
  facet normal -0 0 1
    outer loop
      vertex -6.13391 336.787 3
      vertex -3.64882 326.937 3
      vertex -4.83322 337.192 3
    endloop
  endfacet
  facet normal 0 -0 1
    outer loop
      vertex -3.64882 326.937 3
      vertex -3.12689 326.963 3
      vertex -4.83322 337.192 3
    endloop
  endfacet
  facet normal 0 0 1
    outer loop
      vertex -2.60522 316.338 3
      vertex -2.71684 316.333 3
      vertex 4.13094 311.96 3
    endloop
  endfacet
  facet normal 0 0 1
    outer loop
      vertex -3.12689 326.963 3
      vertex -3.4364 337.33 3
      vertex -4.83322 337.192 3
    endloop
  endfacet
  facet normal 0 0 1
    outer loop
      vertex -2.606 326.937 3
      vertex -3.4364 337.33 3
      vertex -3.12689 326.963 3
    endloop
  endfacet
  facet normal -0 0 1
    outer loop
      vertex -4.16507 326.861 3
      vertex -4.16559 326.86 3
      vertex -3.64882 326.937 3
    endloop
  endfacet
  facet normal 0 0 1
    outer loop
      vertex -2.08925 326.861 3
      vertex 4.13098 332.526 3
      vertex -0.660339 337.315 3
    endloop
  endfacet
  facet normal 0 0 1
    outer loop
      vertex 4.13098 332.526 3
      vertex -1.40349 326.67 3
      vertex -1.08983 326.558 3
    endloop
  endfacet
  facet normal 0 -0 1
    outer loop
      vertex -0.169464 326.065 3
      vertex 4.13098 328.023 3
      vertex -0.617508 326.334 3
    endloop
  endfacet
  facet normal -0 0 1
    outer loop
      vertex 0.250671 325.754 3
      vertex 0.637726 325.404 3
      vertex 4.13098 328.023 3
    endloop
  endfacet
  facet normal 0 0 1
    outer loop
      vertex 4.13098 328.023 3
      vertex 0.988083 325.016 3
      vertex 4.3537 327.777 3
    endloop
  endfacet
  facet normal -0 0 1
    outer loop
      vertex 0.988083 325.016 3
      vertex 1.2997 324.596 3
      vertex 4.3537 327.777 3
    endloop
  endfacet
  facet normal -0 0 1
    outer loop
      vertex 1.2997 324.596 3
      vertex 1.56892 324.148 3
      vertex 5.12625 326.67 3
    endloop
  endfacet
  facet normal 0 0 1
    outer loop
      vertex 4.92007 327.015 3
      vertex 1.2997 324.596 3
      vertex 5.12625 326.67 3
    endloop
  endfacet
  facet normal 0 0 1
    outer loop
      vertex 5.21095 326.528 3
      vertex 1.56892 324.148 3
      vertex 5.40733 326.2 3
    endloop
  endfacet
  facet normal 0 0 1
    outer loop
      vertex 5.40733 326.2 3
      vertex 1.79218 323.676 3
      vertex 5.81403 325.341 3
    endloop
  endfacet
  facet normal -0 0 1
    outer loop
      vertex 1.79218 323.676 3
      vertex 1.96838 323.183 3
      vertex 6.13339 324.447 3
    endloop
  endfacet
  facet normal 0 0 1
    outer loop
      vertex 6.13339 324.447 3
      vertex 2.08777 322.706 3
      vertex 6.36438 323.526 3
    endloop
  endfacet
  facet normal 0 0 1
    outer loop
      vertex 6.36438 323.526 3
      vertex 2.09576 322.676 3
      vertex 6.50391 322.586 3
    endloop
  endfacet
  facet normal 0 0 1
    outer loop
      vertex 6.50391 322.586 3
      vertex 2.17227 322.16 3
      vertex 2.19867 321.638 3
    endloop
  endfacet
  facet normal -0 0 1
    outer loop
      vertex 2.19867 321.638 3
      vertex 6.50391 320.689 3
      vertex 6.55042 321.638 3
    endloop
  endfacet
  facet normal 0 0 1
    outer loop
      vertex 2.17227 321.116 3
      vertex 2.09576 320.6 3
      vertex 6.50391 320.689 3
    endloop
  endfacet
  facet normal 0 0 1
    outer loop
      vertex 2.09576 320.6 3
      vertex 1.96916 320.092 3
      vertex 6.36438 319.749 3
    endloop
  endfacet
  facet normal 0 0 1
    outer loop
      vertex 1.96916 320.092 3
      vertex 1.79294 319.6 3
      vertex 6.13339 318.828 3
    endloop
  endfacet
  facet normal 0 0 1
    outer loop
      vertex 1.79294 319.6 3
      vertex 5.81403 317.934 3
      vertex 6.13339 318.828 3
    endloop
  endfacet
  facet normal 0 -0 1
    outer loop
      vertex 5.40733 317.076 3
      vertex 5.81403 317.934 3
      vertex 1.79294 319.6 3
    endloop
  endfacet
  facet normal 0 0 1
    outer loop
      vertex 5.40733 317.076 3
      vertex 1.79294 319.6 3
      vertex 1.5697 319.127 3
    endloop
  endfacet
  facet normal 0 0 1
    outer loop
      vertex 5.40733 317.076 3
      vertex 1.5697 319.127 3
      vertex 5.21095 316.747 3
    endloop
  endfacet
  facet normal 0 0 1
    outer loop
      vertex 1.5697 319.127 3
      vertex 1.3382 318.742 3
      vertex 5.21095 316.747 3
    endloop
  endfacet
  facet normal 0 0 1
    outer loop
      vertex 1.3382 318.742 3
      vertex 4.92001 316.261 3
      vertex 5.21095 316.747 3
    endloop
  endfacet
  facet normal -0 0 1
    outer loop
      vertex 1.30049 318.679 3
      vertex 4.92001 316.261 3
      vertex 1.3382 318.742 3
    endloop
  endfacet
  facet normal 0 -0 1
    outer loop
      vertex 4.35365 315.498 3
      vertex 4.92001 316.261 3
      vertex 1.30049 318.679 3
    endloop
  endfacet
  facet normal 0 0 1
    outer loop
      vertex 4.35365 315.498 3
      vertex 1.30049 318.679 3
      vertex 0.988876 318.26 3
    endloop
  endfacet
  facet normal 0 0 1
    outer loop
      vertex 4.35365 315.498 3
      vertex 0.988876 318.26 3
      vertex 4.13094 315.253 3
    endloop
  endfacet
  facet normal 0 0 1
    outer loop
      vertex 0.988876 318.26 3
      vertex 0.638504 317.872 3
      vertex 4.13094 315.253 3
    endloop
  endfacet
  facet normal 0 0 1
    outer loop
      vertex 0.638504 317.872 3
      vertex 0.251465 317.522 3
      vertex 4.13094 315.253 3
    endloop
  endfacet
  facet normal 0 0 1
    outer loop
      vertex 4.13094 315.253 3
      vertex -0.168167 317.211 3
      vertex -0.616714 316.941 3
    endloop
  endfacet
  facet normal 0 0 1
    outer loop
      vertex 4.13094 315.253 3
      vertex -0.616714 316.941 3
      vertex 4.13094 311.96 3
    endloop
  endfacet
  facet normal 0 0 1
    outer loop
      vertex -0.616714 316.941 3
      vertex -1.08852 316.718 3
      vertex 4.13094 311.96 3
    endloop
  endfacet
  facet normal 0 0 1
    outer loop
      vertex -1.08852 316.718 3
      vertex -1.58151 316.542 3
      vertex 4.13094 311.96 3
    endloop
  endfacet
  facet normal 0 0 1
    outer loop
      vertex -1.58151 316.542 3
      vertex -2.08846 316.415 3
      vertex 4.13094 311.96 3
    endloop
  endfacet
  facet normal 0 0 1
    outer loop
      vertex -2.08846 316.415 3
      vertex -2.60522 316.338 3
      vertex 4.13094 311.96 3
    endloop
  endfacet
  facet normal 0 0 1
    outer loop
      vertex -2.71684 316.333 3
      vertex -3.12715 316.313 3
      vertex 4.13094 311.96 3
    endloop
  endfacet
  facet normal 0 -1 0
    outer loop
      vertex 4.08023 288.885 0
      vertex 0.303192 288.885 3
      vertex 0.303192 288.885 0
    endloop
  endfacet
  facet normal 0 -1 0
    outer loop
      vertex 4.08023 288.885 0
      vertex 4.08023 288.885 3
      vertex 0.303192 288.885 3
    endloop
  endfacet
  facet normal 0.999998 -0.00219761 0
    outer loop
      vertex 4.13094 311.96 0
      vertex 4.08023 288.885 3
      vertex 4.08023 288.885 0
    endloop
  endfacet
  facet normal 0.999998 -0.00219761 0
    outer loop
      vertex 4.13094 311.96 0
      vertex 4.13094 311.96 3
      vertex 4.08023 288.885 3
    endloop
  endfacet
  facet normal 1 0 0
    outer loop
      vertex 4.13094 315.253 0
      vertex 4.13094 311.96 3
      vertex 4.13094 311.96 0
    endloop
  endfacet
  facet normal 1 0 -0
    outer loop
      vertex 4.13094 315.253 0
      vertex 4.13094 315.253 3
      vertex 4.13094 311.96 3
    endloop
  endfacet
  facet normal 0.739966 -0.672644 0
    outer loop
      vertex 4.35365 315.498 0
      vertex 4.13094 315.253 3
      vertex 4.13094 315.253 0
    endloop
  endfacet
  facet normal 0.739966 -0.672644 0
    outer loop
      vertex 4.35365 315.498 0
      vertex 4.35365 315.498 3
      vertex 4.13094 315.253 3
    endloop
  endfacet
  facet normal 0.802965 -0.596026 0
    outer loop
      vertex 4.92001 316.261 0
      vertex 4.35365 315.498 3
      vertex 4.35365 315.498 0
    endloop
  endfacet
  facet normal 0.802965 -0.596026 0
    outer loop
      vertex 4.92001 316.261 0
      vertex 4.92001 316.261 3
      vertex 4.35365 315.498 3
    endloop
  endfacet
  facet normal 0.858007 -0.513639 0
    outer loop
      vertex 5.21095 316.747 0
      vertex 4.92001 316.261 3
      vertex 4.92001 316.261 0
    endloop
  endfacet
  facet normal 0.858007 -0.513639 0
    outer loop
      vertex 5.21095 316.747 0
      vertex 5.21095 316.747 3
      vertex 4.92001 316.261 3
    endloop
  endfacet
  facet normal 0.858665 -0.512537 0
    outer loop
      vertex 5.40733 317.076 0
      vertex 5.21095 316.747 3
      vertex 5.21095 316.747 0
    endloop
  endfacet
  facet normal 0.858665 -0.512537 0
    outer loop
      vertex 5.40733 317.076 0
      vertex 5.40733 317.076 3
      vertex 5.21095 316.747 3
    endloop
  endfacet
  facet normal 0.903624 -0.428326 0
    outer loop
      vertex 5.81403 317.934 0
      vertex 5.40733 317.076 3
      vertex 5.40733 317.076 0
    endloop
  endfacet
  facet normal 0.903624 -0.428326 0
    outer loop
      vertex 5.81403 317.934 0
      vertex 5.81403 317.934 3
      vertex 5.40733 317.076 3
    endloop
  endfacet
  facet normal 0.941717 -0.336406 0
    outer loop
      vertex 6.13339 318.828 0
      vertex 5.81403 317.934 3
      vertex 5.81403 317.934 0
    endloop
  endfacet
  facet normal 0.941717 -0.336406 0
    outer loop
      vertex 6.13339 318.828 0
      vertex 6.13339 318.828 3
      vertex 5.81403 317.934 3
    endloop
  endfacet
  facet normal 0.969959 -0.243269 0
    outer loop
      vertex 6.36438 319.749 0
      vertex 6.13339 318.828 3
      vertex 6.13339 318.828 0
    endloop
  endfacet
  facet normal 0.969959 -0.243269 0
    outer loop
      vertex 6.36438 319.749 0
      vertex 6.36438 319.749 3
      vertex 6.13339 318.828 3
    endloop
  endfacet
  facet normal 0.989162 -0.146827 0
    outer loop
      vertex 6.50391 320.689 0
      vertex 6.36438 319.749 3
      vertex 6.36438 319.749 0
    endloop
  endfacet
  facet normal 0.989162 -0.146827 0
    outer loop
      vertex 6.50391 320.689 0
      vertex 6.50391 320.689 3
      vertex 6.36438 319.749 3
    endloop
  endfacet
  facet normal 0.998801 -0.0489507 0
    outer loop
      vertex 6.55042 321.638 0
      vertex 6.50391 320.689 3
      vertex 6.50391 320.689 0
    endloop
  endfacet
  facet normal 0.998801 -0.0489507 0
    outer loop
      vertex 6.55042 321.638 0
      vertex 6.55042 321.638 3
      vertex 6.50391 320.689 3
    endloop
  endfacet
  facet normal 0.998799 0.0490022 0
    outer loop
      vertex 6.50391 322.586 0
      vertex 6.55042 321.638 3
      vertex 6.55042 321.638 0
    endloop
  endfacet
  facet normal 0.998799 0.0490022 -0
    outer loop
      vertex 6.50391 322.586 0
      vertex 6.50391 322.586 3
      vertex 6.55042 321.638 3
    endloop
  endfacet
  facet normal 0.989162 0.146827 0
    outer loop
      vertex 6.36438 323.526 0
      vertex 6.50391 322.586 3
      vertex 6.50391 322.586 0
    endloop
  endfacet
  facet normal 0.989162 0.146827 -0
    outer loop
      vertex 6.36438 323.526 0
      vertex 6.36438 323.526 3
      vertex 6.50391 322.586 3
    endloop
  endfacet
  facet normal 0.969959 0.243269 0
    outer loop
      vertex 6.13339 324.447 0
      vertex 6.36438 323.526 3
      vertex 6.36438 323.526 0
    endloop
  endfacet
  facet normal 0.969959 0.243269 -0
    outer loop
      vertex 6.13339 324.447 0
      vertex 6.13339 324.447 3
      vertex 6.36438 323.526 3
    endloop
  endfacet
  facet normal 0.941717 0.336406 0
    outer loop
      vertex 5.81403 325.341 0
      vertex 6.13339 324.447 3
      vertex 6.13339 324.447 0
    endloop
  endfacet
  facet normal 0.941717 0.336406 -0
    outer loop
      vertex 5.81403 325.341 0
      vertex 5.81403 325.341 3
      vertex 6.13339 324.447 3
    endloop
  endfacet
  facet normal 0.903817 0.427919 0
    outer loop
      vertex 5.40733 326.2 0
      vertex 5.81403 325.341 3
      vertex 5.81403 325.341 0
    endloop
  endfacet
  facet normal 0.903817 0.427919 -0
    outer loop
      vertex 5.40733 326.2 0
      vertex 5.40733 326.2 3
      vertex 5.81403 325.341 3
    endloop
  endfacet
  facet normal 0.857977 0.513688 0
    outer loop
      vertex 5.21095 326.528 0
      vertex 5.40733 326.2 3
      vertex 5.40733 326.2 0
    endloop
  endfacet
  facet normal 0.857977 0.513688 -0
    outer loop
      vertex 5.21095 326.528 0
      vertex 5.21095 326.528 3
      vertex 5.40733 326.2 3
    endloop
  endfacet
  facet normal 0.858824 0.51227 0
    outer loop
      vertex 5.12625 326.67 0
      vertex 5.21095 326.528 3
      vertex 5.21095 326.528 0
    endloop
  endfacet
  facet normal 0.858824 0.51227 -0
    outer loop
      vertex 5.12625 326.67 0
      vertex 5.12625 326.67 3
      vertex 5.21095 326.528 3
    endloop
  endfacet
  facet normal 0.858392 0.512995 0
    outer loop
      vertex 4.92007 327.015 0
      vertex 5.12625 326.67 3
      vertex 5.12625 326.67 0
    endloop
  endfacet
  facet normal 0.858392 0.512995 -0
    outer loop
      vertex 4.92007 327.015 0
      vertex 4.92007 327.015 3
      vertex 5.12625 326.67 3
    endloop
  endfacet
  facet normal 0.802586 0.596536 0
    outer loop
      vertex 4.3537 327.777 0
      vertex 4.92007 327.015 3
      vertex 4.92007 327.015 0
    endloop
  endfacet
  facet normal 0.802586 0.596536 -0
    outer loop
      vertex 4.3537 327.777 0
      vertex 4.3537 327.777 3
      vertex 4.92007 327.015 3
    endloop
  endfacet
  facet normal 0.741313 0.671159 0
    outer loop
      vertex 4.13098 328.023 0
      vertex 4.3537 327.777 3
      vertex 4.3537 327.777 0
    endloop
  endfacet
  facet normal 0.741313 0.671159 -0
    outer loop
      vertex 4.13098 328.023 0
      vertex 4.13098 328.023 3
      vertex 4.3537 327.777 3
    endloop
  endfacet
  facet normal 1 0 0
    outer loop
      vertex 4.13098 332.526 0
      vertex 4.13098 328.023 3
      vertex 4.13098 328.023 0
    endloop
  endfacet
  facet normal 1 0 -0
    outer loop
      vertex 4.13098 332.526 0
      vertex 4.13098 332.526 3
      vertex 4.13098 328.023 3
    endloop
  endfacet
  facet normal 0.707111 -0.707102 0
    outer loop
      vertex 25.5007 353.896 0
      vertex 4.13098 332.526 3
      vertex 4.13098 332.526 0
    endloop
  endfacet
  facet normal 0.707111 -0.707102 0
    outer loop
      vertex 25.5007 353.896 0
      vertex 25.5007 353.896 3
      vertex 4.13098 332.526 3
    endloop
  endfacet
  facet normal 0.704113 -0.710088 0
    outer loop
      vertex 25.6671 354.061 0
      vertex 25.5007 353.896 3
      vertex 25.5007 353.896 0
    endloop
  endfacet
  facet normal 0.704113 -0.710088 0
    outer loop
      vertex 25.6671 354.061 0
      vertex 25.6671 354.061 3
      vertex 25.5007 353.896 3
    endloop
  endfacet
  facet normal 0.707929 -0.706283 0
    outer loop
      vertex 25.7529 354.147 0
      vertex 25.6671 354.061 3
      vertex 25.6671 354.061 0
    endloop
  endfacet
  facet normal 0.707929 -0.706283 0
    outer loop
      vertex 25.7529 354.147 0
      vertex 25.7529 354.147 3
      vertex 25.6671 354.061 3
    endloop
  endfacet
  facet normal 0.720078 -0.693893 0
    outer loop
      vertex 25.7741 354.169 0
      vertex 25.7529 354.147 3
      vertex 25.7529 354.147 0
    endloop
  endfacet
  facet normal 0.720078 -0.693893 0
    outer loop
      vertex 25.7741 354.169 0
      vertex 25.7741 354.169 3
      vertex 25.7529 354.147 3
    endloop
  endfacet
  facet normal -0.335262 -0.942125 0
    outer loop
      vertex 26.0242 354.08 0
      vertex 25.7741 354.169 3
      vertex 25.7741 354.169 0
    endloop
  endfacet
  facet normal -0.335262 -0.942125 0
    outer loop
      vertex 26.0242 354.08 0
      vertex 26.0242 354.08 3
      vertex 25.7741 354.169 3
    endloop
  endfacet
  facet normal -0.244186 -0.969728 0
    outer loop
      vertex 26.7152 353.906 0
      vertex 26.0242 354.08 3
      vertex 26.0242 354.08 0
    endloop
  endfacet
  facet normal -0.244186 -0.969728 0
    outer loop
      vertex 26.7152 353.906 0
      vertex 26.7152 353.906 3
      vertex 26.0242 354.08 3
    endloop
  endfacet
  facet normal -0.145979 -0.989288 0
    outer loop
      vertex 27.42 353.802 0
      vertex 26.7152 353.906 3
      vertex 26.7152 353.906 0
    endloop
  endfacet
  facet normal -0.145979 -0.989288 0
    outer loop
      vertex 27.42 353.802 0
      vertex 27.42 353.802 3
      vertex 26.7152 353.906 3
    endloop
  endfacet
  facet normal -0.04916 -0.998791 0
    outer loop
      vertex 28.1311 353.767 0
      vertex 27.42 353.802 3
      vertex 27.42 353.802 0
    endloop
  endfacet
  facet normal -0.04916 -0.998791 0
    outer loop
      vertex 28.1311 353.767 0
      vertex 28.1311 353.767 3
      vertex 27.42 353.802 3
    endloop
  endfacet
  facet normal 0.0491256 -0.998793 0
    outer loop
      vertex 28.8427 353.802 0
      vertex 28.1311 353.767 3
      vertex 28.1311 353.767 0
    endloop
  endfacet
  facet normal 0.0491256 -0.998793 0
    outer loop
      vertex 28.8427 353.802 0
      vertex 28.8427 353.802 3
      vertex 28.1311 353.767 3
    endloop
  endfacet
  facet normal 0.143337 -0.989674 0
    outer loop
      vertex 28.9946 353.824 0
      vertex 28.8427 353.802 3
      vertex 28.8427 353.802 0
    endloop
  endfacet
  facet normal 0.143337 -0.989674 0
    outer loop
      vertex 28.9946 353.824 0
      vertex 28.9946 353.824 3
      vertex 28.8427 353.802 3
    endloop
  endfacet
  facet normal 0.146834 -0.989161 0
    outer loop
      vertex 29.547 353.906 0
      vertex 28.9946 353.824 3
      vertex 28.9946 353.824 0
    endloop
  endfacet
  facet normal 0.146834 -0.989161 0
    outer loop
      vertex 29.547 353.906 0
      vertex 29.547 353.906 3
      vertex 28.9946 353.824 3
    endloop
  endfacet
  facet normal 0.24422 -0.96972 0
    outer loop
      vertex 30.2379 354.08 0
      vertex 29.547 353.906 3
      vertex 29.547 353.906 0
    endloop
  endfacet
  facet normal 0.24422 -0.96972 0
    outer loop
      vertex 30.2379 354.08 0
      vertex 30.2379 354.08 3
      vertex 29.547 353.906 3
    endloop
  endfacet
  facet normal 0.335625 -0.941996 0
    outer loop
      vertex 30.9087 354.319 0
      vertex 30.2379 354.08 3
      vertex 30.2379 354.08 0
    endloop
  endfacet
  facet normal 0.335625 -0.941996 0
    outer loop
      vertex 30.9087 354.319 0
      vertex 30.9087 354.319 3
      vertex 30.2379 354.08 3
    endloop
  endfacet
  facet normal 0.428352 -0.903612 0
    outer loop
      vertex 31.5521 354.624 0
      vertex 30.9087 354.319 3
      vertex 30.9087 354.319 0
    endloop
  endfacet
  facet normal 0.428352 -0.903612 0
    outer loop
      vertex 31.5521 354.624 0
      vertex 31.5521 354.624 3
      vertex 30.9087 354.319 3
    endloop
  endfacet
  facet normal 0.513381 -0.858161 0
    outer loop
      vertex 32.1639 354.99 0
      vertex 31.5521 354.624 3
      vertex 31.5521 354.624 0
    endloop
  endfacet
  facet normal 0.513381 -0.858161 0
    outer loop
      vertex 32.1639 354.99 0
      vertex 32.1639 354.99 3
      vertex 31.5521 354.624 3
    endloop
  endfacet
  facet normal 0.595765 -0.803159 0
    outer loop
      vertex 32.7355 355.414 0
      vertex 32.1639 354.99 3
      vertex 32.1639 354.99 0
    endloop
  endfacet
  facet normal 0.595765 -0.803159 0
    outer loop
      vertex 32.7355 355.414 0
      vertex 32.7355 355.414 3
      vertex 32.1639 354.99 3
    endloop
  endfacet
  facet normal 0.672184 -0.740384 0
    outer loop
      vertex 33.2631 355.893 0
      vertex 32.7355 355.414 3
      vertex 32.7355 355.414 0
    endloop
  endfacet
  facet normal 0.672184 -0.740384 0
    outer loop
      vertex 33.2631 355.893 0
      vertex 33.2631 355.893 3
      vertex 32.7355 355.414 3
    endloop
  endfacet
  facet normal 0.740004 -0.672603 0
    outer loop
      vertex 33.7421 356.42 0
      vertex 33.2631 355.893 3
      vertex 33.2631 355.893 0
    endloop
  endfacet
  facet normal 0.740004 -0.672603 0
    outer loop
      vertex 33.7421 356.42 0
      vertex 33.7421 356.42 3
      vertex 33.2631 355.893 3
    endloop
  endfacet
  facet normal 0.803492 -0.595315 0
    outer loop
      vertex 34.1659 356.992 0
      vertex 33.7421 356.42 3
      vertex 33.7421 356.42 0
    endloop
  endfacet
  facet normal 0.803492 -0.595315 0
    outer loop
      vertex 34.1659 356.992 0
      vertex 34.1659 356.992 3
      vertex 33.7421 356.42 3
    endloop
  endfacet
  facet normal 0.858358 -0.513051 0
    outer loop
      vertex 34.5317 357.604 0
      vertex 34.1659 356.992 3
      vertex 34.1659 356.992 0
    endloop
  endfacet
  facet normal 0.858358 -0.513051 0
    outer loop
      vertex 34.5317 357.604 0
      vertex 34.5317 357.604 3
      vertex 34.1659 356.992 3
    endloop
  endfacet
  facet normal 0.903563 -0.428455 0
    outer loop
      vertex 34.8366 358.247 0
      vertex 34.5317 357.604 3
      vertex 34.5317 357.604 0
    endloop
  endfacet
  facet normal 0.903563 -0.428455 0
    outer loop
      vertex 34.8366 358.247 0
      vertex 34.8366 358.247 3
      vertex 34.5317 357.604 3
    endloop
  endfacet
  facet normal 0.9412 -0.337849 0
    outer loop
      vertex 34.8847 358.381 0
      vertex 34.8366 358.247 3
      vertex 34.8366 358.247 0
    endloop
  endfacet
  facet normal 0.9412 -0.337849 0
    outer loop
      vertex 34.8847 358.381 0
      vertex 34.8847 358.381 3
      vertex 34.8366 358.247 3
    endloop
  endfacet
  facet normal 0.941456 -0.337136 0
    outer loop
      vertex 35.077 358.918 0
      vertex 34.8847 358.381 3
      vertex 34.8847 358.381 0
    endloop
  endfacet
  facet normal 0.941456 -0.337136 0
    outer loop
      vertex 35.077 358.918 0
      vertex 35.077 358.918 3
      vertex 34.8847 358.381 3
    endloop
  endfacet
  facet normal 0.970027 -0.242998 0
    outer loop
      vertex 35.2501 359.609 0
      vertex 35.077 358.918 3
      vertex 35.077 358.918 0
    endloop
  endfacet
  facet normal 0.970027 -0.242998 0
    outer loop
      vertex 35.2501 359.609 0
      vertex 35.2501 359.609 3
      vertex 35.077 358.918 3
    endloop
  endfacet
  facet normal 0.989213 -0.146488 0
    outer loop
      vertex 35.3545 360.314 0
      vertex 35.2501 359.609 3
      vertex 35.2501 359.609 0
    endloop
  endfacet
  facet normal 0.989213 -0.146488 0
    outer loop
      vertex 35.3545 360.314 0
      vertex 35.3545 360.314 3
      vertex 35.2501 359.609 3
    endloop
  endfacet
  facet normal 0.998784 -0.049307 0
    outer loop
      vertex 35.3896 361.025 0
      vertex 35.3545 360.314 3
      vertex 35.3545 360.314 0
    endloop
  endfacet
  facet normal 0.998784 -0.049307 0
    outer loop
      vertex 35.3896 361.025 0
      vertex 35.3896 361.025 3
      vertex 35.3545 360.314 3
    endloop
  endfacet
  facet normal 0.998784 0.049307 0
    outer loop
      vertex 35.3545 361.736 0
      vertex 35.3896 361.025 3
      vertex 35.3896 361.025 0
    endloop
  endfacet
  facet normal 0.998784 0.049307 -0
    outer loop
      vertex 35.3545 361.736 0
      vertex 35.3545 361.736 3
      vertex 35.3896 361.025 3
    endloop
  endfacet
  facet normal 0.989213 0.146488 0
    outer loop
      vertex 35.2501 362.441 0
      vertex 35.3545 361.736 3
      vertex 35.3545 361.736 0
    endloop
  endfacet
  facet normal 0.989213 0.146488 -0
    outer loop
      vertex 35.2501 362.441 0
      vertex 35.2501 362.441 3
      vertex 35.3545 361.736 3
    endloop
  endfacet
  facet normal 0.970027 0.242998 0
    outer loop
      vertex 35.077 363.132 0
      vertex 35.2501 362.441 3
      vertex 35.2501 362.441 0
    endloop
  endfacet
  facet normal 0.970027 0.242998 -0
    outer loop
      vertex 35.077 363.132 0
      vertex 35.077 363.132 3
      vertex 35.2501 362.441 3
    endloop
  endfacet
  facet normal 0.941007 0.338386 0
    outer loop
      vertex 34.9871 363.382 0
      vertex 35.077 363.132 3
      vertex 35.077 363.132 0
    endloop
  endfacet
  facet normal 0.941007 0.338386 -0
    outer loop
      vertex 34.9871 363.382 0
      vertex 34.9871 363.382 3
      vertex 35.077 363.132 3
    endloop
  endfacet
  facet normal 0.941458 0.337131 0
    outer loop
      vertex 34.8367 363.802 0
      vertex 34.9871 363.382 3
      vertex 34.9871 363.382 0
    endloop
  endfacet
  facet normal 0.941458 0.337131 -0
    outer loop
      vertex 34.8367 363.802 0
      vertex 34.8367 363.802 3
      vertex 34.9871 363.382 3
    endloop
  endfacet
  facet normal 0.903821 0.427911 0
    outer loop
      vertex 34.5318 364.446 0
      vertex 34.8367 363.802 3
      vertex 34.8367 363.802 0
    endloop
  endfacet
  facet normal 0.903821 0.427911 -0
    outer loop
      vertex 34.5318 364.446 0
      vertex 34.5318 364.446 3
      vertex 34.8367 363.802 3
    endloop
  endfacet
  facet normal 0.857926 0.513773 0
    outer loop
      vertex 34.1659 365.057 0
      vertex 34.5318 364.446 3
      vertex 34.5318 364.446 0
    endloop
  endfacet
  facet normal 0.857926 0.513773 -0
    outer loop
      vertex 34.1659 365.057 0
      vertex 34.1659 365.057 3
      vertex 34.5318 364.446 3
    endloop
  endfacet
  facet normal 0.80356 0.595224 0
    outer loop
      vertex 33.7422 365.629 0
      vertex 34.1659 365.057 3
      vertex 34.1659 365.057 0
    endloop
  endfacet
  facet normal 0.80356 0.595224 -0
    outer loop
      vertex 33.7422 365.629 0
      vertex 33.7422 365.629 3
      vertex 34.1659 365.057 3
    endloop
  endfacet
  facet normal 0.740568 0.671981 0
    outer loop
      vertex 33.2631 366.157 0
      vertex 33.7422 365.629 3
      vertex 33.7422 365.629 0
    endloop
  endfacet
  facet normal 0.740568 0.671981 -0
    outer loop
      vertex 33.2631 366.157 0
      vertex 33.2631 366.157 3
      vertex 33.7422 365.629 3
    endloop
  endfacet
  facet normal 0.673334 0.739338 0
    outer loop
      vertex 33.0962 366.309 0
      vertex 33.2631 366.157 3
      vertex 33.2631 366.157 0
    endloop
  endfacet
  facet normal 0.673334 0.739338 -0
    outer loop
      vertex 33.0962 366.309 0
      vertex 33.0962 366.309 3
      vertex 33.2631 366.157 3
    endloop
  endfacet
  facet normal 0.67165 0.740869 0
    outer loop
      vertex 32.7355 366.636 0
      vertex 33.0962 366.309 3
      vertex 33.0962 366.309 0
    endloop
  endfacet
  facet normal 0.67165 0.740869 -0
    outer loop
      vertex 32.7355 366.636 0
      vertex 32.7355 366.636 3
      vertex 33.0962 366.309 3
    endloop
  endfacet
  facet normal 0.595832 0.803109 0
    outer loop
      vertex 32.164 367.06 0
      vertex 32.7355 366.636 3
      vertex 32.7355 366.636 0
    endloop
  endfacet
  facet normal 0.595832 0.803109 -0
    outer loop
      vertex 32.164 367.06 0
      vertex 32.164 367.06 3
      vertex 32.7355 366.636 3
    endloop
  endfacet
  facet normal 0.512286 0.858815 0
    outer loop
      vertex 31.5521 367.425 0
      vertex 32.164 367.06 3
      vertex 32.164 367.06 0
    endloop
  endfacet
  facet normal 0.512286 0.858815 -0
    outer loop
      vertex 31.5521 367.425 0
      vertex 31.5521 367.425 3
      vertex 32.164 367.06 3
    endloop
  endfacet
  facet normal 0.428406 0.903586 0
    outer loop
      vertex 30.9088 367.73 0
      vertex 31.5521 367.425 3
      vertex 31.5521 367.425 0
    endloop
  endfacet
  facet normal 0.428406 0.903586 -0
    outer loop
      vertex 30.9088 367.73 0
      vertex 30.9088 367.73 3
      vertex 31.5521 367.425 3
    endloop
  endfacet
  facet normal 0.33687 0.941551 0
    outer loop
      vertex 30.238 367.97 0
      vertex 30.9088 367.73 3
      vertex 30.9088 367.73 0
    endloop
  endfacet
  facet normal 0.33687 0.941551 -0
    outer loop
      vertex 30.238 367.97 0
      vertex 30.238 367.97 3
      vertex 30.9088 367.73 3
    endloop
  endfacet
  facet normal 0.24422 0.96972 0
    outer loop
      vertex 29.5471 368.144 0
      vertex 30.238 367.97 3
      vertex 30.238 367.97 0
    endloop
  endfacet
  facet normal 0.24422 0.96972 -0
    outer loop
      vertex 29.5471 368.144 0
      vertex 29.5471 368.144 3
      vertex 30.238 367.97 3
    endloop
  endfacet
  facet normal 0.145081 0.98942 0
    outer loop
      vertex 28.9947 368.225 0
      vertex 29.5471 368.144 3
      vertex 29.5471 368.144 0
    endloop
  endfacet
  facet normal 0.145081 0.98942 -0
    outer loop
      vertex 28.9947 368.225 0
      vertex 28.9947 368.225 3
      vertex 29.5471 368.144 3
    endloop
  endfacet
  facet normal 0.149613 0.988745 0
    outer loop
      vertex 28.8427 368.248 0
      vertex 28.9947 368.225 3
      vertex 28.9947 368.225 0
    endloop
  endfacet
  facet normal 0.149613 0.988745 -0
    outer loop
      vertex 28.8427 368.248 0
      vertex 28.8427 368.248 3
      vertex 28.9947 368.225 3
    endloop
  endfacet
  facet normal 0.0491256 0.998793 0
    outer loop
      vertex 28.1311 368.283 0
      vertex 28.8427 368.248 3
      vertex 28.8427 368.248 0
    endloop
  endfacet
  facet normal 0.0491256 0.998793 -0
    outer loop
      vertex 28.1311 368.283 0
      vertex 28.1311 368.283 3
      vertex 28.8427 368.248 3
    endloop
  endfacet
  facet normal -0.0491669 0.998791 0
    outer loop
      vertex 27.4201 368.248 0
      vertex 28.1311 368.283 3
      vertex 28.1311 368.283 0
    endloop
  endfacet
  facet normal -0.0491669 0.998791 0
    outer loop
      vertex 27.4201 368.248 0
      vertex 27.4201 368.248 3
      vertex 28.1311 368.283 3
    endloop
  endfacet
  facet normal -0.145959 0.989291 0
    outer loop
      vertex 26.7152 368.144 0
      vertex 27.4201 368.248 3
      vertex 27.4201 368.248 0
    endloop
  endfacet
  facet normal -0.145959 0.989291 0
    outer loop
      vertex 26.7152 368.144 0
      vertex 26.7152 368.144 3
      vertex 27.4201 368.248 3
    endloop
  endfacet
  facet normal -0.24422 0.96972 0
    outer loop
      vertex 26.0243 367.97 0
      vertex 26.7152 368.144 3
      vertex 26.7152 368.144 0
    endloop
  endfacet
  facet normal -0.24422 0.96972 0
    outer loop
      vertex 26.0243 367.97 0
      vertex 26.0243 367.97 3
      vertex 26.7152 368.144 3
    endloop
  endfacet
  facet normal -0.337137 0.941456 0
    outer loop
      vertex 25.3541 367.73 0
      vertex 26.0243 367.97 3
      vertex 26.0243 367.97 0
    endloop
  endfacet
  facet normal -0.337137 0.941456 0
    outer loop
      vertex 25.3541 367.73 0
      vertex 25.3541 367.73 3
      vertex 26.0243 367.97 3
    endloop
  endfacet
  facet normal -0.42808 0.903741 0
    outer loop
      vertex 24.7102 367.425 0
      vertex 25.3541 367.73 3
      vertex 25.3541 367.73 0
    endloop
  endfacet
  facet normal -0.42808 0.903741 0
    outer loop
      vertex 24.7102 367.425 0
      vertex 24.7102 367.425 3
      vertex 25.3541 367.73 3
    endloop
  endfacet
  facet normal -0.512656 0.858594 0
    outer loop
      vertex 24.0989 367.06 0
      vertex 24.7102 367.425 3
      vertex 24.7102 367.425 0
    endloop
  endfacet
  facet normal -0.512656 0.858594 0
    outer loop
      vertex 24.0989 367.06 0
      vertex 24.0989 367.06 3
      vertex 24.7102 367.425 3
    endloop
  endfacet
  facet normal -0.595429 0.803408 0
    outer loop
      vertex 23.5268 366.636 0
      vertex 24.0989 367.06 3
      vertex 24.0989 367.06 0
    endloop
  endfacet
  facet normal -0.595429 0.803408 0
    outer loop
      vertex 23.5268 366.636 0
      vertex 23.5268 366.636 3
      vertex 24.0989 367.06 3
    endloop
  endfacet
  facet normal -0.672161 0.740405 0
    outer loop
      vertex 23.1666 366.309 0
      vertex 23.5268 366.636 3
      vertex 23.5268 366.636 0
    endloop
  endfacet
  facet normal -0.672161 0.740405 0
    outer loop
      vertex 23.1666 366.309 0
      vertex 23.1666 366.309 3
      vertex 23.5268 366.636 3
    endloop
  endfacet
  facet normal -0.672232 0.74034 0
    outer loop
      vertex 22.9992 366.157 0
      vertex 23.1666 366.309 3
      vertex 23.1666 366.309 0
    endloop
  endfacet
  facet normal -0.672232 0.74034 0
    outer loop
      vertex 22.9992 366.157 0
      vertex 22.9992 366.157 3
      vertex 23.1666 366.309 3
    endloop
  endfacet
  facet normal -0.740568 0.671981 0
    outer loop
      vertex 22.5201 365.629 0
      vertex 22.9992 366.157 3
      vertex 22.9992 366.157 0
    endloop
  endfacet
  facet normal -0.740568 0.671981 0
    outer loop
      vertex 22.5201 365.629 0
      vertex 22.5201 365.629 3
      vertex 22.9992 366.157 3
    endloop
  endfacet
  facet normal -0.803061 0.595897 0
    outer loop
      vertex 22.0964 365.058 0
      vertex 22.5201 365.629 3
      vertex 22.5201 365.629 0
    endloop
  endfacet
  facet normal -0.803061 0.595897 0
    outer loop
      vertex 22.0964 365.058 0
      vertex 22.0964 365.058 3
      vertex 22.5201 365.629 3
    endloop
  endfacet
  facet normal -0.858296 0.513155 0
    outer loop
      vertex 21.7305 364.446 0
      vertex 22.0964 365.058 3
      vertex 22.0964 365.058 0
    endloop
  endfacet
  facet normal -0.858296 0.513155 0
    outer loop
      vertex 21.7305 364.446 0
      vertex 21.7305 364.446 3
      vertex 22.0964 365.058 3
    endloop
  endfacet
  facet normal -0.903821 0.427911 0
    outer loop
      vertex 21.4256 363.802 0
      vertex 21.7305 364.446 3
      vertex 21.7305 364.446 0
    endloop
  endfacet
  facet normal -0.903821 0.427911 0
    outer loop
      vertex 21.4256 363.802 0
      vertex 21.4256 363.802 3
      vertex 21.7305 364.446 3
    endloop
  endfacet
  facet normal -0.941557 0.336853 0
    outer loop
      vertex 21.1859 363.132 0
      vertex 21.4256 363.802 3
      vertex 21.4256 363.802 0
    endloop
  endfacet
  facet normal -0.941557 0.336853 0
    outer loop
      vertex 21.1859 363.132 0
      vertex 21.1859 363.132 3
      vertex 21.4256 363.802 3
    endloop
  endfacet
  facet normal -0.97007 0.242824 0
    outer loop
      vertex 21.067 362.657 0
      vertex 21.1859 363.132 3
      vertex 21.1859 363.132 0
    endloop
  endfacet
  facet normal -0.97007 0.242824 0
    outer loop
      vertex 21.067 362.657 0
      vertex 21.067 362.657 3
      vertex 21.1859 363.132 3
    endloop
  endfacet
  facet normal -0.969825 0.243803 0
    outer loop
      vertex 21.0127 362.441 0
      vertex 21.067 362.657 3
      vertex 21.067 362.657 0
    endloop
  endfacet
  facet normal -0.969825 0.243803 0
    outer loop
      vertex 21.0127 362.441 0
      vertex 21.0127 362.441 3
      vertex 21.067 362.657 3
    endloop
  endfacet
  facet normal -0.989111 0.147174 0
    outer loop
      vertex 20.9078 361.736 0
      vertex 21.0127 362.441 3
      vertex 21.0127 362.441 0
    endloop
  endfacet
  facet normal -0.989111 0.147174 0
    outer loop
      vertex 20.9078 361.736 0
      vertex 20.9078 361.736 3
      vertex 21.0127 362.441 3
    endloop
  endfacet
  facet normal -0.998818 0.0486063 0
    outer loop
      vertex 20.8732 361.025 0
      vertex 20.9078 361.736 3
      vertex 20.9078 361.736 0
    endloop
  endfacet
  facet normal -0.998818 0.0486063 0
    outer loop
      vertex 20.8732 361.025 0
      vertex 20.8732 361.025 3
      vertex 20.9078 361.736 3
    endloop
  endfacet
  facet normal -0.998818 -0.0486063 0
    outer loop
      vertex 20.9078 360.314 0
      vertex 20.8732 361.025 3
      vertex 20.8732 361.025 0
    endloop
  endfacet
  facet normal -0.998818 -0.0486063 0
    outer loop
      vertex 20.9078 360.314 0
      vertex 20.9078 360.314 3
      vertex 20.8732 361.025 3
    endloop
  endfacet
  facet normal -0.989111 -0.147174 0
    outer loop
      vertex 21.0127 359.609 0
      vertex 20.9078 360.314 3
      vertex 20.9078 360.314 0
    endloop
  endfacet
  facet normal -0.989111 -0.147174 0
    outer loop
      vertex 21.0127 359.609 0
      vertex 21.0127 359.609 3
      vertex 20.9078 360.314 3
    endloop
  endfacet
  facet normal -0.969825 -0.243803 0
    outer loop
      vertex 21.067 359.393 0
      vertex 21.0127 359.609 3
      vertex 21.0127 359.609 0
    endloop
  endfacet
  facet normal -0.969825 -0.243803 0
    outer loop
      vertex 21.067 359.393 0
      vertex 21.067 359.393 3
      vertex 21.0127 359.609 3
    endloop
  endfacet
  facet normal -0.970102 -0.242698 0
    outer loop
      vertex 21.1373 359.112 0
      vertex 21.067 359.393 3
      vertex 21.067 359.393 0
    endloop
  endfacet
  facet normal -0.970102 -0.242698 0
    outer loop
      vertex 21.1373 359.112 0
      vertex 21.1373 359.112 3
      vertex 21.067 359.393 3
    endloop
  endfacet
  facet normal -0.707391 0.706822 0
    outer loop
      vertex 20.1441 358.118 0
      vertex 21.1373 359.112 3
      vertex 21.1373 359.112 0
    endloop
  endfacet
  facet normal -0.707391 0.706822 0
    outer loop
      vertex 20.1441 358.118 0
      vertex 20.1441 358.118 3
      vertex 21.1373 359.112 3
    endloop
  endfacet
  facet normal -0.707009 0.707204 0
    outer loop
      vertex 15.7919 353.767 0
      vertex 20.1441 358.118 3
      vertex 20.1441 358.118 0
    endloop
  endfacet
  facet normal -0.707009 0.707204 0
    outer loop
      vertex 15.7919 353.767 0
      vertex 15.7919 353.767 3
      vertex 20.1441 358.118 3
    endloop
  endfacet
  facet normal -0.707113 0.707101 0
    outer loop
      vertex 4.1311 342.106 0
      vertex 15.7919 353.767 3
      vertex 15.7919 353.767 0
    endloop
  endfacet
  facet normal -0.707113 0.707101 0
    outer loop
      vertex 4.1311 342.106 0
      vertex 4.1311 342.106 3
      vertex 15.7919 353.767 3
    endloop
  endfacet
  facet normal -0.707074 0.707139 0
    outer loop
      vertex -0.660339 337.315 0
      vertex 4.1311 342.106 3
      vertex 4.1311 342.106 0
    endloop
  endfacet
  facet normal -0.707074 0.707139 0
    outer loop
      vertex -0.660339 337.315 0
      vertex -0.660339 337.315 3
      vertex 4.1311 342.106 3
    endloop
  endfacet
  facet normal 0.00540326 0.999985 0
    outer loop
      vertex -3.4364 337.33 0
      vertex -0.660339 337.315 3
      vertex -0.660339 337.315 0
    endloop
  endfacet
  facet normal 0.00540326 0.999985 -0
    outer loop
      vertex -3.4364 337.33 0
      vertex -3.4364 337.33 3
      vertex -0.660339 337.315 3
    endloop
  endfacet
  facet normal -0.0983172 0.995155 0
    outer loop
      vertex -4.83322 337.192 0
      vertex -3.4364 337.33 3
      vertex -3.4364 337.33 0
    endloop
  endfacet
  facet normal -0.0983172 0.995155 0
    outer loop
      vertex -4.83322 337.192 0
      vertex -4.83322 337.192 3
      vertex -3.4364 337.33 3
    endloop
  endfacet
  facet normal -0.297295 0.954786 0
    outer loop
      vertex -6.13391 336.787 0
      vertex -4.83322 337.192 3
      vertex -4.83322 337.192 0
    endloop
  endfacet
  facet normal -0.297295 0.954786 0
    outer loop
      vertex -6.13391 336.787 0
      vertex -6.13391 336.787 3
      vertex -4.83322 337.192 3
    endloop
  endfacet
  facet normal -0.479207 0.877702 0
    outer loop
      vertex -7.31161 336.144 0
      vertex -6.13391 336.787 3
      vertex -6.13391 336.787 0
    endloop
  endfacet
  facet normal -0.479207 0.877702 0
    outer loop
      vertex -7.31161 336.144 0
      vertex -7.31161 336.144 3
      vertex -6.13391 336.787 3
    endloop
  endfacet
  facet normal -0.639189 0.76905 0
    outer loop
      vertex -8.33791 335.291 0
      vertex -7.31161 336.144 3
      vertex -7.31161 336.144 0
    endloop
  endfacet
  facet normal -0.639189 0.76905 0
    outer loop
      vertex -8.33791 335.291 0
      vertex -8.33791 335.291 3
      vertex -7.31161 336.144 3
    endloop
  endfacet
  facet normal -0.773414 0.633901 0
    outer loop
      vertex -9.18539 334.257 0
      vertex -8.33791 335.291 3
      vertex -8.33791 335.291 0
    endloop
  endfacet
  facet normal -0.773414 0.633901 0
    outer loop
      vertex -9.18539 334.257 0
      vertex -9.18539 334.257 3
      vertex -8.33791 335.291 3
    endloop
  endfacet
  facet normal -0.879794 0.475356 0
    outer loop
      vertex -9.82619 333.071 0
      vertex -9.18539 334.257 3
      vertex -9.18539 334.257 0
    endloop
  endfacet
  facet normal -0.879794 0.475356 0
    outer loop
      vertex -9.82619 333.071 0
      vertex -9.82619 333.071 3
      vertex -9.18539 334.257 3
    endloop
  endfacet
  facet normal -0.955006 0.296585 0
    outer loop
      vertex -10.2324 331.763 0
      vertex -9.82619 333.071 3
      vertex -9.82619 333.071 0
    endloop
  endfacet
  facet normal -0.955006 0.296585 0
    outer loop
      vertex -10.2324 331.763 0
      vertex -10.2324 331.763 3
      vertex -9.82619 333.071 3
    endloop
  endfacet
  facet normal -0.99481 0.101748 0
    outer loop
      vertex -10.376 330.359 0
      vertex -10.2324 331.763 3
      vertex -10.2324 331.763 0
    endloop
  endfacet
  facet normal -0.99481 0.101748 0
    outer loop
      vertex -10.376 330.359 0
      vertex -10.376 330.359 3
      vertex -10.2324 331.763 3
    endloop
  endfacet
  facet normal -0.999992 0.00394388 0
    outer loop
      vertex -10.385 328.077 0
      vertex -10.376 330.359 3
      vertex -10.376 330.359 0
    endloop
  endfacet
  facet normal -0.999992 0.00394388 0
    outer loop
      vertex -10.385 328.077 0
      vertex -10.385 328.077 3
      vertex -10.376 330.359 3
    endloop
  endfacet
  facet normal -1 0 0
    outer loop
      vertex -10.385 328.023 0
      vertex -10.385 328.077 3
      vertex -10.385 328.077 0
    endloop
  endfacet
  facet normal -1 0 0
    outer loop
      vertex -10.385 328.023 0
      vertex -10.385 328.023 3
      vertex -10.385 328.077 3
    endloop
  endfacet
  facet normal -0.741193 0.671292 0
    outer loop
      vertex -10.6078 327.777 0
      vertex -10.385 328.023 3
      vertex -10.385 328.023 0
    endloop
  endfacet
  facet normal -0.741193 0.671292 0
    outer loop
      vertex -10.6078 327.777 0
      vertex -10.6078 327.777 3
      vertex -10.385 328.023 3
    endloop
  endfacet
  facet normal -0.800392 0.599477 0
    outer loop
      vertex -10.6445 327.728 0
      vertex -10.6078 327.777 3
      vertex -10.6078 327.777 0
    endloop
  endfacet
  facet normal -0.800392 0.599477 0
    outer loop
      vertex -10.6445 327.728 0
      vertex -10.6445 327.728 3
      vertex -10.6078 327.777 3
    endloop
  endfacet
  facet normal -0.80298 0.596006 0
    outer loop
      vertex -11.0416 327.193 0
      vertex -10.6445 327.728 3
      vertex -10.6445 327.728 0
    endloop
  endfacet
  facet normal -0.80298 0.596006 0
    outer loop
      vertex -11.0416 327.193 0
      vertex -11.0416 327.193 3
      vertex -10.6445 327.728 3
    endloop
  endfacet
  facet normal -0.803756 0.594959 0
    outer loop
      vertex -11.1741 327.014 0
      vertex -11.0416 327.193 3
      vertex -11.0416 327.193 0
    endloop
  endfacet
  facet normal -0.803756 0.594959 0
    outer loop
      vertex -11.1741 327.014 0
      vertex -11.1741 327.014 3
      vertex -11.0416 327.193 3
    endloop
  endfacet
  facet normal -0.855558 0.517706 0
    outer loop
      vertex -11.257 326.877 0
      vertex -11.1741 327.014 3
      vertex -11.1741 327.014 0
    endloop
  endfacet
  facet normal -0.855558 0.517706 0
    outer loop
      vertex -11.257 326.877 0
      vertex -11.257 326.877 3
      vertex -11.1741 327.014 3
    endloop
  endfacet
  facet normal -0.858224 0.513276 0
    outer loop
      vertex -11.3808 326.67 0
      vertex -11.257 326.877 3
      vertex -11.257 326.877 0
    endloop
  endfacet
  facet normal -0.858224 0.513276 0
    outer loop
      vertex -11.3808 326.67 0
      vertex -11.3808 326.67 3
      vertex -11.257 326.877 3
    endloop
  endfacet
  facet normal -0.858137 0.513421 0
    outer loop
      vertex -11.662 326.2 0
      vertex -11.3808 326.67 3
      vertex -11.3808 326.67 0
    endloop
  endfacet
  facet normal -0.858137 0.513421 0
    outer loop
      vertex -11.662 326.2 0
      vertex -11.662 326.2 3
      vertex -11.3808 326.67 3
    endloop
  endfacet
  facet normal -0.903817 0.427919 0
    outer loop
      vertex -12.0687 325.341 0
      vertex -11.662 326.2 3
      vertex -11.662 326.2 0
    endloop
  endfacet
  facet normal -0.903817 0.427919 0
    outer loop
      vertex -12.0687 325.341 0
      vertex -12.0687 325.341 3
      vertex -11.662 326.2 3
    endloop
  endfacet
  facet normal -0.941737 0.33635 0
    outer loop
      vertex -12.388 324.447 0
      vertex -12.0687 325.341 3
      vertex -12.0687 325.341 0
    endloop
  endfacet
  facet normal -0.941737 0.33635 0
    outer loop
      vertex -12.388 324.447 0
      vertex -12.388 324.447 3
      vertex -12.0687 325.341 3
    endloop
  endfacet
  facet normal -0.969956 0.243279 0
    outer loop
      vertex -12.619 323.526 0
      vertex -12.388 324.447 3
      vertex -12.388 324.447 0
    endloop
  endfacet
  facet normal -0.969956 0.243279 0
    outer loop
      vertex -12.619 323.526 0
      vertex -12.619 323.526 3
      vertex -12.388 324.447 3
    endloop
  endfacet
  facet normal -0.989167 0.146797 0
    outer loop
      vertex -12.7585 322.586 0
      vertex -12.619 323.526 3
      vertex -12.619 323.526 0
    endloop
  endfacet
  facet normal -0.989167 0.146797 0
    outer loop
      vertex -12.7585 322.586 0
      vertex -12.7585 322.586 3
      vertex -12.619 323.526 3
    endloop
  endfacet
  facet normal -0.998799 0.0489917 0
    outer loop
      vertex -12.805 321.638 0
      vertex -12.7585 322.586 3
      vertex -12.7585 322.586 0
    endloop
  endfacet
  facet normal -0.998799 0.0489917 0
    outer loop
      vertex -12.805 321.638 0
      vertex -12.805 321.638 3
      vertex -12.7585 322.586 3
    endloop
  endfacet
  facet normal -0.998802 -0.0489402 0
    outer loop
      vertex -12.7585 320.689 0
      vertex -12.805 321.638 3
      vertex -12.805 321.638 0
    endloop
  endfacet
  facet normal -0.998802 -0.0489402 0
    outer loop
      vertex -12.7585 320.689 0
      vertex -12.7585 320.689 3
      vertex -12.805 321.638 3
    endloop
  endfacet
  facet normal -0.989167 -0.146797 0
    outer loop
      vertex -12.619 319.749 0
      vertex -12.7585 320.689 3
      vertex -12.7585 320.689 0
    endloop
  endfacet
  facet normal -0.989167 -0.146797 0
    outer loop
      vertex -12.619 319.749 0
      vertex -12.619 319.749 3
      vertex -12.7585 320.689 3
    endloop
  endfacet
  facet normal -0.969956 -0.243279 0
    outer loop
      vertex -12.388 318.828 0
      vertex -12.619 319.749 3
      vertex -12.619 319.749 0
    endloop
  endfacet
  facet normal -0.969956 -0.243279 0
    outer loop
      vertex -12.388 318.828 0
      vertex -12.388 318.828 3
      vertex -12.619 319.749 3
    endloop
  endfacet
  facet normal -0.941737 -0.33635 0
    outer loop
      vertex -12.0687 317.934 0
      vertex -12.388 318.828 3
      vertex -12.388 318.828 0
    endloop
  endfacet
  facet normal -0.941737 -0.33635 0
    outer loop
      vertex -12.0687 317.934 0
      vertex -12.0687 317.934 3
      vertex -12.388 318.828 3
    endloop
  endfacet
  facet normal -0.903624 -0.428326 0
    outer loop
      vertex -11.662 317.076 0
      vertex -12.0687 317.934 3
      vertex -12.0687 317.934 0
    endloop
  endfacet
  facet normal -0.903624 -0.428326 0
    outer loop
      vertex -11.662 317.076 0
      vertex -11.662 317.076 3
      vertex -12.0687 317.934 3
    endloop
  endfacet
  facet normal -0.858282 -0.513179 0
    outer loop
      vertex -11.1747 316.261 0
      vertex -11.662 317.076 3
      vertex -11.662 317.076 0
    endloop
  endfacet
  facet normal -0.858282 -0.513179 0
    outer loop
      vertex -11.1747 316.261 0
      vertex -11.1747 316.261 3
      vertex -11.662 317.076 3
    endloop
  endfacet
  facet normal -0.803121 -0.595817 0
    outer loop
      vertex -10.645 315.547 0
      vertex -11.1747 316.261 3
      vertex -11.1747 316.261 0
    endloop
  endfacet
  facet normal -0.803121 -0.595817 0
    outer loop
      vertex -10.645 315.547 0
      vertex -10.645 315.547 3
      vertex -11.1747 316.261 3
    endloop
  endfacet
  facet normal -0.800392 -0.599477 0
    outer loop
      vertex -10.6083 315.498 0
      vertex -10.645 315.547 3
      vertex -10.645 315.547 0
    endloop
  endfacet
  facet normal -0.800392 -0.599477 0
    outer loop
      vertex -10.6083 315.498 0
      vertex -10.6083 315.498 3
      vertex -10.645 315.547 3
    endloop
  endfacet
  facet normal -0.741193 -0.671292 0
    outer loop
      vertex -10.3855 315.252 0
      vertex -10.6083 315.498 3
      vertex -10.6083 315.498 0
    endloop
  endfacet
  facet normal -0.741193 -0.671292 0
    outer loop
      vertex -10.3855 315.252 0
      vertex -10.3855 315.252 3
      vertex -10.6083 315.498 3
    endloop
  endfacet
  facet normal -1 0 0
    outer loop
      vertex -10.3855 311.96 0
      vertex -10.3855 315.252 3
      vertex -10.3855 315.252 0
    endloop
  endfacet
  facet normal -1 0 0
    outer loop
      vertex -10.3855 311.96 0
      vertex -10.3855 311.96 3
      vertex -10.3855 315.252 3
    endloop
  endfacet
  facet normal -0.999764 -0.0217425 0
    outer loop
      vertex -9.9308 291.052 0
      vertex -10.3855 311.96 3
      vertex -10.3855 311.96 0
    endloop
  endfacet
  facet normal -0.999764 -0.0217425 0
    outer loop
      vertex -9.9308 291.052 0
      vertex -9.9308 291.052 3
      vertex -10.3855 311.96 3
    endloop
  endfacet
  facet normal -0.623289 -0.781991 0
    outer loop
      vertex -7.21831 288.89 0
      vertex -9.9308 291.052 3
      vertex -9.9308 291.052 0
    endloop
  endfacet
  facet normal -0.623289 -0.781991 0
    outer loop
      vertex -7.21831 288.89 0
      vertex -7.21831 288.89 3
      vertex -9.9308 291.052 3
    endloop
  endfacet
  facet normal -1 0 0
    outer loop
      vertex -7.21831 286.029 0
      vertex -7.21831 288.89 3
      vertex -7.21831 288.89 0
    endloop
  endfacet
  facet normal -1 0 0
    outer loop
      vertex -7.21831 286.029 0
      vertex -7.21831 286.029 3
      vertex -7.21831 288.89 3
    endloop
  endfacet
  facet normal 0 -1 0
    outer loop
      vertex 0.303192 286.029 0
      vertex -7.21831 286.029 3
      vertex -7.21831 286.029 0
    endloop
  endfacet
  facet normal 0 -1 0
    outer loop
      vertex 0.303192 286.029 0
      vertex 0.303192 286.029 3
      vertex -7.21831 286.029 3
    endloop
  endfacet
  facet normal 1 0 0
    outer loop
      vertex 0.303192 288.885 0
      vertex 0.303192 286.029 3
      vertex 0.303192 286.029 0
    endloop
  endfacet
  facet normal 1 0 -0
    outer loop
      vertex 0.303192 288.885 0
      vertex 0.303192 288.885 3
      vertex 0.303192 286.029 3
    endloop
  endfacet
  facet normal 0.143528 0.989646 -0
    outer loop
      vertex 27.564 358.174 0
      vertex 27.564 358.174 3
      vertex 27.8467 358.133 0
    endloop
  endfacet
  facet normal 0.143528 0.989646 0
    outer loop
      vertex 27.8467 358.133 3
      vertex 27.8467 358.133 0
      vertex 27.564 358.174 3
    endloop
  endfacet
  facet normal 0.245005 0.969522 -0
    outer loop
      vertex 27.287 358.244 0
      vertex 27.287 358.244 3
      vertex 27.564 358.174 0
    endloop
  endfacet
  facet normal 0.245005 0.969522 0
    outer loop
      vertex 27.564 358.174 3
      vertex 27.564 358.174 0
      vertex 27.287 358.244 3
    endloop
  endfacet
  facet normal 0.337003 0.941503 -0
    outer loop
      vertex 27.0188 358.34 0
      vertex 27.0188 358.34 3
      vertex 27.287 358.244 0
    endloop
  endfacet
  facet normal 0.337003 0.941503 0
    outer loop
      vertex 27.287 358.244 3
      vertex 27.287 358.244 0
      vertex 27.0188 358.34 3
    endloop
  endfacet
  facet normal 0.431158 0.902277 -0
    outer loop
      vertex 26.933 358.381 0
      vertex 26.933 358.381 3
      vertex 27.0188 358.34 0
    endloop
  endfacet
  facet normal 0.431158 0.902277 0
    outer loop
      vertex 27.0188 358.34 3
      vertex 27.0188 358.34 0
      vertex 26.933 358.381 3
    endloop
  endfacet
  facet normal 0.427066 0.90422 -0
    outer loop
      vertex 26.7615 358.462 0
      vertex 26.7615 358.462 3
      vertex 26.933 358.381 0
    endloop
  endfacet
  facet normal 0.427066 0.90422 0
    outer loop
      vertex 26.933 358.381 3
      vertex 26.933 358.381 0
      vertex 26.7615 358.462 3
    endloop
  endfacet
  facet normal 0.511915 0.859036 -0
    outer loop
      vertex 26.5165 358.608 0
      vertex 26.5165 358.608 3
      vertex 26.7615 358.462 0
    endloop
  endfacet
  facet normal 0.511915 0.859036 0
    outer loop
      vertex 26.7615 358.462 3
      vertex 26.7615 358.462 0
      vertex 26.5165 358.608 3
    endloop
  endfacet
  facet normal 0.597649 0.801758 -0
    outer loop
      vertex 26.2871 358.779 0
      vertex 26.2871 358.779 3
      vertex 26.5165 358.608 0
    endloop
  endfacet
  facet normal 0.597649 0.801758 0
    outer loop
      vertex 26.5165 358.608 3
      vertex 26.5165 358.608 0
      vertex 26.2871 358.779 3
    endloop
  endfacet
  facet normal 0.671272 0.741211 -0
    outer loop
      vertex 26.0762 358.97 0
      vertex 26.0762 358.97 3
      vertex 26.2871 358.779 0
    endloop
  endfacet
  facet normal 0.671272 0.741211 0
    outer loop
      vertex 26.2871 358.779 3
      vertex 26.2871 358.779 0
      vertex 26.0762 358.97 3
    endloop
  endfacet
  facet normal 0.740146 0.672446 -0
    outer loop
      vertex 25.8845 359.181 0
      vertex 25.8845 359.181 3
      vertex 26.0762 358.97 0
    endloop
  endfacet
  facet normal 0.740146 0.672446 0
    outer loop
      vertex 26.0762 358.97 3
      vertex 26.0762 358.97 0
      vertex 25.8845 359.181 3
    endloop
  endfacet
  facet normal 0.802936 0.596066 -0
    outer loop
      vertex 25.7145 359.41 0
      vertex 25.7145 359.41 3
      vertex 25.8845 359.181 0
    endloop
  endfacet
  facet normal 0.802936 0.596066 0
    outer loop
      vertex 25.8845 359.181 3
      vertex 25.8845 359.181 0
      vertex 25.7145 359.41 3
    endloop
  endfacet
  facet normal 0.858728 0.512432 -0
    outer loop
      vertex 25.5683 359.655 0
      vertex 25.5683 359.655 3
      vertex 25.7145 359.41 0
    endloop
  endfacet
  facet normal 0.858728 0.512432 0
    outer loop
      vertex 25.7145 359.41 3
      vertex 25.7145 359.41 0
      vertex 25.5683 359.655 3
    endloop
  endfacet
  facet normal 0.90338 0.428842 -0
    outer loop
      vertex 25.4463 359.912 0
      vertex 25.4463 359.912 3
      vertex 25.5683 359.655 0
    endloop
  endfacet
  facet normal 0.90338 0.428842 0
    outer loop
      vertex 25.5683 359.655 3
      vertex 25.5683 359.655 0
      vertex 25.4463 359.912 3
    endloop
  endfacet
  facet normal 0.941869 0.33598 -0
    outer loop
      vertex 25.3507 360.18 0
      vertex 25.3507 360.18 3
      vertex 25.4463 359.912 0
    endloop
  endfacet
  facet normal 0.941869 0.33598 0
    outer loop
      vertex 25.4463 359.912 3
      vertex 25.4463 359.912 0
      vertex 25.3507 360.18 3
    endloop
  endfacet
  facet normal 0.969513 0.245042 -0
    outer loop
      vertex 25.3047 360.362 0
      vertex 25.3047 360.362 3
      vertex 25.3507 360.18 0
    endloop
  endfacet
  facet normal 0.969513 0.245042 0
    outer loop
      vertex 25.3507 360.18 3
      vertex 25.3507 360.18 0
      vertex 25.3047 360.362 3
    endloop
  endfacet
  facet normal 0.970022 0.243016 -0
    outer loop
      vertex 25.2809 360.457 0
      vertex 25.2809 360.457 3
      vertex 25.3047 360.362 0
    endloop
  endfacet
  facet normal 0.970022 0.243016 0
    outer loop
      vertex 25.3047 360.362 3
      vertex 25.3047 360.362 0
      vertex 25.2809 360.457 3
    endloop
  endfacet
  facet normal 0.989217 0.14646 -0
    outer loop
      vertex 25.239 360.74 0
      vertex 25.239 360.74 3
      vertex 25.2809 360.457 0
    endloop
  endfacet
  facet normal 0.989217 0.14646 0
    outer loop
      vertex 25.2809 360.457 3
      vertex 25.2809 360.457 0
      vertex 25.239 360.74 3
    endloop
  endfacet
  facet normal 0.998699 0.0509899 -0
    outer loop
      vertex 25.2245 361.024 0
      vertex 25.2245 361.024 3
      vertex 25.239 360.74 0
    endloop
  endfacet
  facet normal 0.998699 0.0509899 0
    outer loop
      vertex 25.239 360.74 3
      vertex 25.239 360.74 0
      vertex 25.2245 361.024 3
    endloop
  endfacet
  facet normal 0.998708 -0.0508115 0
    outer loop
      vertex 25.239 361.309 0
      vertex 25.239 361.309 3
      vertex 25.2245 361.024 0
    endloop
  endfacet
  facet normal 0.998708 -0.0508115 0
    outer loop
      vertex 25.2245 361.024 3
      vertex 25.2245 361.024 0
      vertex 25.239 361.309 3
    endloop
  endfacet
  facet normal 0.989141 -0.146968 0
    outer loop
      vertex 25.2809 361.591 0
      vertex 25.2809 361.591 3
      vertex 25.239 361.309 0
    endloop
  endfacet
  facet normal 0.989141 -0.146968 0
    outer loop
      vertex 25.239 361.309 3
      vertex 25.239 361.309 0
      vertex 25.2809 361.591 3
    endloop
  endfacet
  facet normal 0.969688 -0.244347 0
    outer loop
      vertex 25.3507 361.868 0
      vertex 25.3507 361.868 3
      vertex 25.2809 361.591 0
    endloop
  endfacet
  facet normal 0.969688 -0.244347 0
    outer loop
      vertex 25.2809 361.591 3
      vertex 25.2809 361.591 0
      vertex 25.3507 361.868 3
    endloop
  endfacet
  facet normal 0.941869 -0.33598 0
    outer loop
      vertex 25.4463 362.136 0
      vertex 25.4463 362.136 3
      vertex 25.3507 361.868 0
    endloop
  endfacet
  facet normal 0.941869 -0.33598 0
    outer loop
      vertex 25.3507 361.868 3
      vertex 25.3507 361.868 0
      vertex 25.4463 362.136 3
    endloop
  endfacet
  facet normal 0.903446 -0.428702 0
    outer loop
      vertex 25.545 362.344 0
      vertex 25.545 362.344 3
      vertex 25.4463 362.136 0
    endloop
  endfacet
  facet normal 0.903446 -0.428702 0
    outer loop
      vertex 25.4463 362.136 3
      vertex 25.4463 362.136 0
      vertex 25.545 362.344 3
    endloop
  endfacet
  facet normal 0.907108 -0.420898 0
    outer loop
      vertex 25.5682 362.394 0
      vertex 25.5682 362.394 3
      vertex 25.545 362.344 0
    endloop
  endfacet
  facet normal 0.907108 -0.420898 0
    outer loop
      vertex 25.545 362.344 3
      vertex 25.545 362.344 0
      vertex 25.5682 362.394 3
    endloop
  endfacet
  facet normal 0.858728 -0.512432 0
    outer loop
      vertex 25.7144 362.639 0
      vertex 25.7144 362.639 3
      vertex 25.5682 362.394 0
    endloop
  endfacet
  facet normal 0.858728 -0.512432 0
    outer loop
      vertex 25.5682 362.394 3
      vertex 25.5682 362.394 0
      vertex 25.7144 362.639 3
    endloop
  endfacet
  facet normal 0.801929 -0.59742 0
    outer loop
      vertex 25.885 362.868 0
      vertex 25.885 362.868 3
      vertex 25.7144 362.639 0
    endloop
  endfacet
  facet normal 0.801929 -0.59742 0
    outer loop
      vertex 25.7144 362.639 3
      vertex 25.7144 362.639 0
      vertex 25.885 362.868 3
    endloop
  endfacet
  facet normal 0.74102 -0.671483 0
    outer loop
      vertex 26.0762 363.079 0
      vertex 26.0762 363.079 3
      vertex 25.885 362.868 0
    endloop
  endfacet
  facet normal 0.74102 -0.671483 0
    outer loop
      vertex 25.885 362.868 3
      vertex 25.885 362.868 0
      vertex 26.0762 363.079 3
    endloop
  endfacet
  facet normal 0.672498 -0.740099 0
    outer loop
      vertex 26.2875 363.271 0
      vertex 26.2875 363.271 3
      vertex 26.0762 363.079 0
    endloop
  endfacet
  facet normal 0.672498 -0.740099 0
    outer loop
      vertex 26.0762 363.079 3
      vertex 26.0762 363.079 0
      vertex 26.2875 363.271 3
    endloop
  endfacet
  facet normal 0.593966 -0.80449 0
    outer loop
      vertex 26.5164 363.44 0
      vertex 26.5164 363.44 3
      vertex 26.2875 363.271 0
    endloop
  endfacet
  facet normal 0.593966 -0.80449 0
    outer loop
      vertex 26.2875 363.271 3
      vertex 26.2875 363.271 0
      vertex 26.5164 363.44 3
    endloop
  endfacet
  facet normal 0.513617 -0.858019 0
    outer loop
      vertex 26.7319 363.569 0
      vertex 26.7319 363.569 3
      vertex 26.5164 363.44 0
    endloop
  endfacet
  facet normal 0.513617 -0.858019 0
    outer loop
      vertex 26.5164 363.44 3
      vertex 26.5164 363.44 0
      vertex 26.7319 363.569 3
    endloop
  endfacet
  facet normal 0.520865 -0.853639 0
    outer loop
      vertex 26.7614 363.587 0
      vertex 26.7614 363.587 3
      vertex 26.7319 363.569 0
    endloop
  endfacet
  facet normal 0.520865 -0.853639 0
    outer loop
      vertex 26.7319 363.569 3
      vertex 26.7319 363.569 0
      vertex 26.7614 363.587 3
    endloop
  endfacet
  facet normal 0.428814 -0.903393 0
    outer loop
      vertex 27.0121 363.706 0
      vertex 27.0121 363.706 3
      vertex 26.7614 363.587 0
    endloop
  endfacet
  facet normal 0.428814 -0.903393 0
    outer loop
      vertex 26.7614 363.587 3
      vertex 26.7614 363.587 0
      vertex 27.0121 363.706 3
    endloop
  endfacet
  facet normal 0.393919 -0.919145 0
    outer loop
      vertex 27.0191 363.709 0
      vertex 27.0191 363.709 3
      vertex 27.0121 363.706 0
    endloop
  endfacet
  facet normal 0.393919 -0.919145 0
    outer loop
      vertex 27.0121 363.706 3
      vertex 27.0121 363.706 0
      vertex 27.0191 363.709 3
    endloop
  endfacet
  facet normal 0.33444 -0.942417 0
    outer loop
      vertex 27.2868 363.804 0
      vertex 27.2868 363.804 3
      vertex 27.0191 363.709 0
    endloop
  endfacet
  facet normal 0.33444 -0.942417 0
    outer loop
      vertex 27.0191 363.709 3
      vertex 27.0191 363.709 0
      vertex 27.2868 363.804 3
    endloop
  endfacet
  facet normal 0.245089 -0.969501 0
    outer loop
      vertex 27.5637 363.874 0
      vertex 27.5637 363.874 3
      vertex 27.2868 363.804 0
    endloop
  endfacet
  facet normal 0.245089 -0.969501 0
    outer loop
      vertex 27.2868 363.804 3
      vertex 27.2868 363.804 0
      vertex 27.5637 363.874 3
    endloop
  endfacet
  facet normal 0.146954 -0.989143 0
    outer loop
      vertex 27.8464 363.916 0
      vertex 27.8464 363.916 3
      vertex 27.5637 363.874 0
    endloop
  endfacet
  facet normal 0.146954 -0.989143 0
    outer loop
      vertex 27.5637 363.874 3
      vertex 27.5637 363.874 0
      vertex 27.8464 363.916 3
    endloop
  endfacet
  facet normal 0.0456947 -0.998955 0
    outer loop
      vertex 28.1306 363.929 0
      vertex 28.1306 363.929 3
      vertex 27.8464 363.916 0
    endloop
  endfacet
  facet normal 0.0456947 -0.998955 0
    outer loop
      vertex 27.8464 363.916 3
      vertex 27.8464 363.916 0
      vertex 28.1306 363.929 3
    endloop
  endfacet
  facet normal -0.0490636 -0.998796 0
    outer loop
      vertex 28.4156 363.915 0
      vertex 28.4156 363.915 3
      vertex 28.1306 363.929 0
    endloop
  endfacet
  facet normal -0.0490636 -0.998796 -0
    outer loop
      vertex 28.1306 363.929 3
      vertex 28.1306 363.929 0
      vertex 28.4156 363.915 3
    endloop
  endfacet
  facet normal -0.143528 -0.989646 0
    outer loop
      vertex 28.6983 363.874 0
      vertex 28.6983 363.874 3
      vertex 28.4156 363.915 0
    endloop
  endfacet
  facet normal -0.143528 -0.989646 -0
    outer loop
      vertex 28.4156 363.915 3
      vertex 28.4156 363.915 0
      vertex 28.6983 363.874 3
    endloop
  endfacet
  facet normal -0.243507 -0.969899 0
    outer loop
      vertex 28.9333 363.815 0
      vertex 28.9333 363.815 3
      vertex 28.6983 363.874 0
    endloop
  endfacet
  facet normal -0.243507 -0.969899 -0
    outer loop
      vertex 28.6983 363.874 3
      vertex 28.6983 363.874 0
      vertex 28.9333 363.815 3
    endloop
  endfacet
  facet normal -0.256213 -0.96662 0
    outer loop
      vertex 28.9748 363.804 0
      vertex 28.9748 363.804 3
      vertex 28.9333 363.815 0
    endloop
  endfacet
  facet normal -0.256213 -0.96662 -0
    outer loop
      vertex 28.9333 363.815 3
      vertex 28.9333 363.815 0
      vertex 28.9748 363.804 3
    endloop
  endfacet
  facet normal 1 0 -0
    outer loop
      vertex 28.9748 363.805 0
      vertex 28.9748 363.805 3
      vertex 28.9748 363.804 0
    endloop
  endfacet
  facet normal 1 -0 0
    outer loop
      vertex 28.9748 363.804 3
      vertex 28.9748 363.804 0
      vertex 28.9748 363.805 3
    endloop
  endfacet
  facet normal -0.242536 -0.970143 0
    outer loop
      vertex 28.9788 363.804 0
      vertex 28.9788 363.804 3
      vertex 28.9748 363.805 0
    endloop
  endfacet
  facet normal -0.242536 -0.970143 -0
    outer loop
      vertex 28.9748 363.805 3
      vertex 28.9748 363.805 0
      vertex 28.9788 363.804 3
    endloop
  endfacet
  facet normal -0.398726 -0.91707 0
    outer loop
      vertex 28.9834 363.802 0
      vertex 28.9834 363.802 3
      vertex 28.9788 363.804 0
    endloop
  endfacet
  facet normal -0.398726 -0.91707 -0
    outer loop
      vertex 28.9788 363.804 3
      vertex 28.9788 363.804 0
      vertex 28.9834 363.802 3
    endloop
  endfacet
  facet normal -0.347314 -0.937749 0
    outer loop
      vertex 28.9861 363.801 0
      vertex 28.9861 363.801 3
      vertex 28.9834 363.802 0
    endloop
  endfacet
  facet normal -0.347314 -0.937749 -0
    outer loop
      vertex 28.9834 363.802 3
      vertex 28.9834 363.802 0
      vertex 28.9861 363.801 3
    endloop
  endfacet
  facet normal -0.358979 -0.933346 0
    outer loop
      vertex 28.9939 363.798 0
      vertex 28.9939 363.798 3
      vertex 28.9861 363.801 0
    endloop
  endfacet
  facet normal -0.358979 -0.933346 -0
    outer loop
      vertex 28.9861 363.801 3
      vertex 28.9861 363.801 0
      vertex 28.9939 363.798 3
    endloop
  endfacet
  facet normal -0.336456 -0.941699 0
    outer loop
      vertex 29.243 363.709 0
      vertex 29.243 363.709 3
      vertex 28.9939 363.798 0
    endloop
  endfacet
  facet normal -0.336456 -0.941699 -0
    outer loop
      vertex 28.9939 363.798 3
      vertex 28.9939 363.798 0
      vertex 29.243 363.709 3
    endloop
  endfacet
  facet normal -0.428434 -0.903573 0
    outer loop
      vertex 29.5003 363.587 0
      vertex 29.5003 363.587 3
      vertex 29.243 363.709 0
    endloop
  endfacet
  facet normal -0.428434 -0.903573 -0
    outer loop
      vertex 29.243 363.709 3
      vertex 29.243 363.709 0
      vertex 29.5003 363.587 3
    endloop
  endfacet
  facet normal -0.514496 -0.857493 0
    outer loop
      vertex 29.7453 363.44 0
      vertex 29.7453 363.44 3
      vertex 29.5003 363.587 0
    endloop
  endfacet
  facet normal -0.514496 -0.857493 -0
    outer loop
      vertex 29.5003 363.587 3
      vertex 29.5003 363.587 0
      vertex 29.7453 363.44 3
    endloop
  endfacet
  facet normal -0.593966 -0.80449 0
    outer loop
      vertex 29.9742 363.271 0
      vertex 29.9742 363.271 3
      vertex 29.7453 363.44 0
    endloop
  endfacet
  facet normal -0.593966 -0.80449 -0
    outer loop
      vertex 29.7453 363.44 3
      vertex 29.7453 363.44 0
      vertex 29.9742 363.271 3
    endloop
  endfacet
  facet normal -0.672498 -0.740099 0
    outer loop
      vertex 30.1855 363.079 0
      vertex 30.1855 363.079 3
      vertex 29.9742 363.271 0
    endloop
  endfacet
  facet normal -0.672498 -0.740099 -0
    outer loop
      vertex 29.9742 363.271 3
      vertex 29.9742 363.271 0
      vertex 30.1855 363.079 3
    endloop
  endfacet
  facet normal -0.740146 -0.672446 0
    outer loop
      vertex 30.3772 362.868 0
      vertex 30.3772 362.868 3
      vertex 30.1855 363.079 0
    endloop
  endfacet
  facet normal -0.740146 -0.672446 -0
    outer loop
      vertex 30.1855 363.079 3
      vertex 30.1855 363.079 0
      vertex 30.3772 362.868 3
    endloop
  endfacet
  facet normal -0.804614 -0.593798 0
    outer loop
      vertex 30.5462 362.639 0
      vertex 30.5462 362.639 3
      vertex 30.3772 362.868 0
    endloop
  endfacet
  facet normal -0.804614 -0.593798 -0
    outer loop
      vertex 30.3772 362.868 3
      vertex 30.3772 362.868 0
      vertex 30.5462 362.639 3
    endloop
  endfacet
  facet normal -0.85703 -0.515267 0
    outer loop
      vertex 30.6935 362.394 0
      vertex 30.6935 362.394 3
      vertex 30.5462 362.639 0
    endloop
  endfacet
  facet normal -0.85703 -0.515267 -0
    outer loop
      vertex 30.5462 362.639 3
      vertex 30.5462 362.639 0
      vertex 30.6935 362.394 3
    endloop
  endfacet
  facet normal -0.906415 -0.422389 0
    outer loop
      vertex 30.7168 362.344 0
      vertex 30.7168 362.344 3
      vertex 30.6935 362.394 0
    endloop
  endfacet
  facet normal -0.906415 -0.422389 -0
    outer loop
      vertex 30.6935 362.394 3
      vertex 30.6935 362.394 0
      vertex 30.7168 362.344 3
    endloop
  endfacet
  facet normal -0.903446 -0.428702 0
    outer loop
      vertex 30.8155 362.136 0
      vertex 30.8155 362.136 3
      vertex 30.7168 362.344 0
    endloop
  endfacet
  facet normal -0.903446 -0.428702 -0
    outer loop
      vertex 30.7168 362.344 3
      vertex 30.7168 362.344 0
      vertex 30.8155 362.136 3
    endloop
  endfacet
  facet normal -0.941869 -0.33598 0
    outer loop
      vertex 30.9111 361.868 0
      vertex 30.9111 361.868 3
      vertex 30.8155 362.136 0
    endloop
  endfacet
  facet normal -0.941869 -0.33598 -0
    outer loop
      vertex 30.8155 362.136 3
      vertex 30.8155 362.136 0
      vertex 30.9111 361.868 3
    endloop
  endfacet
  facet normal -0.969688 -0.244347 0
    outer loop
      vertex 30.9809 361.591 0
      vertex 30.9809 361.591 3
      vertex 30.9111 361.868 0
    endloop
  endfacet
  facet normal -0.969688 -0.244347 -0
    outer loop
      vertex 30.9111 361.868 3
      vertex 30.9111 361.868 0
      vertex 30.9809 361.591 3
    endloop
  endfacet
  facet normal -0.989141 -0.146968 0
    outer loop
      vertex 31.0228 361.309 0
      vertex 31.0228 361.309 3
      vertex 30.9809 361.591 0
    endloop
  endfacet
  facet normal -0.989141 -0.146968 -0
    outer loop
      vertex 30.9809 361.591 3
      vertex 30.9809 361.591 0
      vertex 31.0228 361.309 3
    endloop
  endfacet
  facet normal -0.998897 -0.0469657 0
    outer loop
      vertex 31.0362 361.024 0
      vertex 31.0362 361.024 3
      vertex 31.0228 361.309 0
    endloop
  endfacet
  facet normal -0.998897 -0.0469657 -0
    outer loop
      vertex 31.0228 361.309 3
      vertex 31.0228 361.309 0
      vertex 31.0362 361.024 3
    endloop
  endfacet
  facet normal -0.998889 0.0471307 0
    outer loop
      vertex 31.0228 360.74 0
      vertex 31.0228 360.74 3
      vertex 31.0362 361.024 0
    endloop
  endfacet
  facet normal -0.998889 0.0471307 0
    outer loop
      vertex 31.0362 361.024 3
      vertex 31.0362 361.024 0
      vertex 31.0228 360.74 3
    endloop
  endfacet
  facet normal -0.989141 0.146968 0
    outer loop
      vertex 30.9809 360.458 0
      vertex 30.9809 360.458 3
      vertex 31.0228 360.74 0
    endloop
  endfacet
  facet normal -0.989141 0.146968 0
    outer loop
      vertex 31.0228 360.74 3
      vertex 31.0228 360.74 0
      vertex 30.9809 360.458 3
    endloop
  endfacet
  facet normal -0.970616 0.240632 0
    outer loop
      vertex 30.9571 360.362 0
      vertex 30.9571 360.362 3
      vertex 30.9809 360.458 0
    endloop
  endfacet
  facet normal -0.970616 0.240632 0
    outer loop
      vertex 30.9809 360.458 3
      vertex 30.9809 360.458 0
      vertex 30.9571 360.362 3
    endloop
  endfacet
  facet normal -0.969513 0.245042 0
    outer loop
      vertex 30.9111 360.18 0
      vertex 30.9111 360.18 3
      vertex 30.9571 360.362 0
    endloop
  endfacet
  facet normal -0.969513 0.245042 0
    outer loop
      vertex 30.9571 360.362 3
      vertex 30.9571 360.362 0
      vertex 30.9111 360.18 3
    endloop
  endfacet
  facet normal -0.941869 0.33598 0
    outer loop
      vertex 30.8155 359.912 0
      vertex 30.8155 359.912 3
      vertex 30.9111 360.18 0
    endloop
  endfacet
  facet normal -0.941869 0.33598 0
    outer loop
      vertex 30.9111 360.18 3
      vertex 30.9111 360.18 0
      vertex 30.8155 359.912 3
    endloop
  endfacet
  facet normal -0.903516 0.428555 0
    outer loop
      vertex 30.6936 359.655 0
      vertex 30.6936 359.655 3
      vertex 30.8155 359.912 0
    endloop
  endfacet
  facet normal -0.903516 0.428555 0
    outer loop
      vertex 30.8155 359.912 3
      vertex 30.8155 359.912 0
      vertex 30.6936 359.655 3
    endloop
  endfacet
  facet normal -0.856231 0.516593 0
    outer loop
      vertex 30.6755 359.625 0
      vertex 30.6755 359.625 3
      vertex 30.6936 359.655 0
    endloop
  endfacet
  facet normal -0.856231 0.516593 0
    outer loop
      vertex 30.6936 359.655 3
      vertex 30.6936 359.655 0
      vertex 30.6755 359.625 3
    endloop
  endfacet
  facet normal -0.857141 0.515082 0
    outer loop
      vertex 30.5463 359.41 0
      vertex 30.5463 359.41 3
      vertex 30.6755 359.625 0
    endloop
  endfacet
  facet normal -0.857141 0.515082 0
    outer loop
      vertex 30.6755 359.625 3
      vertex 30.6755 359.625 0
      vertex 30.5463 359.41 3
    endloop
  endfacet
  facet normal -0.804614 0.593798 0
    outer loop
      vertex 30.3773 359.181 0
      vertex 30.3773 359.181 3
      vertex 30.5463 359.41 0
    endloop
  endfacet
  facet normal -0.804614 0.593798 0
    outer loop
      vertex 30.5463 359.41 3
      vertex 30.5463 359.41 0
      vertex 30.3773 359.181 3
    endloop
  endfacet
  facet normal -0.740146 0.672446 0
    outer loop
      vertex 30.1856 358.97 0
      vertex 30.1856 358.97 3
      vertex 30.3773 359.181 0
    endloop
  endfacet
  facet normal -0.740146 0.672446 0
    outer loop
      vertex 30.3773 359.181 3
      vertex 30.3773 359.181 0
      vertex 30.1856 358.97 3
    endloop
  endfacet
  facet normal -0.671272 0.741211 0
    outer loop
      vertex 29.9747 358.779 0
      vertex 29.9747 358.779 3
      vertex 30.1856 358.97 0
    endloop
  endfacet
  facet normal -0.671272 0.741211 0
    outer loop
      vertex 30.1856 358.97 3
      vertex 30.1856 358.97 0
      vertex 29.9747 358.779 3
    endloop
  endfacet
  facet normal -0.597649 0.801758 0
    outer loop
      vertex 29.7453 358.608 0
      vertex 29.7453 358.608 3
      vertex 29.9747 358.779 0
    endloop
  endfacet
  facet normal -0.597649 0.801758 0
    outer loop
      vertex 29.9747 358.779 3
      vertex 29.9747 358.779 0
      vertex 29.7453 358.608 3
    endloop
  endfacet
  facet normal -0.511915 0.859036 0
    outer loop
      vertex 29.5003 358.462 0
      vertex 29.5003 358.462 3
      vertex 29.7453 358.608 0
    endloop
  endfacet
  facet normal -0.511915 0.859036 0
    outer loop
      vertex 29.7453 358.608 3
      vertex 29.7453 358.608 0
      vertex 29.5003 358.462 3
    endloop
  endfacet
  facet normal -0.427066 0.90422 0
    outer loop
      vertex 29.3288 358.381 0
      vertex 29.3288 358.381 3
      vertex 29.5003 358.462 0
    endloop
  endfacet
  facet normal -0.427066 0.90422 0
    outer loop
      vertex 29.5003 358.462 3
      vertex 29.5003 358.462 0
      vertex 29.3288 358.381 3
    endloop
  endfacet
  facet normal -0.431158 0.902277 0
    outer loop
      vertex 29.243 358.34 0
      vertex 29.243 358.34 3
      vertex 29.3288 358.381 0
    endloop
  endfacet
  facet normal -0.431158 0.902277 0
    outer loop
      vertex 29.3288 358.381 3
      vertex 29.3288 358.381 0
      vertex 29.243 358.34 3
    endloop
  endfacet
  facet normal -0.337003 0.941503 0
    outer loop
      vertex 28.9748 358.244 0
      vertex 28.9748 358.244 3
      vertex 29.243 358.34 0
    endloop
  endfacet
  facet normal -0.337003 0.941503 0
    outer loop
      vertex 29.243 358.34 3
      vertex 29.243 358.34 0
      vertex 28.9748 358.244 3
    endloop
  endfacet
  facet normal -0.245005 0.969522 0
    outer loop
      vertex 28.6978 358.174 0
      vertex 28.6978 358.174 3
      vertex 28.9748 358.244 0
    endloop
  endfacet
  facet normal -0.245005 0.969522 0
    outer loop
      vertex 28.9748 358.244 3
      vertex 28.9748 358.244 0
      vertex 28.6978 358.174 3
    endloop
  endfacet
  facet normal -0.143778 0.98961 0
    outer loop
      vertex 28.4156 358.133 0
      vertex 28.4156 358.133 3
      vertex 28.6978 358.174 0
    endloop
  endfacet
  facet normal -0.143778 0.98961 0
    outer loop
      vertex 28.6978 358.174 3
      vertex 28.6978 358.174 0
      vertex 28.4156 358.133 3
    endloop
  endfacet
  facet normal -0.0526141 0.998615 0
    outer loop
      vertex 28.1309 358.118 0
      vertex 28.1309 358.118 3
      vertex 28.4156 358.133 0
    endloop
  endfacet
  facet normal -0.0526141 0.998615 0
    outer loop
      vertex 28.4156 358.133 3
      vertex 28.4156 358.133 0
      vertex 28.1309 358.118 3
    endloop
  endfacet
  facet normal 0.0527064 0.99861 -0
    outer loop
      vertex 27.8467 358.133 0
      vertex 27.8467 358.133 3
      vertex 28.1309 358.118 0
    endloop
  endfacet
  facet normal 0.0527064 0.99861 0
    outer loop
      vertex 28.1309 358.118 3
      vertex 28.1309 358.118 0
      vertex 27.8467 358.133 3
    endloop
  endfacet
  facet normal 0.145502 0.989358 -0
    outer loop
      vertex -4.16585 316.415 0
      vertex -4.16585 316.415 3
      vertex -3.64908 316.339 0
    endloop
  endfacet
  facet normal 0.145502 0.989358 0
    outer loop
      vertex -3.64908 316.339 3
      vertex -3.64908 316.339 0
      vertex -4.16585 316.415 3
    endloop
  endfacet
  facet normal 0.243013 0.970023 -0
    outer loop
      vertex -4.67279 316.542 0
      vertex -4.67279 316.542 3
      vertex -4.16585 316.415 0
    endloop
  endfacet
  facet normal 0.243013 0.970023 0
    outer loop
      vertex -4.16585 316.415 3
      vertex -4.16585 316.415 0
      vertex -4.67279 316.542 3
    endloop
  endfacet
  facet normal 0.33653 0.941673 -0
    outer loop
      vertex -5.16527 316.718 0
      vertex -5.16527 316.718 3
      vertex -4.67279 316.542 0
    endloop
  endfacet
  facet normal 0.33653 0.941673 0
    outer loop
      vertex -4.67279 316.542 3
      vertex -4.67279 316.542 0
      vertex -5.16527 316.718 3
    endloop
  endfacet
  facet normal 0.428507 0.903538 -0
    outer loop
      vertex -5.63759 316.942 0
      vertex -5.63759 316.942 3
      vertex -5.16527 316.718 0
    endloop
  endfacet
  facet normal 0.428507 0.903538 0
    outer loop
      vertex -5.16527 316.718 3
      vertex -5.16527 316.718 0
      vertex -5.63759 316.942 3
    endloop
  endfacet
  facet normal 0.513335 0.858188 -0
    outer loop
      vertex -6.08563 317.21 0
      vertex -6.08563 317.21 3
      vertex -5.63759 316.942 0
    endloop
  endfacet
  facet normal 0.513335 0.858188 0
    outer loop
      vertex -5.63759 316.942 3
      vertex -5.63759 316.942 0
      vertex -6.08563 317.21 3
    endloop
  endfacet
  facet normal 0.596214 0.802825 -0
    outer loop
      vertex -6.50575 317.522 0
      vertex -6.50575 317.522 3
      vertex -6.08563 317.21 0
    endloop
  endfacet
  facet normal 0.596214 0.802825 0
    outer loop
      vertex -6.08563 317.21 3
      vertex -6.08563 317.21 0
      vertex -6.50575 317.522 3
    endloop
  endfacet
  facet normal 0.670706 0.741724 -0
    outer loop
      vertex -6.89281 317.872 0
      vertex -6.89281 317.872 3
      vertex -6.50575 317.522 0
    endloop
  endfacet
  facet normal 0.670706 0.741724 0
    outer loop
      vertex -6.50575 317.522 3
      vertex -6.50575 317.522 0
      vertex -6.89281 317.872 3
    endloop
  endfacet
  facet normal 0.741319 0.671153 -0
    outer loop
      vertex -7.24318 318.259 0
      vertex -7.24318 318.259 3
      vertex -6.89281 317.872 0
    endloop
  endfacet
  facet normal 0.741319 0.671153 0
    outer loop
      vertex -6.89281 317.872 3
      vertex -6.89281 317.872 0
      vertex -7.24318 318.259 3
    endloop
  endfacet
  facet normal 0.803101 0.595843 -0
    outer loop
      vertex -7.55479 318.679 0
      vertex -7.55479 318.679 3
      vertex -7.24318 318.259 0
    endloop
  endfacet
  facet normal 0.803101 0.595843 0
    outer loop
      vertex -7.24318 318.259 3
      vertex -7.24318 318.259 0
      vertex -7.55479 318.679 3
    endloop
  endfacet
  facet normal 0.858033 0.513594 -0
    outer loop
      vertex -7.5925 318.742 0
      vertex -7.5925 318.742 3
      vertex -7.55479 318.679 0
    endloop
  endfacet
  facet normal 0.858033 0.513594 0
    outer loop
      vertex -7.55479 318.679 3
      vertex -7.55479 318.679 0
      vertex -7.5925 318.742 3
    endloop
  endfacet
  facet normal 0.856992 0.51533 -0
    outer loop
      vertex -7.82401 319.127 0
      vertex -7.82401 319.127 3
      vertex -7.5925 318.742 0
    endloop
  endfacet
  facet normal 0.856992 0.51533 0
    outer loop
      vertex -7.5925 318.742 3
      vertex -7.5925 318.742 0
      vertex -7.82401 319.127 3
    endloop
  endfacet
  facet normal 0.904345 0.426801 -0
    outer loop
      vertex -8.04724 319.6 0
      vertex -8.04724 319.6 3
      vertex -7.82401 319.127 0
    endloop
  endfacet
  facet normal 0.904345 0.426801 0
    outer loop
      vertex -7.82401 319.127 3
      vertex -7.82401 319.127 0
      vertex -8.04724 319.6 3
    endloop
  endfacet
  facet normal 0.941435 0.337194 -0
    outer loop
      vertex -8.22346 320.092 0
      vertex -8.22346 320.092 3
      vertex -8.04724 319.6 0
    endloop
  endfacet
  facet normal 0.941435 0.337194 0
    outer loop
      vertex -8.04724 319.6 3
      vertex -8.04724 319.6 0
      vertex -8.22346 320.092 3
    endloop
  endfacet
  facet normal 0.970318 0.241834 -0
    outer loop
      vertex -8.35007 320.6 0
      vertex -8.35007 320.6 3
      vertex -8.22346 320.092 0
    endloop
  endfacet
  facet normal 0.970318 0.241834 0
    outer loop
      vertex -8.22346 320.092 3
      vertex -8.22346 320.092 0
      vertex -8.35007 320.6 3
    endloop
  endfacet
  facet normal 0.989188 0.146653 -0
    outer loop
      vertex -8.42657 321.116 0
      vertex -8.42657 321.116 3
      vertex -8.35007 320.6 0
    endloop
  endfacet
  facet normal 0.989188 0.146653 0
    outer loop
      vertex -8.35007 320.6 3
      vertex -8.35007 320.6 0
      vertex -8.42657 321.116 3
    endloop
  endfacet
  facet normal 0.998828 0.0484106 -0
    outer loop
      vertex -8.45187 321.638 0
      vertex -8.45187 321.638 3
      vertex -8.42657 321.116 0
    endloop
  endfacet
  facet normal 0.998828 0.0484106 0
    outer loop
      vertex -8.42657 321.116 3
      vertex -8.42657 321.116 0
      vertex -8.45187 321.638 3
    endloop
  endfacet
  facet normal 0.998823 -0.0485033 0
    outer loop
      vertex -8.42657 322.159 0
      vertex -8.42657 322.159 3
      vertex -8.45187 321.638 0
    endloop
  endfacet
  facet normal 0.998823 -0.0485033 0
    outer loop
      vertex -8.45187 321.638 3
      vertex -8.45187 321.638 0
      vertex -8.42657 322.159 3
    endloop
  endfacet
  facet normal 0.989229 -0.146375 0
    outer loop
      vertex -8.35007 322.676 0
      vertex -8.35007 322.676 3
      vertex -8.42657 322.159 0
    endloop
  endfacet
  facet normal 0.989229 -0.146375 0
    outer loop
      vertex -8.42657 322.159 3
      vertex -8.42657 322.159 0
      vertex -8.35007 322.676 3
    endloop
  endfacet
  facet normal 0.966235 -0.257663 0
    outer loop
      vertex -8.34207 322.706 0
      vertex -8.34207 322.706 3
      vertex -8.35007 322.676 0
    endloop
  endfacet
  facet normal 0.966235 -0.257663 0
    outer loop
      vertex -8.35007 322.676 3
      vertex -8.35007 322.676 0
      vertex -8.34207 322.706 3
    endloop
  endfacet
  facet normal 0.970205 -0.242287 0
    outer loop
      vertex -8.2227 323.184 0
      vertex -8.2227 323.184 3
      vertex -8.34207 322.706 0
    endloop
  endfacet
  facet normal 0.970205 -0.242287 0
    outer loop
      vertex -8.34207 322.706 3
      vertex -8.34207 322.706 0
      vertex -8.2227 323.184 3
    endloop
  endfacet
  facet normal 0.941441 -0.337178 0
    outer loop
      vertex -8.04649 323.676 0
      vertex -8.04649 323.676 3
      vertex -8.2227 323.184 0
    endloop
  endfacet
  facet normal 0.941441 -0.337178 0
    outer loop
      vertex -8.2227 323.184 3
      vertex -8.2227 323.184 0
      vertex -8.04649 323.676 3
    endloop
  endfacet
  facet normal 0.903981 -0.427572 0
    outer loop
      vertex -7.82324 324.148 0
      vertex -7.82324 324.148 3
      vertex -8.04649 323.676 0
    endloop
  endfacet
  facet normal 0.903981 -0.427572 0
    outer loop
      vertex -8.04649 323.676 3
      vertex -8.04649 323.676 0
      vertex -7.82324 324.148 3
    endloop
  endfacet
  facet normal 0.857138 -0.515086 0
    outer loop
      vertex -7.55402 324.596 0
      vertex -7.55402 324.596 3
      vertex -7.82324 324.148 0
    endloop
  endfacet
  facet normal 0.857138 -0.515086 0
    outer loop
      vertex -7.82324 324.148 3
      vertex -7.82324 324.148 0
      vertex -7.55402 324.596 3
    endloop
  endfacet
  facet normal 0.803769 -0.594942 0
    outer loop
      vertex -7.2424 325.017 0
      vertex -7.2424 325.017 3
      vertex -7.55402 324.596 0
    endloop
  endfacet
  facet normal 0.803769 -0.594942 0
    outer loop
      vertex -7.55402 324.596 3
      vertex -7.55402 324.596 0
      vertex -7.2424 325.017 3
    endloop
  endfacet
  facet normal 0.741319 -0.671153 0
    outer loop
      vertex -6.89203 325.404 0
      vertex -6.89203 325.404 3
      vertex -7.2424 325.017 0
    endloop
  endfacet
  facet normal 0.741319 -0.671153 0
    outer loop
      vertex -7.2424 325.017 3
      vertex -7.2424 325.017 0
      vertex -6.89203 325.404 3
    endloop
  endfacet
  facet normal 0.670706 -0.741724 0
    outer loop
      vertex -6.50497 325.754 0
      vertex -6.50497 325.754 3
      vertex -6.89203 325.404 0
    endloop
  endfacet
  facet normal 0.670706 -0.741724 0
    outer loop
      vertex -6.89203 325.404 3
      vertex -6.89203 325.404 0
      vertex -6.50497 325.754 3
    endloop
  endfacet
  facet normal 0.59498 -0.80374 0
    outer loop
      vertex -6.08485 326.065 0
      vertex -6.08485 326.065 3
      vertex -6.50497 325.754 0
    endloop
  endfacet
  facet normal 0.59498 -0.80374 0
    outer loop
      vertex -6.50497 325.754 3
      vertex -6.50497 325.754 0
      vertex -6.08485 326.065 3
    endloop
  endfacet
  facet normal 0.514743 -0.857344 0
    outer loop
      vertex -5.63681 326.334 0
      vertex -5.63681 326.334 3
      vertex -6.08485 326.065 0
    endloop
  endfacet
  facet normal 0.514743 -0.857344 0
    outer loop
      vertex -6.08485 326.065 3
      vertex -6.08485 326.065 0
      vertex -5.63681 326.334 3
    endloop
  endfacet
  facet normal 0.428507 -0.903538 0
    outer loop
      vertex -5.16449 326.558 0
      vertex -5.16449 326.558 3
      vertex -5.63681 326.334 0
    endloop
  endfacet
  facet normal 0.428507 -0.903538 0
    outer loop
      vertex -5.63681 326.334 3
      vertex -5.63681 326.334 0
      vertex -5.16449 326.558 3
    endloop
  endfacet
  facet normal 0.33626 -0.941769 0
    outer loop
      vertex -4.85081 326.67 0
      vertex -4.85081 326.67 3
      vertex -5.16449 326.558 0
    endloop
  endfacet
  facet normal 0.33626 -0.941769 0
    outer loop
      vertex -5.16449 326.558 3
      vertex -5.16449 326.558 0
      vertex -4.85081 326.67 3
    endloop
  endfacet
  facet normal 0.337003 -0.941503 0
    outer loop
      vertex -4.67201 326.734 0
      vertex -4.67201 326.734 3
      vertex -4.85081 326.67 0
    endloop
  endfacet
  facet normal 0.337003 -0.941503 0
    outer loop
      vertex -4.85081 326.67 3
      vertex -4.85081 326.67 0
      vertex -4.67201 326.734 3
    endloop
  endfacet
  facet normal 0.243013 -0.970023 0
    outer loop
      vertex -4.16507 326.861 0
      vertex -4.16507 326.861 3
      vertex -4.67201 326.734 0
    endloop
  endfacet
  facet normal 0.243013 -0.970023 0
    outer loop
      vertex -4.67201 326.734 3
      vertex -4.67201 326.734 0
      vertex -4.16507 326.861 3
    endloop
  endfacet
  facet normal -0.887217 0.461353 0
    outer loop
      vertex -4.16559 326.86 0
      vertex -4.16559 326.86 3
      vertex -4.16507 326.861 0
    endloop
  endfacet
  facet normal -0.887217 0.461353 0
    outer loop
      vertex -4.16507 326.861 3
      vertex -4.16507 326.861 0
      vertex -4.16559 326.86 3
    endloop
  endfacet
  facet normal 0.147375 -0.989081 0
    outer loop
      vertex -3.64882 326.937 0
      vertex -3.64882 326.937 3
      vertex -4.16559 326.86 0
    endloop
  endfacet
  facet normal 0.147375 -0.989081 0
    outer loop
      vertex -4.16559 326.86 3
      vertex -4.16559 326.86 0
      vertex -3.64882 326.937 3
    endloop
  endfacet
  facet normal 0.0497534 -0.998762 0
    outer loop
      vertex -3.12689 326.963 0
      vertex -3.12689 326.963 3
      vertex -3.64882 326.937 0
    endloop
  endfacet
  facet normal 0.0497534 -0.998762 0
    outer loop
      vertex -3.64882 326.937 3
      vertex -3.64882 326.937 0
      vertex -3.12689 326.963 3
    endloop
  endfacet
  facet normal -0.0498525 -0.998757 0
    outer loop
      vertex -2.606 326.937 0
      vertex -2.606 326.937 3
      vertex -3.12689 326.963 0
    endloop
  endfacet
  facet normal -0.0498525 -0.998757 -0
    outer loop
      vertex -3.12689 326.963 3
      vertex -3.12689 326.963 0
      vertex -2.606 326.937 3
    endloop
  endfacet
  facet normal -0.145508 -0.989357 0
    outer loop
      vertex -2.08925 326.861 0
      vertex -2.08925 326.861 3
      vertex -2.606 326.937 0
    endloop
  endfacet
  facet normal -0.145508 -0.989357 -0
    outer loop
      vertex -2.606 326.937 3
      vertex -2.606 326.937 0
      vertex -2.08925 326.861 3
    endloop
  endfacet
  facet normal -0.243004 -0.970025 0
    outer loop
      vertex -1.58229 326.734 0
      vertex -1.58229 326.734 3
      vertex -2.08925 326.861 0
    endloop
  endfacet
  facet normal -0.243004 -0.970025 -0
    outer loop
      vertex -2.08925 326.861 3
      vertex -2.08925 326.861 0
      vertex -1.58229 326.734 3
    endloop
  endfacet
  facet normal -0.337003 -0.941503 0
    outer loop
      vertex -1.40349 326.67 0
      vertex -1.40349 326.67 3
      vertex -1.58229 326.734 0
    endloop
  endfacet
  facet normal -0.337003 -0.941503 -0
    outer loop
      vertex -1.58229 326.734 3
      vertex -1.58229 326.734 0
      vertex -1.40349 326.67 3
    endloop
  endfacet
  facet normal -0.336279 -0.941762 0
    outer loop
      vertex -1.08983 326.558 0
      vertex -1.08983 326.558 3
      vertex -1.40349 326.67 0
    endloop
  endfacet
  facet normal -0.336279 -0.941762 -0
    outer loop
      vertex -1.40349 326.67 3
      vertex -1.40349 326.67 0
      vertex -1.08983 326.558 3
    endloop
  endfacet
  facet normal -0.428506 -0.903539 0
    outer loop
      vertex -0.617508 326.334 0
      vertex -0.617508 326.334 3
      vertex -1.08983 326.558 0
    endloop
  endfacet
  facet normal -0.428506 -0.903539 -0
    outer loop
      vertex -1.08983 326.558 3
      vertex -1.08983 326.558 0
      vertex -0.617508 326.334 3
    endloop
  endfacet
  facet normal -0.51474 -0.857346 0
    outer loop
      vertex -0.169464 326.065 0
      vertex -0.169464 326.065 3
      vertex -0.617508 326.334 0
    endloop
  endfacet
  facet normal -0.51474 -0.857346 -0
    outer loop
      vertex -0.617508 326.334 3
      vertex -0.617508 326.334 0
      vertex -0.169464 326.065 3
    endloop
  endfacet
  facet normal -0.594967 -0.80375 0
    outer loop
      vertex 0.250671 325.754 0
      vertex 0.250671 325.754 3
      vertex -0.169464 326.065 0
    endloop
  endfacet
  facet normal -0.594967 -0.80375 -0
    outer loop
      vertex -0.169464 326.065 3
      vertex -0.169464 326.065 0
      vertex 0.250671 325.754 3
    endloop
  endfacet
  facet normal -0.67071 -0.741719 0
    outer loop
      vertex 0.637726 325.404 0
      vertex 0.637726 325.404 3
      vertex 0.250671 325.754 0
    endloop
  endfacet
  facet normal -0.67071 -0.741719 -0
    outer loop
      vertex 0.250671 325.754 3
      vertex 0.250671 325.754 0
      vertex 0.637726 325.404 3
    endloop
  endfacet
  facet normal -0.742193 -0.670187 0
    outer loop
      vertex 0.988083 325.016 0
      vertex 0.988083 325.016 3
      vertex 0.637726 325.404 0
    endloop
  endfacet
  facet normal -0.742193 -0.670187 -0
    outer loop
      vertex 0.637726 325.404 3
      vertex 0.637726 325.404 0
      vertex 0.988083 325.016 3
    endloop
  endfacet
  facet normal -0.803094 -0.595852 0
    outer loop
      vertex 1.2997 324.596 0
      vertex 1.2997 324.596 3
      vertex 0.988083 325.016 0
    endloop
  endfacet
  facet normal -0.803094 -0.595852 -0
    outer loop
      vertex 0.988083 325.016 3
      vertex 0.988083 325.016 0
      vertex 1.2997 324.596 3
    endloop
  endfacet
  facet normal -0.857138 -0.515086 0
    outer loop
      vertex 1.56892 324.148 0
      vertex 1.56892 324.148 3
      vertex 1.2997 324.596 0
    endloop
  endfacet
  facet normal -0.857138 -0.515086 -0
    outer loop
      vertex 1.2997 324.596 3
      vertex 1.2997 324.596 0
      vertex 1.56892 324.148 3
    endloop
  endfacet
  facet normal -0.903974 -0.427587 0
    outer loop
      vertex 1.79218 323.676 0
      vertex 1.79218 323.676 3
      vertex 1.56892 324.148 0
    endloop
  endfacet
  facet normal -0.903974 -0.427587 -0
    outer loop
      vertex 1.56892 324.148 3
      vertex 1.56892 324.148 0
      vertex 1.79218 323.676 3
    endloop
  endfacet
  facet normal -0.941664 -0.336554 0
    outer loop
      vertex 1.96838 323.183 0
      vertex 1.96838 323.183 3
      vertex 1.79218 323.676 0
    endloop
  endfacet
  facet normal -0.941664 -0.336554 -0
    outer loop
      vertex 1.79218 323.676 3
      vertex 1.79218 323.676 0
      vertex 1.96838 323.183 3
    endloop
  endfacet
  facet normal -0.970075 -0.242804 0
    outer loop
      vertex 2.08777 322.706 0
      vertex 2.08777 322.706 3
      vertex 1.96838 323.183 0
    endloop
  endfacet
  facet normal -0.970075 -0.242804 -0
    outer loop
      vertex 1.96838 323.183 3
      vertex 1.96838 323.183 0
      vertex 2.08777 322.706 3
    endloop
  endfacet
  facet normal -0.966315 -0.257362 0
    outer loop
      vertex 2.09576 322.676 0
      vertex 2.09576 322.676 3
      vertex 2.08777 322.706 0
    endloop
  endfacet
  facet normal -0.966315 -0.257362 -0
    outer loop
      vertex 2.08777 322.706 3
      vertex 2.08777 322.706 0
      vertex 2.09576 322.676 3
    endloop
  endfacet
  facet normal -0.989185 -0.146672 0
    outer loop
      vertex 2.17227 322.16 0
      vertex 2.17227 322.16 3
      vertex 2.09576 322.676 0
    endloop
  endfacet
  facet normal -0.989185 -0.146672 -0
    outer loop
      vertex 2.09576 322.676 3
      vertex 2.09576 322.676 0
      vertex 2.17227 322.16 3
    endloop
  endfacet
  facet normal -0.998724 -0.0505102 0
    outer loop
      vertex 2.19867 321.638 0
      vertex 2.19867 321.638 3
      vertex 2.17227 322.16 0
    endloop
  endfacet
  facet normal -0.998724 -0.0505102 -0
    outer loop
      vertex 2.17227 322.16 3
      vertex 2.17227 322.16 0
      vertex 2.19867 321.638 3
    endloop
  endfacet
  facet normal -0.998724 0.0505102 0
    outer loop
      vertex 2.17227 321.116 0
      vertex 2.17227 321.116 3
      vertex 2.19867 321.638 0
    endloop
  endfacet
  facet normal -0.998724 0.0505102 0
    outer loop
      vertex 2.19867 321.638 3
      vertex 2.19867 321.638 0
      vertex 2.17227 321.116 3
    endloop
  endfacet
  facet normal -0.989185 0.146672 0
    outer loop
      vertex 2.09576 320.6 0
      vertex 2.09576 320.6 3
      vertex 2.17227 321.116 0
    endloop
  endfacet
  facet normal -0.989185 0.146672 0
    outer loop
      vertex 2.17227 321.116 3
      vertex 2.17227 321.116 0
      vertex 2.09576 320.6 3
    endloop
  endfacet
  facet normal -0.970322 0.241816 0
    outer loop
      vertex 1.96916 320.092 0
      vertex 1.96916 320.092 3
      vertex 2.09576 320.6 0
    endloop
  endfacet
  facet normal -0.970322 0.241816 0
    outer loop
      vertex 2.09576 320.6 3
      vertex 2.09576 320.6 0
      vertex 1.96916 320.092 3
    endloop
  endfacet
  facet normal -0.941435 0.337194 0
    outer loop
      vertex 1.79294 319.6 0
      vertex 1.79294 319.6 3
      vertex 1.96916 320.092 0
    endloop
  endfacet
  facet normal -0.941435 0.337194 0
    outer loop
      vertex 1.96916 320.092 3
      vertex 1.96916 320.092 0
      vertex 1.79294 319.6 3
    endloop
  endfacet
  facet normal -0.904338 0.426817 0
    outer loop
      vertex 1.5697 319.127 0
      vertex 1.5697 319.127 3
      vertex 1.79294 319.6 0
    endloop
  endfacet
  facet normal -0.904338 0.426817 0
    outer loop
      vertex 1.79294 319.6 3
      vertex 1.79294 319.6 0
      vertex 1.5697 319.127 3
    endloop
  endfacet
  facet normal -0.857002 0.515314 0
    outer loop
      vertex 1.3382 318.742 0
      vertex 1.3382 318.742 3
      vertex 1.5697 319.127 0
    endloop
  endfacet
  facet normal -0.857002 0.515314 0
    outer loop
      vertex 1.5697 319.127 3
      vertex 1.5697 319.127 0
      vertex 1.3382 318.742 3
    endloop
  endfacet
  facet normal -0.858033 0.513594 0
    outer loop
      vertex 1.30049 318.679 0
      vertex 1.30049 318.679 3
      vertex 1.3382 318.742 0
    endloop
  endfacet
  facet normal -0.858033 0.513594 0
    outer loop
      vertex 1.3382 318.742 3
      vertex 1.3382 318.742 0
      vertex 1.30049 318.679 3
    endloop
  endfacet
  facet normal -0.802417 0.596764 0
    outer loop
      vertex 0.988876 318.26 0
      vertex 0.988876 318.26 3
      vertex 1.30049 318.679 0
    endloop
  endfacet
  facet normal -0.802417 0.596764 0
    outer loop
      vertex 1.30049 318.679 3
      vertex 1.30049 318.679 0
      vertex 0.988876 318.26 3
    endloop
  endfacet
  facet normal -0.742178 0.670202 0
    outer loop
      vertex 0.638504 317.872 0
      vertex 0.638504 317.872 3
      vertex 0.988876 318.26 0
    endloop
  endfacet
  facet normal -0.742178 0.670202 0
    outer loop
      vertex 0.988876 318.26 3
      vertex 0.988876 318.26 0
      vertex 0.638504 317.872 3
    endloop
  endfacet
  facet normal -0.670726 0.741706 0
    outer loop
      vertex 0.251465 317.522 0
      vertex 0.251465 317.522 3
      vertex 0.638504 317.872 0
    endloop
  endfacet
  facet normal -0.670726 0.741706 0
    outer loop
      vertex 0.638504 317.872 3
      vertex 0.638504 317.872 0
      vertex 0.251465 317.522 3
    endloop
  endfacet
  facet normal -0.595427 0.803409 0
    outer loop
      vertex -0.168167 317.211 0
      vertex -0.168167 317.211 3
      vertex 0.251465 317.522 0
    endloop
  endfacet
  facet normal -0.595427 0.803409 0
    outer loop
      vertex 0.251465 317.522 3
      vertex 0.251465 317.522 0
      vertex -0.168167 317.211 3
    endloop
  endfacet
  facet normal -0.51572 0.856757 0
    outer loop
      vertex -0.616714 316.941 0
      vertex -0.616714 316.941 3
      vertex -0.168167 317.211 0
    endloop
  endfacet
  facet normal -0.51572 0.856757 0
    outer loop
      vertex -0.168167 317.211 3
      vertex -0.168167 317.211 0
      vertex -0.616714 316.941 3
    endloop
  endfacet
  facet normal -0.427324 0.904099 0
    outer loop
      vertex -1.08852 316.718 0
      vertex -1.08852 316.718 3
      vertex -0.616714 316.941 0
    endloop
  endfacet
  facet normal -0.427324 0.904099 0
    outer loop
      vertex -0.616714 316.941 3
      vertex -0.616714 316.941 0
      vertex -1.08852 316.718 3
    endloop
  endfacet
  facet normal -0.336221 0.941783 0
    outer loop
      vertex -1.58151 316.542 0
      vertex -1.58151 316.542 3
      vertex -1.08852 316.718 0
    endloop
  endfacet
  facet normal -0.336221 0.941783 0
    outer loop
      vertex -1.08852 316.718 3
      vertex -1.08852 316.718 0
      vertex -1.58151 316.542 3
    endloop
  endfacet
  facet normal -0.243008 0.970024 0
    outer loop
      vertex -2.08846 316.415 0
      vertex -2.08846 316.415 3
      vertex -1.58151 316.542 0
    endloop
  endfacet
  facet normal -0.243008 0.970024 0
    outer loop
      vertex -1.58151 316.542 3
      vertex -1.58151 316.542 0
      vertex -2.08846 316.415 3
    endloop
  endfacet
  facet normal -0.147378 0.98908 0
    outer loop
      vertex -2.60522 316.338 0
      vertex -2.60522 316.338 3
      vertex -2.08846 316.415 0
    endloop
  endfacet
  facet normal -0.147378 0.98908 0
    outer loop
      vertex -2.08846 316.415 3
      vertex -2.08846 316.415 0
      vertex -2.60522 316.338 3
    endloop
  endfacet
  facet normal -0.04475 0.998998 0
    outer loop
      vertex -2.71684 316.333 0
      vertex -2.71684 316.333 3
      vertex -2.60522 316.338 0
    endloop
  endfacet
  facet normal -0.04475 0.998998 0
    outer loop
      vertex -2.60522 316.338 3
      vertex -2.60522 316.338 0
      vertex -2.71684 316.333 3
    endloop
  endfacet
  facet normal -0.0486858 0.998814 0
    outer loop
      vertex -3.12715 316.313 0
      vertex -3.12715 316.313 3
      vertex -2.71684 316.333 0
    endloop
  endfacet
  facet normal -0.0486858 0.998814 0
    outer loop
      vertex -2.71684 316.333 3
      vertex -2.71684 316.333 0
      vertex -3.12715 316.313 3
    endloop
  endfacet
  facet normal 0.0497534 0.998762 -0
    outer loop
      vertex -3.64908 316.339 0
      vertex -3.64908 316.339 3
      vertex -3.12715 316.313 0
    endloop
  endfacet
  facet normal 0.0497534 0.998762 0
    outer loop
      vertex -3.12715 316.313 3
      vertex -3.12715 316.313 0
      vertex -3.64908 316.339 3
    endloop
  endfacet
endsolid OpenSCAD_Model
