solid OpenSCAD_Model
  facet normal 0.678798 0.734325 -0
    outer loop
      vertex 5.3033 5.3033 -1.5
      vertex 4.87086 5.70304 1.5
      vertex 5.3033 5.3033 1.5
    endloop
  endfacet
  facet normal 0.678798 0.734325 0
    outer loop
      vertex 4.87086 5.70304 1.5
      vertex 5.3033 5.3033 -1.5
      vertex 4.87086 5.70304 -1.5
    endloop
  endfacet
  facet normal -0.346111 0.938194 0
    outer loop
      vertex -2.31763 7.13292 -1.5
      vertex -2.87012 6.9291 1.5
      vertex -2.31763 7.13292 1.5
    endloop
  endfacet
  facet normal -0.346111 0.938194 0
    outer loop
      vertex -2.87012 6.9291 1.5
      vertex -2.31763 7.13292 -1.5
      vertex -2.87012 6.9291 -1.5
    endloop
  endfacet
  facet normal -0.908144 0.418659 0
    outer loop
      vertex -6.9291 2.87012 -1.5
      vertex -6.68255 3.40493 1.5
      vertex -6.68255 3.40493 -1.5
    endloop
  endfacet
  facet normal -0.908144 0.418659 0
    outer loop
      vertex -6.68255 3.40493 1.5
      vertex -6.9291 2.87012 -1.5
      vertex -6.9291 2.87012 1.5
    endloop
  endfacet
  facet normal 0.938194 0.346111 0
    outer loop
      vertex 7.13292 2.31763 1.5
      vertex 6.9291 2.87012 -1.5
      vertex 6.9291 2.87012 1.5
    endloop
  endfacet
  facet normal 0.938194 0.346111 0
    outer loop
      vertex 6.9291 2.87012 -1.5
      vertex 7.13292 2.31763 1.5
      vertex 7.13292 2.31763 -1.5
    endloop
  endfacet
  facet normal 0.908144 0.418659 0
    outer loop
      vertex 6.9291 2.87012 1.5
      vertex 6.68255 3.40493 -1.5
      vertex 6.68255 3.40493 1.5
    endloop
  endfacet
  facet normal 0.908144 0.418659 0
    outer loop
      vertex 6.68255 3.40493 -1.5
      vertex 6.9291 2.87012 1.5
      vertex 6.9291 2.87012 -1.5
    endloop
  endfacet
  facet normal 0.418659 0.908144 -0
    outer loop
      vertex 3.40493 6.68255 -1.5
      vertex 2.87012 6.9291 1.5
      vertex 3.40493 6.68255 1.5
    endloop
  endfacet
  facet normal 0.418659 0.908144 0
    outer loop
      vertex 2.87012 6.9291 1.5
      vertex 3.40493 6.68255 -1.5
      vertex 2.87012 6.9291 -1.5
    endloop
  endfacet
  facet normal 0.195094 0.980785 -0
    outer loop
      vertex 1.75084 7.29277 -1.5
      vertex 1.17326 7.40766 1.5
      vertex 1.75084 7.29277 1.5
    endloop
  endfacet
  facet normal 0.195094 0.980785 0
    outer loop
      vertex 1.17326 7.40766 1.5
      vertex 1.75084 7.29277 -1.5
      vertex 1.17326 7.40766 -1.5
    endloop
  endfacet
  facet normal -0.980785 0.195094 0
    outer loop
      vertex -7.40766 1.17326 -1.5
      vertex -7.29277 1.75084 1.5
      vertex -7.29277 1.75084 -1.5
    endloop
  endfacet
  facet normal -0.980785 0.195094 0
    outer loop
      vertex -7.29277 1.75084 1.5
      vertex -7.40766 1.17326 -1.5
      vertex -7.40766 1.17326 1.5
    endloop
  endfacet
  facet normal -0.734325 0.678798 0
    outer loop
      vertex -5.70304 4.87086 -1.5
      vertex -5.3033 5.3033 1.5
      vertex -5.3033 5.3033 -1.5
    endloop
  endfacet
  facet normal -0.734325 0.678798 0
    outer loop
      vertex -5.3033 5.3033 1.5
      vertex -5.70304 4.87086 -1.5
      vertex -5.70304 4.87086 1.5
    endloop
  endfacet
  facet normal -0.195094 0.980785 0
    outer loop
      vertex -1.17326 7.40766 -1.5
      vertex -1.75084 7.29277 1.5
      vertex -1.17326 7.40766 1.5
    endloop
  endfacet
  facet normal -0.195094 0.980785 0
    outer loop
      vertex -1.75084 7.29277 1.5
      vertex -1.17326 7.40766 -1.5
      vertex -1.75084 7.29277 -1.5
    endloop
  endfacet
  facet normal 0.993068 -0.117541 0
    outer loop
      vertex 7.40766 -1.17326 1.5
      vertex 7.47688 -0.588443 -1.5
      vertex 7.47688 -0.588443 1.5
    endloop
  endfacet
  facet normal 0.993068 -0.117541 0
    outer loop
      vertex 7.47688 -0.588443 -1.5
      vertex 7.40766 -1.17326 1.5
      vertex 7.40766 -1.17326 -1.5
    endloop
  endfacet
  facet normal 0.734325 -0.678798 0
    outer loop
      vertex 5.3033 -5.3033 1.5
      vertex 5.70304 -4.87086 -1.5
      vertex 5.70304 -4.87086 1.5
    endloop
  endfacet
  facet normal 0.734325 -0.678798 0
    outer loop
      vertex 5.70304 -4.87086 -1.5
      vertex 5.3033 -5.3033 1.5
      vertex 5.3033 -5.3033 -1.5
    endloop
  endfacet
  facet normal -0.195094 -0.980785 0
    outer loop
      vertex -1.75084 -7.29277 -1.5
      vertex -1.17326 -7.40766 1.5
      vertex -1.75084 -7.29277 1.5
    endloop
  endfacet
  facet normal -0.195094 -0.980785 -0
    outer loop
      vertex -1.17326 -7.40766 1.5
      vertex -1.75084 -7.29277 -1.5
      vertex -1.17326 -7.40766 -1.5
    endloop
  endfacet
  facet normal -0.678798 -0.734325 0
    outer loop
      vertex -5.3033 -5.3033 -1.5
      vertex -4.87086 -5.70304 1.5
      vertex -5.3033 -5.3033 1.5
    endloop
  endfacet
  facet normal -0.678798 -0.734325 -0
    outer loop
      vertex -4.87086 -5.70304 1.5
      vertex -5.3033 -5.3033 -1.5
      vertex -4.87086 -5.70304 -1.5
    endloop
  endfacet
  facet normal 0.993068 0.117541 0
    outer loop
      vertex 7.47688 0.588443 1.5
      vertex 7.40766 1.17326 -1.5
      vertex 7.40766 1.17326 1.5
    endloop
  endfacet
  facet normal 0.993068 0.117541 0
    outer loop
      vertex 7.40766 1.17326 -1.5
      vertex 7.47688 0.588443 1.5
      vertex 7.47688 0.588443 -1.5
    endloop
  endfacet
  facet normal 0.980785 0.195094 0
    outer loop
      vertex 7.40766 1.17326 1.5
      vertex 7.29277 1.75084 -1.5
      vertex 7.29277 1.75084 1.5
    endloop
  endfacet
  facet normal 0.980785 0.195094 0
    outer loop
      vertex 7.29277 1.75084 -1.5
      vertex 7.40766 1.17326 1.5
      vertex 7.40766 1.17326 -1.5
    endloop
  endfacet
  facet normal 0.962456 0.271438 0
    outer loop
      vertex 7.29277 1.75084 1.5
      vertex 7.13292 2.31763 -1.5
      vertex 7.13292 2.31763 1.5
    endloop
  endfacet
  facet normal 0.962456 0.271438 0
    outer loop
      vertex 7.13292 2.31763 -1.5
      vertex 7.29277 1.75084 1.5
      vertex 7.29277 1.75084 -1.5
    endloop
  endfacet
  facet normal 0.831472 0.555566 0
    outer loop
      vertex 6.3948 3.91874 1.5
      vertex 6.06763 4.40839 -1.5
      vertex 6.06763 4.40839 1.5
    endloop
  endfacet
  facet normal 0.831472 0.555566 0
    outer loop
      vertex 6.06763 4.40839 -1.5
      vertex 6.3948 3.91874 1.5
      vertex 6.3948 3.91874 -1.5
    endloop
  endfacet
  facet normal 0.872494 0.488625 0
    outer loop
      vertex 6.68255 3.40493 1.5
      vertex 6.3948 3.91874 -1.5
      vertex 6.3948 3.91874 1.5
    endloop
  endfacet
  facet normal 0.872494 0.488625 0
    outer loop
      vertex 6.3948 3.91874 -1.5
      vertex 6.68255 3.40493 1.5
      vertex 6.68255 3.40493 -1.5
    endloop
  endfacet
  facet normal 0.555566 0.831472 -0
    outer loop
      vertex 4.40839 6.06763 -1.5
      vertex 3.91874 6.3948 1.5
      vertex 4.40839 6.06763 1.5
    endloop
  endfacet
  facet normal 0.555566 0.831472 0
    outer loop
      vertex 3.91874 6.3948 1.5
      vertex 4.40839 6.06763 -1.5
      vertex 3.91874 6.3948 -1.5
    endloop
  endfacet
  facet normal 0.0392598 0.999229 -0
    outer loop
      vertex 0.588443 7.47688 -1.5
      vertex 0 7.5 1.5
      vertex 0.588443 7.47688 1.5
    endloop
  endfacet
  facet normal 0.0392598 0.999229 0
    outer loop
      vertex 0 7.5 1.5
      vertex 0.588443 7.47688 -1.5
      vertex 0 7.5 -1.5
    endloop
  endfacet
  facet normal 0.488625 0.872494 -0
    outer loop
      vertex 3.91874 6.3948 -1.5
      vertex 3.40493 6.68255 1.5
      vertex 3.91874 6.3948 1.5
    endloop
  endfacet
  facet normal 0.488625 0.872494 0
    outer loop
      vertex 3.40493 6.68255 1.5
      vertex 3.91874 6.3948 -1.5
      vertex 3.40493 6.68255 -1.5
    endloop
  endfacet
  facet normal 0.346111 0.938194 -0
    outer loop
      vertex 2.87012 6.9291 -1.5
      vertex 2.31763 7.13292 1.5
      vertex 2.87012 6.9291 1.5
    endloop
  endfacet
  facet normal 0.346111 0.938194 0
    outer loop
      vertex 2.31763 7.13292 1.5
      vertex 2.87012 6.9291 -1.5
      vertex 2.31763 7.13292 -1.5
    endloop
  endfacet
  facet normal 0.271438 0.962456 -0
    outer loop
      vertex 2.31763 7.13292 -1.5
      vertex 1.75084 7.29277 1.5
      vertex 2.31763 7.13292 1.5
    endloop
  endfacet
  facet normal 0.271438 0.962456 0
    outer loop
      vertex 1.75084 7.29277 1.5
      vertex 2.31763 7.13292 -1.5
      vertex 1.75084 7.29277 -1.5
    endloop
  endfacet
  facet normal -0.999229 0.0392598 0
    outer loop
      vertex -7.5 0 -1.5
      vertex -7.47688 0.588443 1.5
      vertex -7.47688 0.588443 -1.5
    endloop
  endfacet
  facet normal -0.999229 0.0392598 0
    outer loop
      vertex -7.47688 0.588443 1.5
      vertex -7.5 0 -1.5
      vertex -7.5 0 1.5
    endloop
  endfacet
  facet normal -0.938194 0.346111 0
    outer loop
      vertex -7.13292 2.31763 -1.5
      vertex -6.9291 2.87012 1.5
      vertex -6.9291 2.87012 -1.5
    endloop
  endfacet
  facet normal -0.938194 0.346111 0
    outer loop
      vertex -6.9291 2.87012 1.5
      vertex -7.13292 2.31763 -1.5
      vertex -7.13292 2.31763 1.5
    endloop
  endfacet
  facet normal -0.962456 0.271438 0
    outer loop
      vertex -7.29277 1.75084 -1.5
      vertex -7.13292 2.31763 1.5
      vertex -7.13292 2.31763 -1.5
    endloop
  endfacet
  facet normal -0.962456 0.271438 0
    outer loop
      vertex -7.13292 2.31763 1.5
      vertex -7.29277 1.75084 -1.5
      vertex -7.29277 1.75084 1.5
    endloop
  endfacet
  facet normal -0.872494 0.488625 0
    outer loop
      vertex -6.68255 3.40493 -1.5
      vertex -6.3948 3.91874 1.5
      vertex -6.3948 3.91874 -1.5
    endloop
  endfacet
  facet normal -0.872494 0.488625 0
    outer loop
      vertex -6.3948 3.91874 1.5
      vertex -6.68255 3.40493 -1.5
      vertex -6.68255 3.40493 1.5
    endloop
  endfacet
  facet normal -0.831472 0.555566 0
    outer loop
      vertex -6.3948 3.91874 -1.5
      vertex -6.06763 4.40839 1.5
      vertex -6.06763 4.40839 -1.5
    endloop
  endfacet
  facet normal -0.831472 0.555566 0
    outer loop
      vertex -6.06763 4.40839 1.5
      vertex -6.3948 3.91874 -1.5
      vertex -6.3948 3.91874 1.5
    endloop
  endfacet
  facet normal -0.117541 0.993068 0
    outer loop
      vertex -0.588443 7.47688 -1.5
      vertex -1.17326 7.40766 1.5
      vertex -0.588443 7.47688 1.5
    endloop
  endfacet
  facet normal -0.117541 0.993068 0
    outer loop
      vertex -1.17326 7.40766 1.5
      vertex -0.588443 7.47688 -1.5
      vertex -1.17326 7.40766 -1.5
    endloop
  endfacet
  facet normal -0.271438 0.962456 0
    outer loop
      vertex -1.75084 7.29277 -1.5
      vertex -2.31763 7.13292 1.5
      vertex -1.75084 7.29277 1.5
    endloop
  endfacet
  facet normal -0.271438 0.962456 0
    outer loop
      vertex -2.31763 7.13292 1.5
      vertex -1.75084 7.29277 -1.5
      vertex -2.31763 7.13292 -1.5
    endloop
  endfacet
  facet normal -0.488625 0.872494 0
    outer loop
      vertex -3.40493 6.68255 -1.5
      vertex -3.91874 6.3948 1.5
      vertex -3.40493 6.68255 1.5
    endloop
  endfacet
  facet normal -0.488625 0.872494 0
    outer loop
      vertex -3.91874 6.3948 1.5
      vertex -3.40493 6.68255 -1.5
      vertex -3.91874 6.3948 -1.5
    endloop
  endfacet
  facet normal -0.555566 0.831472 0
    outer loop
      vertex -3.91874 6.3948 -1.5
      vertex -4.40839 6.06763 1.5
      vertex -3.91874 6.3948 1.5
    endloop
  endfacet
  facet normal -0.555566 0.831472 0
    outer loop
      vertex -4.40839 6.06763 1.5
      vertex -3.91874 6.3948 -1.5
      vertex -4.40839 6.06763 -1.5
    endloop
  endfacet
  facet normal -0.418659 0.908144 0
    outer loop
      vertex -2.87012 6.9291 -1.5
      vertex -3.40493 6.68255 1.5
      vertex -2.87012 6.9291 1.5
    endloop
  endfacet
  facet normal -0.418659 0.908144 0
    outer loop
      vertex -3.40493 6.68255 1.5
      vertex -2.87012 6.9291 -1.5
      vertex -3.40493 6.68255 -1.5
    endloop
  endfacet
  facet normal 0.999229 0.0392598 0
    outer loop
      vertex 7.5 0 1.5
      vertex 7.47688 0.588443 -1.5
      vertex 7.47688 0.588443 1.5
    endloop
  endfacet
  facet normal 0.999229 0.0392598 0
    outer loop
      vertex 7.47688 0.588443 -1.5
      vertex 7.5 0 1.5
      vertex 7.5 0 -1.5
    endloop
  endfacet
  facet normal 0.271438 -0.962456 0
    outer loop
      vertex 1.75084 -7.29277 -1.5
      vertex 2.31763 -7.13292 1.5
      vertex 1.75084 -7.29277 1.5
    endloop
  endfacet
  facet normal 0.271438 -0.962456 0
    outer loop
      vertex 2.31763 -7.13292 1.5
      vertex 1.75084 -7.29277 -1.5
      vertex 2.31763 -7.13292 -1.5
    endloop
  endfacet
  facet normal 0.555566 -0.831472 0
    outer loop
      vertex 3.91874 -6.3948 -1.5
      vertex 4.40839 -6.06763 1.5
      vertex 3.91874 -6.3948 1.5
    endloop
  endfacet
  facet normal 0.555566 -0.831472 0
    outer loop
      vertex 4.40839 -6.06763 1.5
      vertex 3.91874 -6.3948 -1.5
      vertex 4.40839 -6.06763 -1.5
    endloop
  endfacet
  facet normal 0.418659 -0.908144 0
    outer loop
      vertex 2.87012 -6.9291 -1.5
      vertex 3.40493 -6.68255 1.5
      vertex 2.87012 -6.9291 1.5
    endloop
  endfacet
  facet normal 0.418659 -0.908144 0
    outer loop
      vertex 3.40493 -6.68255 1.5
      vertex 2.87012 -6.9291 -1.5
      vertex 3.40493 -6.68255 -1.5
    endloop
  endfacet
  facet normal 0.872494 -0.488625 0
    outer loop
      vertex 6.3948 -3.91874 1.5
      vertex 6.68255 -3.40493 -1.5
      vertex 6.68255 -3.40493 1.5
    endloop
  endfacet
  facet normal 0.872494 -0.488625 0
    outer loop
      vertex 6.68255 -3.40493 -1.5
      vertex 6.3948 -3.91874 1.5
      vertex 6.3948 -3.91874 -1.5
    endloop
  endfacet
  facet normal -0.346111 -0.938194 0
    outer loop
      vertex -2.87012 -6.9291 -1.5
      vertex -2.31763 -7.13292 1.5
      vertex -2.87012 -6.9291 1.5
    endloop
  endfacet
  facet normal -0.346111 -0.938194 -0
    outer loop
      vertex -2.31763 -7.13292 1.5
      vertex -2.87012 -6.9291 -1.5
      vertex -2.31763 -7.13292 -1.5
    endloop
  endfacet
  facet normal -0.488625 -0.872494 0
    outer loop
      vertex -3.91874 -6.3948 -1.5
      vertex -3.40493 -6.68255 1.5
      vertex -3.91874 -6.3948 1.5
    endloop
  endfacet
  facet normal -0.488625 -0.872494 -0
    outer loop
      vertex -3.40493 -6.68255 1.5
      vertex -3.91874 -6.3948 -1.5
      vertex -3.40493 -6.68255 -1.5
    endloop
  endfacet
  facet normal -0.962456 -0.271438 0
    outer loop
      vertex -7.13292 -2.31763 -1.5
      vertex -7.29277 -1.75084 1.5
      vertex -7.29277 -1.75084 -1.5
    endloop
  endfacet
  facet normal -0.962456 -0.271438 0
    outer loop
      vertex -7.29277 -1.75084 1.5
      vertex -7.13292 -2.31763 -1.5
      vertex -7.13292 -2.31763 1.5
    endloop
  endfacet
  facet normal -0.938194 -0.346111 0
    outer loop
      vertex -6.9291 -2.87012 -1.5
      vertex -7.13292 -2.31763 1.5
      vertex -7.13292 -2.31763 -1.5
    endloop
  endfacet
  facet normal -0.938194 -0.346111 0
    outer loop
      vertex -7.13292 -2.31763 1.5
      vertex -6.9291 -2.87012 -1.5
      vertex -6.9291 -2.87012 1.5
    endloop
  endfacet
  facet normal 0 0 -1
    outer loop
      vertex 1.8 -2.85 -1.5
      vertex 7.5 0 -1.5
      vertex 7.47688 -0.588443 -1.5
    endloop
  endfacet
  facet normal 0 0 -1
    outer loop
      vertex 1.8 -2.85 -1.5
      vertex 7.47688 -0.588443 -1.5
      vertex 7.40766 -1.17326 -1.5
    endloop
  endfacet
  facet normal 0 0 -1
    outer loop
      vertex 1.8 2.85 -1.5
      vertex 7.5 0 -1.5
      vertex 1.8 -2.85 -1.5
    endloop
  endfacet
  facet normal 0 0 -1
    outer loop
      vertex 1.8 -2.85 -1.5
      vertex 7.40766 -1.17326 -1.5
      vertex 7.29277 -1.75084 -1.5
    endloop
  endfacet
  facet normal 0 0 -1
    outer loop
      vertex 7.5 0 -1.5
      vertex 1.8 2.85 -1.5
      vertex 7.47688 0.588443 -1.5
    endloop
  endfacet
  facet normal 0 0 -1
    outer loop
      vertex 1.8 -2.85 -1.5
      vertex 7.29277 -1.75084 -1.5
      vertex 7.13292 -2.31763 -1.5
    endloop
  endfacet
  facet normal 0 0 -1
    outer loop
      vertex 7.47688 0.588443 -1.5
      vertex 1.8 2.85 -1.5
      vertex 7.40766 1.17326 -1.5
    endloop
  endfacet
  facet normal 0 0 -1
    outer loop
      vertex 1.8 -2.85 -1.5
      vertex 7.13292 -2.31763 -1.5
      vertex 6.9291 -2.87012 -1.5
    endloop
  endfacet
  facet normal 0 0 -1
    outer loop
      vertex 7.40766 1.17326 -1.5
      vertex 1.8 2.85 -1.5
      vertex 7.29277 1.75084 -1.5
    endloop
  endfacet
  facet normal 0 0 -1
    outer loop
      vertex 1.8 -2.85 -1.5
      vertex 6.9291 -2.87012 -1.5
      vertex 6.68255 -3.40493 -1.5
    endloop
  endfacet
  facet normal 0 0 -1
    outer loop
      vertex 7.29277 1.75084 -1.5
      vertex 1.8 2.85 -1.5
      vertex 7.13292 2.31763 -1.5
    endloop
  endfacet
  facet normal 0 0 -1
    outer loop
      vertex 1.8 -2.85 -1.5
      vertex 6.68255 -3.40493 -1.5
      vertex 6.3948 -3.91874 -1.5
    endloop
  endfacet
  facet normal 0 0 -1
    outer loop
      vertex 7.13292 2.31763 -1.5
      vertex 1.8 2.85 -1.5
      vertex 6.9291 2.87012 -1.5
    endloop
  endfacet
  facet normal 0 0 -1
    outer loop
      vertex 1.8 -2.85 -1.5
      vertex 6.3948 -3.91874 -1.5
      vertex 6.06763 -4.40839 -1.5
    endloop
  endfacet
  facet normal -0 0 -1
    outer loop
      vertex 6.9291 2.87012 -1.5
      vertex 1.8 2.85 -1.5
      vertex 6.68255 3.40493 -1.5
    endloop
  endfacet
  facet normal 0 0 -1
    outer loop
      vertex 1.8 -2.85 -1.5
      vertex 6.06763 -4.40839 -1.5
      vertex 5.70304 -4.87086 -1.5
    endloop
  endfacet
  facet normal -0 0 -1
    outer loop
      vertex 6.68255 3.40493 -1.5
      vertex 1.8 2.85 -1.5
      vertex 6.3948 3.91874 -1.5
    endloop
  endfacet
  facet normal 0 0 -1
    outer loop
      vertex 1.8 -2.85 -1.5
      vertex 5.70304 -4.87086 -1.5
      vertex 5.3033 -5.3033 -1.5
    endloop
  endfacet
  facet normal -0 0 -1
    outer loop
      vertex 6.3948 3.91874 -1.5
      vertex 1.8 2.85 -1.5
      vertex 6.06763 4.40839 -1.5
    endloop
  endfacet
  facet normal 0 0 -1
    outer loop
      vertex 1.8 -2.85 -1.5
      vertex 5.3033 -5.3033 -1.5
      vertex 4.87086 -5.70304 -1.5
    endloop
  endfacet
  facet normal -0 0 -1
    outer loop
      vertex 6.06763 4.40839 -1.5
      vertex 1.8 2.85 -1.5
      vertex 5.70304 4.87086 -1.5
    endloop
  endfacet
  facet normal 0 0 -1
    outer loop
      vertex 1.8 -2.85 -1.5
      vertex 4.87086 -5.70304 -1.5
      vertex 4.40839 -6.06763 -1.5
    endloop
  endfacet
  facet normal -0 0 -1
    outer loop
      vertex 5.70304 4.87086 -1.5
      vertex 1.8 2.85 -1.5
      vertex 5.3033 5.3033 -1.5
    endloop
  endfacet
  facet normal 0 0 -1
    outer loop
      vertex 1.8 -2.85 -1.5
      vertex 4.40839 -6.06763 -1.5
      vertex 3.91874 -6.3948 -1.5
    endloop
  endfacet
  facet normal -0 0 -1
    outer loop
      vertex 5.3033 5.3033 -1.5
      vertex 1.8 2.85 -1.5
      vertex 4.87086 5.70304 -1.5
    endloop
  endfacet
  facet normal 0 0 -1
    outer loop
      vertex 1.8 -2.85 -1.5
      vertex 3.91874 -6.3948 -1.5
      vertex 3.40493 -6.68255 -1.5
    endloop
  endfacet
  facet normal -0 0 -1
    outer loop
      vertex 4.87086 5.70304 -1.5
      vertex 1.8 2.85 -1.5
      vertex 4.40839 6.06763 -1.5
    endloop
  endfacet
  facet normal 0 0 -1
    outer loop
      vertex 1.8 -2.85 -1.5
      vertex 3.40493 -6.68255 -1.5
      vertex 2.87012 -6.9291 -1.5
    endloop
  endfacet
  facet normal -0 0 -1
    outer loop
      vertex 4.40839 6.06763 -1.5
      vertex 1.8 2.85 -1.5
      vertex 3.91874 6.3948 -1.5
    endloop
  endfacet
  facet normal 0 0 -1
    outer loop
      vertex 1.8 -2.85 -1.5
      vertex 2.87012 -6.9291 -1.5
      vertex 2.31763 -7.13292 -1.5
    endloop
  endfacet
  facet normal -0 0 -1
    outer loop
      vertex 3.91874 6.3948 -1.5
      vertex 1.8 2.85 -1.5
      vertex 3.40493 6.68255 -1.5
    endloop
  endfacet
  facet normal -0 0 -1
    outer loop
      vertex 3.40493 6.68255 -1.5
      vertex 1.8 2.85 -1.5
      vertex 2.87012 6.9291 -1.5
    endloop
  endfacet
  facet normal 0 0 -1
    outer loop
      vertex 1.75084 -7.29277 -1.5
      vertex 1.8 -2.85 -1.5
      vertex 2.31763 -7.13292 -1.5
    endloop
  endfacet
  facet normal 0 0 -1
    outer loop
      vertex 1.17326 -7.40766 -1.5
      vertex 1.8 -2.85 -1.5
      vertex 1.75084 -7.29277 -1.5
    endloop
  endfacet
  facet normal 0 0 -1
    outer loop
      vertex 0.588443 -7.47688 -1.5
      vertex 1.8 -2.85 -1.5
      vertex 1.17326 -7.40766 -1.5
    endloop
  endfacet
  facet normal 0 0 -1
    outer loop
      vertex 0 -7.5 -1.5
      vertex 1.8 -2.85 -1.5
      vertex 0.588443 -7.47688 -1.5
    endloop
  endfacet
  facet normal 0 0 -1
    outer loop
      vertex -1.8 -2.85 -1.5
      vertex 0 -7.5 -1.5
      vertex -0.588443 -7.47688 -1.5
    endloop
  endfacet
  facet normal 0 0 -1
    outer loop
      vertex -1.8 -2.85 -1.5
      vertex -0.588443 -7.47688 -1.5
      vertex -1.17326 -7.40766 -1.5
    endloop
  endfacet
  facet normal 0 0 -1
    outer loop
      vertex -1.8 -2.85 -1.5
      vertex -1.17326 -7.40766 -1.5
      vertex -1.75084 -7.29277 -1.5
    endloop
  endfacet
  facet normal 0 0 -1
    outer loop
      vertex 0 -7.5 -1.5
      vertex -1.8 -2.85 -1.5
      vertex 1.8 -2.85 -1.5
    endloop
  endfacet
  facet normal 0 0 -1
    outer loop
      vertex -2.87012 -6.9291 -1.5
      vertex -1.8 -2.85 -1.5
      vertex -2.31763 -7.13292 -1.5
    endloop
  endfacet
  facet normal 0 0 -1
    outer loop
      vertex -2.31763 -7.13292 -1.5
      vertex -1.8 -2.85 -1.5
      vertex -1.75084 -7.29277 -1.5
    endloop
  endfacet
  facet normal -0 0 -1
    outer loop
      vertex 2.87012 6.9291 -1.5
      vertex 1.8 2.85 -1.5
      vertex 2.31763 7.13292 -1.5
    endloop
  endfacet
  facet normal 0 0 -1
    outer loop
      vertex 1.8 2.85 -1.5
      vertex 1.75084 7.29277 -1.5
      vertex 2.31763 7.13292 -1.5
    endloop
  endfacet
  facet normal 0 0 -1
    outer loop
      vertex 1.8 2.85 -1.5
      vertex 1.17326 7.40766 -1.5
      vertex 1.75084 7.29277 -1.5
    endloop
  endfacet
  facet normal 0 0 -1
    outer loop
      vertex 1.8 2.85 -1.5
      vertex 0.588443 7.47688 -1.5
      vertex 1.17326 7.40766 -1.5
    endloop
  endfacet
  facet normal 0 0 -1
    outer loop
      vertex 1.8 2.85 -1.5
      vertex 0 7.5 -1.5
      vertex 0.588443 7.47688 -1.5
    endloop
  endfacet
  facet normal 0 0 -1
    outer loop
      vertex -1.8 2.85 -1.5
      vertex 0 7.5 -1.5
      vertex 1.8 2.85 -1.5
    endloop
  endfacet
  facet normal 0 0 -1
    outer loop
      vertex 0 7.5 -1.5
      vertex -1.8 2.85 -1.5
      vertex -0.588443 7.47688 -1.5
    endloop
  endfacet
  facet normal 0 0 -1
    outer loop
      vertex -0.588443 7.47688 -1.5
      vertex -1.8 2.85 -1.5
      vertex -1.17326 7.40766 -1.5
    endloop
  endfacet
  facet normal 0 0 -1
    outer loop
      vertex -1.17326 7.40766 -1.5
      vertex -1.8 2.85 -1.5
      vertex -1.75084 7.29277 -1.5
    endloop
  endfacet
  facet normal 0 0 -1
    outer loop
      vertex -3.40493 -6.68255 -1.5
      vertex -1.8 -2.85 -1.5
      vertex -2.87012 -6.9291 -1.5
    endloop
  endfacet
  facet normal 0 0 -1
    outer loop
      vertex -1.8 2.85 -1.5
      vertex -2.31763 7.13292 -1.5
      vertex -1.75084 7.29277 -1.5
    endloop
  endfacet
  facet normal 0 0 -1
    outer loop
      vertex -3.91874 -6.3948 -1.5
      vertex -1.8 -2.85 -1.5
      vertex -3.40493 -6.68255 -1.5
    endloop
  endfacet
  facet normal 0 0 -1
    outer loop
      vertex -1.8 2.85 -1.5
      vertex -2.87012 6.9291 -1.5
      vertex -2.31763 7.13292 -1.5
    endloop
  endfacet
  facet normal 0 0 -1
    outer loop
      vertex -4.40839 -6.06763 -1.5
      vertex -1.8 -2.85 -1.5
      vertex -3.91874 -6.3948 -1.5
    endloop
  endfacet
  facet normal 0 0 -1
    outer loop
      vertex -1.8 2.85 -1.5
      vertex -3.40493 6.68255 -1.5
      vertex -2.87012 6.9291 -1.5
    endloop
  endfacet
  facet normal 0 0 -1
    outer loop
      vertex -4.87086 -5.70304 -1.5
      vertex -1.8 -2.85 -1.5
      vertex -4.40839 -6.06763 -1.5
    endloop
  endfacet
  facet normal 0 0 -1
    outer loop
      vertex -1.8 2.85 -1.5
      vertex -3.91874 6.3948 -1.5
      vertex -3.40493 6.68255 -1.5
    endloop
  endfacet
  facet normal 0 0 -1
    outer loop
      vertex -5.3033 -5.3033 -1.5
      vertex -1.8 -2.85 -1.5
      vertex -4.87086 -5.70304 -1.5
    endloop
  endfacet
  facet normal 0 0 -1
    outer loop
      vertex -1.8 2.85 -1.5
      vertex -4.40839 6.06763 -1.5
      vertex -3.91874 6.3948 -1.5
    endloop
  endfacet
  facet normal 0 0 -1
    outer loop
      vertex -5.70304 -4.87086 -1.5
      vertex -1.8 -2.85 -1.5
      vertex -5.3033 -5.3033 -1.5
    endloop
  endfacet
  facet normal 0 0 -1
    outer loop
      vertex -1.8 2.85 -1.5
      vertex -4.87086 5.70304 -1.5
      vertex -4.40839 6.06763 -1.5
    endloop
  endfacet
  facet normal 0 0 -1
    outer loop
      vertex -6.06763 -4.40839 -1.5
      vertex -1.8 -2.85 -1.5
      vertex -5.70304 -4.87086 -1.5
    endloop
  endfacet
  facet normal 0 0 -1
    outer loop
      vertex -1.8 2.85 -1.5
      vertex -5.3033 5.3033 -1.5
      vertex -4.87086 5.70304 -1.5
    endloop
  endfacet
  facet normal 0 0 -1
    outer loop
      vertex -6.3948 -3.91874 -1.5
      vertex -1.8 -2.85 -1.5
      vertex -6.06763 -4.40839 -1.5
    endloop
  endfacet
  facet normal 0 0 -1
    outer loop
      vertex -1.8 2.85 -1.5
      vertex -5.70304 4.87086 -1.5
      vertex -5.3033 5.3033 -1.5
    endloop
  endfacet
  facet normal 0 0 -1
    outer loop
      vertex -6.68255 -3.40493 -1.5
      vertex -1.8 -2.85 -1.5
      vertex -6.3948 -3.91874 -1.5
    endloop
  endfacet
  facet normal 0 0 -1
    outer loop
      vertex -1.8 2.85 -1.5
      vertex -6.06763 4.40839 -1.5
      vertex -5.70304 4.87086 -1.5
    endloop
  endfacet
  facet normal 0 0 -1
    outer loop
      vertex -6.9291 -2.87012 -1.5
      vertex -1.8 -2.85 -1.5
      vertex -6.68255 -3.40493 -1.5
    endloop
  endfacet
  facet normal 0 0 -1
    outer loop
      vertex -1.8 2.85 -1.5
      vertex -6.3948 3.91874 -1.5
      vertex -6.06763 4.40839 -1.5
    endloop
  endfacet
  facet normal 0 0 -1
    outer loop
      vertex -7.13292 -2.31763 -1.5
      vertex -1.8 -2.85 -1.5
      vertex -6.9291 -2.87012 -1.5
    endloop
  endfacet
  facet normal 0 0 -1
    outer loop
      vertex -1.8 2.85 -1.5
      vertex -6.68255 3.40493 -1.5
      vertex -6.3948 3.91874 -1.5
    endloop
  endfacet
  facet normal 0 0 -1
    outer loop
      vertex -7.29277 -1.75084 -1.5
      vertex -1.8 -2.85 -1.5
      vertex -7.13292 -2.31763 -1.5
    endloop
  endfacet
  facet normal 0 0 -1
    outer loop
      vertex -1.8 2.85 -1.5
      vertex -6.9291 2.87012 -1.5
      vertex -6.68255 3.40493 -1.5
    endloop
  endfacet
  facet normal 0 0 -1
    outer loop
      vertex -7.40766 -1.17326 -1.5
      vertex -1.8 -2.85 -1.5
      vertex -7.29277 -1.75084 -1.5
    endloop
  endfacet
  facet normal -0 0 -1
    outer loop
      vertex -1.8 2.85 -1.5
      vertex -7.13292 2.31763 -1.5
      vertex -6.9291 2.87012 -1.5
    endloop
  endfacet
  facet normal 0 0 -1
    outer loop
      vertex -7.47688 -0.588443 -1.5
      vertex -1.8 -2.85 -1.5
      vertex -7.40766 -1.17326 -1.5
    endloop
  endfacet
  facet normal 0 0 -1
    outer loop
      vertex -1.8 2.85 -1.5
      vertex -7.29277 1.75084 -1.5
      vertex -7.13292 2.31763 -1.5
    endloop
  endfacet
  facet normal 0 0 -1
    outer loop
      vertex -7.5 0 -1.5
      vertex -1.8 -2.85 -1.5
      vertex -7.47688 -0.588443 -1.5
    endloop
  endfacet
  facet normal 0 0 -1
    outer loop
      vertex -1.8 2.85 -1.5
      vertex -7.40766 1.17326 -1.5
      vertex -7.29277 1.75084 -1.5
    endloop
  endfacet
  facet normal 0 0 -1
    outer loop
      vertex -1.8 -2.85 -1.5
      vertex -7.5 0 -1.5
      vertex -1.8 2.85 -1.5
    endloop
  endfacet
  facet normal 0 0 -1
    outer loop
      vertex -1.8 2.85 -1.5
      vertex -7.47688 0.588443 -1.5
      vertex -7.40766 1.17326 -1.5
    endloop
  endfacet
  facet normal 0 0 -1
    outer loop
      vertex -1.8 2.85 -1.5
      vertex -7.5 0 -1.5
      vertex -7.47688 0.588443 -1.5
    endloop
  endfacet
  facet normal -0.831472 -0.555566 0
    outer loop
      vertex -6.06763 -4.40839 -1.5
      vertex -6.3948 -3.91874 1.5
      vertex -6.3948 -3.91874 -1.5
    endloop
  endfacet
  facet normal -0.831472 -0.555566 0
    outer loop
      vertex -6.3948 -3.91874 1.5
      vertex -6.06763 -4.40839 -1.5
      vertex -6.06763 -4.40839 1.5
    endloop
  endfacet
  facet normal -0.908144 -0.418659 0
    outer loop
      vertex -6.68255 -3.40493 -1.5
      vertex -6.9291 -2.87012 1.5
      vertex -6.9291 -2.87012 -1.5
    endloop
  endfacet
  facet normal -0.908144 -0.418659 0
    outer loop
      vertex -6.9291 -2.87012 1.5
      vertex -6.68255 -3.40493 -1.5
      vertex -6.68255 -3.40493 1.5
    endloop
  endfacet
  facet normal 0.78531 0.619102 0
    outer loop
      vertex 6.06763 4.40839 1.5
      vertex 5.70304 4.87086 -1.5
      vertex 5.70304 4.87086 1.5
    endloop
  endfacet
  facet normal 0.78531 0.619102 0
    outer loop
      vertex 5.70304 4.87086 -1.5
      vertex 6.06763 4.40839 1.5
      vertex 6.06763 4.40839 -1.5
    endloop
  endfacet
  facet normal 0.734325 0.678798 0
    outer loop
      vertex 5.70304 4.87086 1.5
      vertex 5.3033 5.3033 -1.5
      vertex 5.3033 5.3033 1.5
    endloop
  endfacet
  facet normal 0.734325 0.678798 0
    outer loop
      vertex 5.3033 5.3033 -1.5
      vertex 5.70304 4.87086 1.5
      vertex 5.70304 4.87086 -1.5
    endloop
  endfacet
  facet normal 0.619102 0.78531 -0
    outer loop
      vertex 4.87086 5.70304 -1.5
      vertex 4.40839 6.06763 1.5
      vertex 4.87086 5.70304 1.5
    endloop
  endfacet
  facet normal 0.619102 0.78531 0
    outer loop
      vertex 4.40839 6.06763 1.5
      vertex 4.87086 5.70304 -1.5
      vertex 4.40839 6.06763 -1.5
    endloop
  endfacet
  facet normal 0.117541 0.993068 -0
    outer loop
      vertex 1.17326 7.40766 -1.5
      vertex 0.588443 7.47688 1.5
      vertex 1.17326 7.40766 1.5
    endloop
  endfacet
  facet normal 0.117541 0.993068 0
    outer loop
      vertex 0.588443 7.47688 1.5
      vertex 1.17326 7.40766 -1.5
      vertex 0.588443 7.47688 -1.5
    endloop
  endfacet
  facet normal -0.993068 0.117541 0
    outer loop
      vertex -7.47688 0.588443 -1.5
      vertex -7.40766 1.17326 1.5
      vertex -7.40766 1.17326 -1.5
    endloop
  endfacet
  facet normal -0.993068 0.117541 0
    outer loop
      vertex -7.40766 1.17326 1.5
      vertex -7.47688 0.588443 -1.5
      vertex -7.47688 0.588443 1.5
    endloop
  endfacet
  facet normal 0 0 1
    outer loop
      vertex 1.8 2.85 1.5
      vertex 7.5 0 1.5
      vertex 7.47688 0.588443 1.5
    endloop
  endfacet
  facet normal 0 0 1
    outer loop
      vertex 1.8 2.85 1.5
      vertex 7.47688 0.588443 1.5
      vertex 7.40766 1.17326 1.5
    endloop
  endfacet
  facet normal 0 0 1
    outer loop
      vertex 1.8 -2.85 1.5
      vertex 7.5 0 1.5
      vertex 1.8 2.85 1.5
    endloop
  endfacet
  facet normal 0 0 1
    outer loop
      vertex 1.8 2.85 1.5
      vertex 7.40766 1.17326 1.5
      vertex 7.29277 1.75084 1.5
    endloop
  endfacet
  facet normal 0 0 1
    outer loop
      vertex 7.5 0 1.5
      vertex 1.8 -2.85 1.5
      vertex 7.47688 -0.588443 1.5
    endloop
  endfacet
  facet normal 0 0 1
    outer loop
      vertex 1.8 2.85 1.5
      vertex 7.29277 1.75084 1.5
      vertex 7.13292 2.31763 1.5
    endloop
  endfacet
  facet normal 0 0 1
    outer loop
      vertex 7.47688 -0.588443 1.5
      vertex 1.8 -2.85 1.5
      vertex 7.40766 -1.17326 1.5
    endloop
  endfacet
  facet normal -0 0 1
    outer loop
      vertex 1.8 2.85 1.5
      vertex 7.13292 2.31763 1.5
      vertex 6.9291 2.87012 1.5
    endloop
  endfacet
  facet normal 0 0 1
    outer loop
      vertex 7.40766 -1.17326 1.5
      vertex 1.8 -2.85 1.5
      vertex 7.29277 -1.75084 1.5
    endloop
  endfacet
  facet normal 0 0 1
    outer loop
      vertex 1.8 2.85 1.5
      vertex 6.9291 2.87012 1.5
      vertex 6.68255 3.40493 1.5
    endloop
  endfacet
  facet normal 0 0 1
    outer loop
      vertex 7.29277 -1.75084 1.5
      vertex 1.8 -2.85 1.5
      vertex 7.13292 -2.31763 1.5
    endloop
  endfacet
  facet normal 0 0 1
    outer loop
      vertex 1.8 2.85 1.5
      vertex 6.68255 3.40493 1.5
      vertex 6.3948 3.91874 1.5
    endloop
  endfacet
  facet normal 0 0 1
    outer loop
      vertex 7.13292 -2.31763 1.5
      vertex 1.8 -2.85 1.5
      vertex 6.9291 -2.87012 1.5
    endloop
  endfacet
  facet normal 0 0 1
    outer loop
      vertex 1.8 2.85 1.5
      vertex 6.3948 3.91874 1.5
      vertex 6.06763 4.40839 1.5
    endloop
  endfacet
  facet normal 0 0 1
    outer loop
      vertex 6.9291 -2.87012 1.5
      vertex 1.8 -2.85 1.5
      vertex 6.68255 -3.40493 1.5
    endloop
  endfacet
  facet normal 0 0 1
    outer loop
      vertex 1.8 2.85 1.5
      vertex 6.06763 4.40839 1.5
      vertex 5.70304 4.87086 1.5
    endloop
  endfacet
  facet normal 0 0 1
    outer loop
      vertex 6.68255 -3.40493 1.5
      vertex 1.8 -2.85 1.5
      vertex 6.3948 -3.91874 1.5
    endloop
  endfacet
  facet normal 0 0 1
    outer loop
      vertex 1.8 2.85 1.5
      vertex 5.70304 4.87086 1.5
      vertex 5.3033 5.3033 1.5
    endloop
  endfacet
  facet normal 0 0 1
    outer loop
      vertex 6.3948 -3.91874 1.5
      vertex 1.8 -2.85 1.5
      vertex 6.06763 -4.40839 1.5
    endloop
  endfacet
  facet normal 0 0 1
    outer loop
      vertex 1.8 2.85 1.5
      vertex 5.3033 5.3033 1.5
      vertex 4.87086 5.70304 1.5
    endloop
  endfacet
  facet normal 0 0 1
    outer loop
      vertex 6.06763 -4.40839 1.5
      vertex 1.8 -2.85 1.5
      vertex 5.70304 -4.87086 1.5
    endloop
  endfacet
  facet normal 0 0 1
    outer loop
      vertex 1.8 2.85 1.5
      vertex 4.87086 5.70304 1.5
      vertex 4.40839 6.06763 1.5
    endloop
  endfacet
  facet normal 0 0 1
    outer loop
      vertex 5.70304 -4.87086 1.5
      vertex 1.8 -2.85 1.5
      vertex 5.3033 -5.3033 1.5
    endloop
  endfacet
  facet normal 0 0 1
    outer loop
      vertex 1.8 2.85 1.5
      vertex 4.40839 6.06763 1.5
      vertex 3.91874 6.3948 1.5
    endloop
  endfacet
  facet normal 0 0 1
    outer loop
      vertex 5.3033 -5.3033 1.5
      vertex 1.8 -2.85 1.5
      vertex 4.87086 -5.70304 1.5
    endloop
  endfacet
  facet normal 0 0 1
    outer loop
      vertex 1.8 2.85 1.5
      vertex 3.91874 6.3948 1.5
      vertex 3.40493 6.68255 1.5
    endloop
  endfacet
  facet normal 0 0 1
    outer loop
      vertex 4.87086 -5.70304 1.5
      vertex 1.8 -2.85 1.5
      vertex 4.40839 -6.06763 1.5
    endloop
  endfacet
  facet normal 0 0 1
    outer loop
      vertex 1.8 2.85 1.5
      vertex 3.40493 6.68255 1.5
      vertex 2.87012 6.9291 1.5
    endloop
  endfacet
  facet normal 0 0 1
    outer loop
      vertex 4.40839 -6.06763 1.5
      vertex 1.8 -2.85 1.5
      vertex 3.91874 -6.3948 1.5
    endloop
  endfacet
  facet normal 0 0 1
    outer loop
      vertex 1.8 2.85 1.5
      vertex 2.87012 6.9291 1.5
      vertex 2.31763 7.13292 1.5
    endloop
  endfacet
  facet normal -0 0 1
    outer loop
      vertex 0.854867 -4.8646 1.5
      vertex 3.91874 -6.3948 1.5
      vertex 1.8 -2.85 1.5
    endloop
  endfacet
  facet normal -0 -0 1
    outer loop
      vertex 0.861551 -4.92107 1.5
      vertex 3.91874 -6.3948 1.5
      vertex 0.854867 -4.8646 1.5
    endloop
  endfacet
  facet normal 0 0 1
    outer loop
      vertex 1.75084 7.29277 1.5
      vertex 1.8 2.85 1.5
      vertex 2.31763 7.13292 1.5
    endloop
  endfacet
  facet normal 0 0 1
    outer loop
      vertex 1.17326 7.40766 1.5
      vertex 1.8 2.85 1.5
      vertex 1.75084 7.29277 1.5
    endloop
  endfacet
  facet normal 0 0 1
    outer loop
      vertex 0.588443 7.47688 1.5
      vertex 1.8 2.85 1.5
      vertex 1.17326 7.40766 1.5
    endloop
  endfacet
  facet normal 0 0 1
    outer loop
      vertex 0 7.5 1.5
      vertex 1.8 2.85 1.5
      vertex 0.588443 7.47688 1.5
    endloop
  endfacet
  facet normal 0 0 1
    outer loop
      vertex -1.8 2.85 1.5
      vertex 0 7.5 1.5
      vertex -0.588443 7.47688 1.5
    endloop
  endfacet
  facet normal 0 0 1
    outer loop
      vertex -1.8 2.85 1.5
      vertex -0.588443 7.47688 1.5
      vertex -1.17326 7.40766 1.5
    endloop
  endfacet
  facet normal 0 0 1
    outer loop
      vertex -1.8 2.85 1.5
      vertex -1.17326 7.40766 1.5
      vertex -1.75084 7.29277 1.5
    endloop
  endfacet
  facet normal 0 0 1
    outer loop
      vertex 0 7.5 1.5
      vertex -1.8 2.85 1.5
      vertex 1.8 2.85 1.5
    endloop
  endfacet
  facet normal -0 0 1
    outer loop
      vertex -2.87012 6.9291 1.5
      vertex -1.8 2.85 1.5
      vertex -2.31763 7.13292 1.5
    endloop
  endfacet
  facet normal -0 0 1
    outer loop
      vertex -2.31763 7.13292 1.5
      vertex -1.8 2.85 1.5
      vertex -1.75084 7.29277 1.5
    endloop
  endfacet
  facet normal 0 0 1
    outer loop
      vertex 3.91874 -6.3948 1.5
      vertex 0.863291 -4.94318 1.5
      vertex 3.40493 -6.68255 1.5
    endloop
  endfacet
  facet normal -0 0 1
    outer loop
      vertex 0.863291 -5.05682 1.5
      vertex 3.40493 -6.68255 1.5
      vertex 0.865523 -5 1.5
    endloop
  endfacet
  facet normal -0 0 1
    outer loop
      vertex 0.861551 -5.07893 1.5
      vertex 3.40493 -6.68255 1.5
      vertex 0.862855 -5.06791 1.5
    endloop
  endfacet
  facet normal -0 0 1
    outer loop
      vertex 0.854867 -5.1354 1.5
      vertex 3.40493 -6.68255 1.5
      vertex 0.861551 -5.07893 1.5
    endloop
  endfacet
  facet normal -0 0 1
    outer loop
      vertex 0.862855 -5.06791 1.5
      vertex 3.40493 -6.68255 1.5
      vertex 0.863291 -5.05682 1.5
    endloop
  endfacet
  facet normal -0 -0 1
    outer loop
      vertex 0.865523 -5 1.5
      vertex 3.40493 -6.68255 1.5
      vertex 0.863291 -4.94318 1.5
    endloop
  endfacet
  facet normal -0 -0 1
    outer loop
      vertex 0.863291 -4.94318 1.5
      vertex 3.91874 -6.3948 1.5
      vertex 0.862855 -4.93209 1.5
    endloop
  endfacet
  facet normal -0 -0 1
    outer loop
      vertex 0.862855 -4.93209 1.5
      vertex 3.91874 -6.3948 1.5
      vertex 0.861551 -4.92107 1.5
    endloop
  endfacet
  facet normal 0 0 1
    outer loop
      vertex 1.8 -2.85 1.5
      vertex 0.843773 -4.80883 1.5
      vertex 0.854867 -4.8646 1.5
    endloop
  endfacet
  facet normal 0 0 1
    outer loop
      vertex 1.8 -2.85 1.5
      vertex 0.841609 -4.79795 1.5
      vertex 0.843773 -4.80883 1.5
    endloop
  endfacet
  facet normal 0 0 1
    outer loop
      vertex 1.8 -2.85 1.5
      vertex 0.838597 -4.78727 1.5
      vertex 0.841609 -4.79795 1.5
    endloop
  endfacet
  facet normal 0 0 1
    outer loop
      vertex 1.8 -2.85 1.5
      vertex 0.823162 -4.73254 1.5
      vertex 0.838597 -4.78727 1.5
    endloop
  endfacet
  facet normal 0 0 1
    outer loop
      vertex 1.8 -2.85 1.5
      vertex 0.803479 -4.67919 1.5
      vertex 0.823162 -4.73254 1.5
    endloop
  endfacet
  facet normal 0 0 1
    outer loop
      vertex 1.8 -2.85 1.5
      vertex 0.799639 -4.66878 1.5
      vertex 0.803479 -4.67919 1.5
    endloop
  endfacet
  facet normal 0 0 1
    outer loop
      vertex 1.8 -2.85 1.5
      vertex 0.794994 -4.6587 1.5
      vertex 0.799639 -4.66878 1.5
    endloop
  endfacet
  facet normal 0 0 1
    outer loop
      vertex 1.8 -2.85 1.5
      vertex 0.771186 -4.60706 1.5
      vertex 0.794994 -4.6587 1.5
    endloop
  endfacet
  facet normal 0 0 1
    outer loop
      vertex 1.8 -2.85 1.5
      vertex 0.765765 -4.59738 1.5
      vertex 0.771186 -4.60706 1.5
    endloop
  endfacet
  facet normal 0 0 1
    outer loop
      vertex 1.8 -2.85 1.5
      vertex 0.73798 -4.54776 1.5
      vertex 0.765765 -4.59738 1.5
    endloop
  endfacet
  facet normal 0 0 1
    outer loop
      vertex 1.8 -2.85 1.5
      vertex 0.706387 -4.50048 1.5
      vertex 0.73798 -4.54776 1.5
    endloop
  endfacet
  facet normal 0 0 1
    outer loop
      vertex 1.8 -2.85 1.5
      vertex 0.700223 -4.49126 1.5
      vertex 0.706387 -4.50048 1.5
    endloop
  endfacet
  facet normal 0 0 1
    outer loop
      vertex 1.8 -2.85 1.5
      vertex 0.693354 -4.48254 1.5
      vertex 0.700223 -4.49126 1.5
    endloop
  endfacet
  facet normal 0 0 1
    outer loop
      vertex 1.8 -2.85 1.5
      vertex 0.658148 -4.43789 1.5
      vertex 0.693354 -4.48254 1.5
    endloop
  endfacet
  facet normal 0 0 1
    outer loop
      vertex 1.8 -2.85 1.5
      vertex 0.619549 -4.39613 1.5
      vertex 0.658148 -4.43789 1.5
    endloop
  endfacet
  facet normal 0 0 1
    outer loop
      vertex 1.8 -2.85 1.5
      vertex 0.612017 -4.38798 1.5
      vertex 0.619549 -4.39613 1.5
    endloop
  endfacet
  facet normal 0 0 1
    outer loop
      vertex 1.8 -2.85 1.5
      vertex 0.603869 -4.38045 1.5
      vertex 0.612017 -4.38798 1.5
    endloop
  endfacet
  facet normal 0 0 1
    outer loop
      vertex 1.8 -2.85 1.5
      vertex 0.562112 -4.34185 1.5
      vertex 0.603869 -4.38045 1.5
    endloop
  endfacet
  facet normal 0 0 1
    outer loop
      vertex 1.8 -2.85 1.5
      vertex 0.517456 -4.30665 1.5
      vertex 0.562112 -4.34185 1.5
    endloop
  endfacet
  facet normal 0 0 1
    outer loop
      vertex 1.8 -2.85 1.5
      vertex 0.508742 -4.29978 1.5
      vertex 0.517456 -4.30665 1.5
    endloop
  endfacet
  facet normal 0 0 1
    outer loop
      vertex 1.8 -2.85 1.5
      vertex 0.499516 -4.29361 1.5
      vertex 0.508742 -4.29978 1.5
    endloop
  endfacet
  facet normal 0 0 1
    outer loop
      vertex 1.8 -2.85 1.5
      vertex 0.452234 -4.26202 1.5
      vertex 0.499516 -4.29361 1.5
    endloop
  endfacet
  facet normal 0 0 1
    outer loop
      vertex 1.8 -2.85 1.5
      vertex 0.40262 -4.23423 1.5
      vertex 0.452234 -4.26202 1.5
    endloop
  endfacet
  facet normal 0 0 1
    outer loop
      vertex 1.8 -2.85 1.5
      vertex 0.392939 -4.22881 1.5
      vertex 0.40262 -4.23423 1.5
    endloop
  endfacet
  facet normal 0 0 1
    outer loop
      vertex 1.8 -2.85 1.5
      vertex 0.341297 -4.20501 1.5
      vertex 0.392939 -4.22881 1.5
    endloop
  endfacet
  facet normal 0 0 1
    outer loop
      vertex 1.8 -2.85 1.5
      vertex 0.331221 -4.20036 1.5
      vertex 0.341297 -4.20501 1.5
    endloop
  endfacet
  facet normal 0 0 1
    outer loop
      vertex 1.8 -2.85 1.5
      vertex 0.320811 -4.19652 1.5
      vertex 0.331221 -4.20036 1.5
    endloop
  endfacet
  facet normal 0 0 1
    outer loop
      vertex 1.8 -2.85 1.5
      vertex 0.267461 -4.17684 1.5
      vertex 0.320811 -4.19652 1.5
    endloop
  endfacet
  facet normal 0 0 1
    outer loop
      vertex 1.8 -2.85 1.5
      vertex 0.212731 -4.1614 1.5
      vertex 0.267461 -4.17684 1.5
    endloop
  endfacet
  facet normal 0 0 1
    outer loop
      vertex 1.8 -2.85 1.5
      vertex 0.202052 -4.15839 1.5
      vertex 0.212731 -4.1614 1.5
    endloop
  endfacet
  facet normal 0 0 1
    outer loop
      vertex 1.8 -2.85 1.5
      vertex 0.19117 -4.15623 1.5
      vertex 0.202052 -4.15839 1.5
    endloop
  endfacet
  facet normal 0 0 1
    outer loop
      vertex 1.8 -2.85 1.5
      vertex 0.135397 -4.14513 1.5
      vertex 0.19117 -4.15623 1.5
    endloop
  endfacet
  facet normal 0 0 1
    outer loop
      vertex 1.8 -2.85 1.5
      vertex 0.0789265 -4.13845 1.5
      vertex 0.135397 -4.14513 1.5
    endloop
  endfacet
  facet normal 0 0 1
    outer loop
      vertex 1.8 -2.85 1.5
      vertex 0.0679077 -4.13714 1.5
      vertex 0.0789265 -4.13845 1.5
    endloop
  endfacet
  facet normal 0 0 1
    outer loop
      vertex 1.8 -2.85 1.5
      vertex 0.0568205 -4.13671 1.5
      vertex 0.0679077 -4.13714 1.5
    endloop
  endfacet
  facet normal 0 0 1
    outer loop
      vertex 1.8 -2.85 1.5
      vertex 0 -4.13448 1.5
      vertex 0.0568205 -4.13671 1.5
    endloop
  endfacet
  facet normal -0 0 1
    outer loop
      vertex -1.8 -2.85 1.5
      vertex 0 -4.13448 1.5
      vertex 1.8 -2.85 1.5
    endloop
  endfacet
  facet normal 0 0 1
    outer loop
      vertex 0 -4.13448 1.5
      vertex -1.8 -2.85 1.5
      vertex -0.0568205 -4.13671 1.5
    endloop
  endfacet
  facet normal 0 0 1
    outer loop
      vertex -0.0568205 -4.13671 1.5
      vertex -1.8 -2.85 1.5
      vertex -0.0679077 -4.13714 1.5
    endloop
  endfacet
  facet normal 0 0 1
    outer loop
      vertex -0.0679077 -4.13714 1.5
      vertex -1.8 -2.85 1.5
      vertex -0.0789265 -4.13845 1.5
    endloop
  endfacet
  facet normal 0 0 1
    outer loop
      vertex -0.0789265 -4.13845 1.5
      vertex -1.8 -2.85 1.5
      vertex -0.135397 -4.14513 1.5
    endloop
  endfacet
  facet normal 0 0 1
    outer loop
      vertex -0.135397 -4.14513 1.5
      vertex -1.8 -2.85 1.5
      vertex -0.19117 -4.15623 1.5
    endloop
  endfacet
  facet normal 0 0 1
    outer loop
      vertex -0.19117 -4.15623 1.5
      vertex -1.8 -2.85 1.5
      vertex -0.202052 -4.15839 1.5
    endloop
  endfacet
  facet normal 0 0 1
    outer loop
      vertex -0.202052 -4.15839 1.5
      vertex -1.8 -2.85 1.5
      vertex -0.212731 -4.1614 1.5
    endloop
  endfacet
  facet normal 0 0 1
    outer loop
      vertex -0.212731 -4.1614 1.5
      vertex -1.8 -2.85 1.5
      vertex -0.267461 -4.17684 1.5
    endloop
  endfacet
  facet normal 0 0 1
    outer loop
      vertex -0.267461 -4.17684 1.5
      vertex -1.8 -2.85 1.5
      vertex -0.320811 -4.19652 1.5
    endloop
  endfacet
  facet normal 0 0 1
    outer loop
      vertex -0.320811 -4.19652 1.5
      vertex -1.8 -2.85 1.5
      vertex -0.331221 -4.20036 1.5
    endloop
  endfacet
  facet normal 0 0 1
    outer loop
      vertex -0.331221 -4.20036 1.5
      vertex -1.8 -2.85 1.5
      vertex -0.341297 -4.20501 1.5
    endloop
  endfacet
  facet normal 0 0 1
    outer loop
      vertex -0.341297 -4.20501 1.5
      vertex -1.8 -2.85 1.5
      vertex -0.392939 -4.22881 1.5
    endloop
  endfacet
  facet normal 0 0 1
    outer loop
      vertex -0.392939 -4.22881 1.5
      vertex -1.8 -2.85 1.5
      vertex -0.40262 -4.23423 1.5
    endloop
  endfacet
  facet normal 0 0 1
    outer loop
      vertex -3.40493 -6.68255 1.5
      vertex -0.865523 -5 1.5
      vertex -0.863291 -4.94318 1.5
    endloop
  endfacet
  facet normal 0 0 1
    outer loop
      vertex -3.91874 -6.3948 1.5
      vertex -0.863291 -4.94318 1.5
      vertex -0.862855 -4.93209 1.5
    endloop
  endfacet
  facet normal 0 0 1
    outer loop
      vertex -3.91874 -6.3948 1.5
      vertex -0.862855 -4.93209 1.5
      vertex -0.861551 -4.92107 1.5
    endloop
  endfacet
  facet normal 0 0 1
    outer loop
      vertex -3.91874 -6.3948 1.5
      vertex -0.861551 -4.92107 1.5
      vertex -0.854867 -4.8646 1.5
    endloop
  endfacet
  facet normal 0 0 1
    outer loop
      vertex -0.865523 -5 1.5
      vertex -1.75084 -7.29277 1.5
      vertex -1.17326 -7.40766 1.5
    endloop
  endfacet
  facet normal 0 0 1
    outer loop
      vertex -1.8 -2.85 1.5
      vertex -0.854867 -4.8646 1.5
      vertex -0.843773 -4.80883 1.5
    endloop
  endfacet
  facet normal 0 0 1
    outer loop
      vertex -1.8 -2.85 1.5
      vertex -0.843773 -4.80883 1.5
      vertex -0.841609 -4.79795 1.5
    endloop
  endfacet
  facet normal 0 0 1
    outer loop
      vertex -1.8 -2.85 1.5
      vertex -0.841609 -4.79795 1.5
      vertex -0.838597 -4.78727 1.5
    endloop
  endfacet
  facet normal 0 0 1
    outer loop
      vertex -1.8 -2.85 1.5
      vertex -0.838597 -4.78727 1.5
      vertex -0.823162 -4.73254 1.5
    endloop
  endfacet
  facet normal 0 0 1
    outer loop
      vertex -0.40262 -4.23423 1.5
      vertex -1.8 -2.85 1.5
      vertex -0.452234 -4.26202 1.5
    endloop
  endfacet
  facet normal 0 0 1
    outer loop
      vertex -1.8 -2.85 1.5
      vertex -0.499516 -4.29361 1.5
      vertex -0.452234 -4.26202 1.5
    endloop
  endfacet
  facet normal 0 0 1
    outer loop
      vertex -1.8 -2.85 1.5
      vertex -0.508742 -4.29978 1.5
      vertex -0.499516 -4.29361 1.5
    endloop
  endfacet
  facet normal 0 0 1
    outer loop
      vertex -1.8 -2.85 1.5
      vertex -0.517456 -4.30665 1.5
      vertex -0.508742 -4.29978 1.5
    endloop
  endfacet
  facet normal 0 0 1
    outer loop
      vertex -1.8 -2.85 1.5
      vertex -0.562112 -4.34185 1.5
      vertex -0.517456 -4.30665 1.5
    endloop
  endfacet
  facet normal 0 0 1
    outer loop
      vertex -1.8 -2.85 1.5
      vertex -0.603869 -4.38045 1.5
      vertex -0.562112 -4.34185 1.5
    endloop
  endfacet
  facet normal 0 0 1
    outer loop
      vertex -1.8 -2.85 1.5
      vertex -0.612017 -4.38798 1.5
      vertex -0.603869 -4.38045 1.5
    endloop
  endfacet
  facet normal 0 0 1
    outer loop
      vertex -1.8 -2.85 1.5
      vertex -0.619549 -4.39613 1.5
      vertex -0.612017 -4.38798 1.5
    endloop
  endfacet
  facet normal 0 0 1
    outer loop
      vertex -1.8 -2.85 1.5
      vertex -0.658148 -4.43789 1.5
      vertex -0.619549 -4.39613 1.5
    endloop
  endfacet
  facet normal 0 0 1
    outer loop
      vertex -1.8 -2.85 1.5
      vertex -0.693354 -4.48254 1.5
      vertex -0.658148 -4.43789 1.5
    endloop
  endfacet
  facet normal 0 0 1
    outer loop
      vertex -1.8 -2.85 1.5
      vertex -0.700223 -4.49126 1.5
      vertex -0.693354 -4.48254 1.5
    endloop
  endfacet
  facet normal 0 0 1
    outer loop
      vertex -1.8 -2.85 1.5
      vertex -0.706387 -4.50048 1.5
      vertex -0.700223 -4.49126 1.5
    endloop
  endfacet
  facet normal 0 0 1
    outer loop
      vertex -1.8 -2.85 1.5
      vertex -0.73798 -4.54776 1.5
      vertex -0.706387 -4.50048 1.5
    endloop
  endfacet
  facet normal 0 0 1
    outer loop
      vertex -1.8 -2.85 1.5
      vertex -0.765765 -4.59738 1.5
      vertex -0.73798 -4.54776 1.5
    endloop
  endfacet
  facet normal 0 0 1
    outer loop
      vertex -1.8 -2.85 1.5
      vertex -0.771186 -4.60706 1.5
      vertex -0.765765 -4.59738 1.5
    endloop
  endfacet
  facet normal 0 0 1
    outer loop
      vertex -1.8 -2.85 1.5
      vertex -0.794994 -4.6587 1.5
      vertex -0.771186 -4.60706 1.5
    endloop
  endfacet
  facet normal 0 0 1
    outer loop
      vertex -1.8 -2.85 1.5
      vertex -0.799639 -4.66878 1.5
      vertex -0.794994 -4.6587 1.5
    endloop
  endfacet
  facet normal 0 0 1
    outer loop
      vertex -1.8 -2.85 1.5
      vertex -0.803479 -4.67919 1.5
      vertex -0.799639 -4.66878 1.5
    endloop
  endfacet
  facet normal 0 0 1
    outer loop
      vertex -1.8 -2.85 1.5
      vertex -0.823162 -4.73254 1.5
      vertex -0.803479 -4.67919 1.5
    endloop
  endfacet
  facet normal 0 0 1
    outer loop
      vertex -0.854867 -4.8646 1.5
      vertex -1.8 -2.85 1.5
      vertex -3.91874 -6.3948 1.5
    endloop
  endfacet
  facet normal -0 0 1
    outer loop
      vertex -3.40493 6.68255 1.5
      vertex -1.8 2.85 1.5
      vertex -2.87012 6.9291 1.5
    endloop
  endfacet
  facet normal 0 0 1
    outer loop
      vertex -0.865523 -5 1.5
      vertex -2.31763 -7.13292 1.5
      vertex -1.75084 -7.29277 1.5
    endloop
  endfacet
  facet normal -0 0 1
    outer loop
      vertex -3.91874 6.3948 1.5
      vertex -1.8 2.85 1.5
      vertex -3.40493 6.68255 1.5
    endloop
  endfacet
  facet normal 0 0 1
    outer loop
      vertex -0.865523 -5 1.5
      vertex -2.87012 -6.9291 1.5
      vertex -2.31763 -7.13292 1.5
    endloop
  endfacet
  facet normal -0 0 1
    outer loop
      vertex -4.40839 6.06763 1.5
      vertex -1.8 2.85 1.5
      vertex -3.91874 6.3948 1.5
    endloop
  endfacet
  facet normal 0 0 1
    outer loop
      vertex -0.865523 -5 1.5
      vertex -3.40493 -6.68255 1.5
      vertex -2.87012 -6.9291 1.5
    endloop
  endfacet
  facet normal -0 0 1
    outer loop
      vertex -4.87086 5.70304 1.5
      vertex -1.8 2.85 1.5
      vertex -4.40839 6.06763 1.5
    endloop
  endfacet
  facet normal 0 0 1
    outer loop
      vertex -0.863291 -4.94318 1.5
      vertex -3.91874 -6.3948 1.5
      vertex -3.40493 -6.68255 1.5
    endloop
  endfacet
  facet normal -0 0 1
    outer loop
      vertex -5.3033 5.3033 1.5
      vertex -1.8 2.85 1.5
      vertex -4.87086 5.70304 1.5
    endloop
  endfacet
  facet normal 0 0 1
    outer loop
      vertex -1.8 -2.85 1.5
      vertex -4.40839 -6.06763 1.5
      vertex -3.91874 -6.3948 1.5
    endloop
  endfacet
  facet normal -0 0 1
    outer loop
      vertex -5.70304 4.87086 1.5
      vertex -1.8 2.85 1.5
      vertex -5.3033 5.3033 1.5
    endloop
  endfacet
  facet normal 0 0 1
    outer loop
      vertex -1.8 -2.85 1.5
      vertex -4.87086 -5.70304 1.5
      vertex -4.40839 -6.06763 1.5
    endloop
  endfacet
  facet normal -0 0 1
    outer loop
      vertex -6.06763 4.40839 1.5
      vertex -1.8 2.85 1.5
      vertex -5.70304 4.87086 1.5
    endloop
  endfacet
  facet normal 0 0 1
    outer loop
      vertex -1.8 -2.85 1.5
      vertex -5.3033 -5.3033 1.5
      vertex -4.87086 -5.70304 1.5
    endloop
  endfacet
  facet normal -0 0 1
    outer loop
      vertex -6.3948 3.91874 1.5
      vertex -1.8 2.85 1.5
      vertex -6.06763 4.40839 1.5
    endloop
  endfacet
  facet normal 0 0 1
    outer loop
      vertex -1.8 -2.85 1.5
      vertex -5.70304 -4.87086 1.5
      vertex -5.3033 -5.3033 1.5
    endloop
  endfacet
  facet normal -0 0 1
    outer loop
      vertex -6.68255 3.40493 1.5
      vertex -1.8 2.85 1.5
      vertex -6.3948 3.91874 1.5
    endloop
  endfacet
  facet normal 0 0 1
    outer loop
      vertex -1.8 -2.85 1.5
      vertex -6.06763 -4.40839 1.5
      vertex -5.70304 -4.87086 1.5
    endloop
  endfacet
  facet normal -0 0 1
    outer loop
      vertex -6.9291 2.87012 1.5
      vertex -1.8 2.85 1.5
      vertex -6.68255 3.40493 1.5
    endloop
  endfacet
  facet normal 0 0 1
    outer loop
      vertex -1.8 -2.85 1.5
      vertex -6.3948 -3.91874 1.5
      vertex -6.06763 -4.40839 1.5
    endloop
  endfacet
  facet normal 0 0 1
    outer loop
      vertex -7.13292 2.31763 1.5
      vertex -1.8 2.85 1.5
      vertex -6.9291 2.87012 1.5
    endloop
  endfacet
  facet normal 0 0 1
    outer loop
      vertex -1.8 -2.85 1.5
      vertex -6.68255 -3.40493 1.5
      vertex -6.3948 -3.91874 1.5
    endloop
  endfacet
  facet normal 0 0 1
    outer loop
      vertex -7.29277 1.75084 1.5
      vertex -1.8 2.85 1.5
      vertex -7.13292 2.31763 1.5
    endloop
  endfacet
  facet normal 0 0 1
    outer loop
      vertex -1.8 -2.85 1.5
      vertex -6.9291 -2.87012 1.5
      vertex -6.68255 -3.40493 1.5
    endloop
  endfacet
  facet normal 0 0 1
    outer loop
      vertex -7.40766 1.17326 1.5
      vertex -1.8 2.85 1.5
      vertex -7.29277 1.75084 1.5
    endloop
  endfacet
  facet normal 0 0 1
    outer loop
      vertex -1.8 -2.85 1.5
      vertex -7.13292 -2.31763 1.5
      vertex -6.9291 -2.87012 1.5
    endloop
  endfacet
  facet normal 0 0 1
    outer loop
      vertex -7.47688 0.588443 1.5
      vertex -1.8 2.85 1.5
      vertex -7.40766 1.17326 1.5
    endloop
  endfacet
  facet normal 0 0 1
    outer loop
      vertex -1.8 -2.85 1.5
      vertex -7.29277 -1.75084 1.5
      vertex -7.13292 -2.31763 1.5
    endloop
  endfacet
  facet normal 0 0 1
    outer loop
      vertex -7.5 0 1.5
      vertex -1.8 2.85 1.5
      vertex -7.47688 0.588443 1.5
    endloop
  endfacet
  facet normal 0 0 1
    outer loop
      vertex -1.8 -2.85 1.5
      vertex -7.40766 -1.17326 1.5
      vertex -7.29277 -1.75084 1.5
    endloop
  endfacet
  facet normal 0 0 1
    outer loop
      vertex -1.8 2.85 1.5
      vertex -7.5 0 1.5
      vertex -1.8 -2.85 1.5
    endloop
  endfacet
  facet normal 0 0 1
    outer loop
      vertex -1.8 -2.85 1.5
      vertex -7.47688 -0.588443 1.5
      vertex -7.40766 -1.17326 1.5
    endloop
  endfacet
  facet normal 0 0 1
    outer loop
      vertex -1.8 -2.85 1.5
      vertex -7.5 0 1.5
      vertex -7.47688 -0.588443 1.5
    endloop
  endfacet
  facet normal 0 0 1
    outer loop
      vertex 3.40493 -6.68255 1.5
      vertex 0.854867 -5.1354 1.5
      vertex 2.87012 -6.9291 1.5
    endloop
  endfacet
  facet normal -0 0 1
    outer loop
      vertex 0.843773 -5.19117 1.5
      vertex 2.87012 -6.9291 1.5
      vertex 0.854867 -5.1354 1.5
    endloop
  endfacet
  facet normal -0 0 1
    outer loop
      vertex 0.841609 -5.20205 1.5
      vertex 2.87012 -6.9291 1.5
      vertex 0.843773 -5.19117 1.5
    endloop
  endfacet
  facet normal -0 0 1
    outer loop
      vertex 0.838597 -5.21273 1.5
      vertex 2.87012 -6.9291 1.5
      vertex 0.841609 -5.20205 1.5
    endloop
  endfacet
  facet normal -0 0 1
    outer loop
      vertex 0.823162 -5.26746 1.5
      vertex 2.87012 -6.9291 1.5
      vertex 0.838597 -5.21273 1.5
    endloop
  endfacet
  facet normal 0 0 1
    outer loop
      vertex 2.87012 -6.9291 1.5
      vertex 0.823162 -5.26746 1.5
      vertex 2.31763 -7.13292 1.5
    endloop
  endfacet
  facet normal -0 0 1
    outer loop
      vertex 0.803479 -5.32081 1.5
      vertex 2.31763 -7.13292 1.5
      vertex 0.823162 -5.26746 1.5
    endloop
  endfacet
  facet normal -0 0 1
    outer loop
      vertex 0.799639 -5.33122 1.5
      vertex 2.31763 -7.13292 1.5
      vertex 0.803479 -5.32081 1.5
    endloop
  endfacet
  facet normal -0 0 1
    outer loop
      vertex 0.794994 -5.3413 1.5
      vertex 2.31763 -7.13292 1.5
      vertex 0.799639 -5.33122 1.5
    endloop
  endfacet
  facet normal -0 0 1
    outer loop
      vertex 0.771186 -5.39294 1.5
      vertex 2.31763 -7.13292 1.5
      vertex 0.794994 -5.3413 1.5
    endloop
  endfacet
  facet normal -0 0 1
    outer loop
      vertex 0.765765 -5.40262 1.5
      vertex 2.31763 -7.13292 1.5
      vertex 0.771186 -5.39294 1.5
    endloop
  endfacet
  facet normal -0 0 1
    outer loop
      vertex 0.73798 -5.45223 1.5
      vertex 2.31763 -7.13292 1.5
      vertex 0.765765 -5.40262 1.5
    endloop
  endfacet
  facet normal 0 0 1
    outer loop
      vertex 2.31763 -7.13292 1.5
      vertex 0.73798 -5.45223 1.5
      vertex 1.75084 -7.29277 1.5
    endloop
  endfacet
  facet normal -0 0 1
    outer loop
      vertex 0.706387 -5.49952 1.5
      vertex 1.75084 -7.29277 1.5
      vertex 0.73798 -5.45223 1.5
    endloop
  endfacet
  facet normal -0 0 1
    outer loop
      vertex 0.700223 -5.50874 1.5
      vertex 1.75084 -7.29277 1.5
      vertex 0.706387 -5.49952 1.5
    endloop
  endfacet
  facet normal -0 0 1
    outer loop
      vertex 0.693354 -5.51746 1.5
      vertex 1.75084 -7.29277 1.5
      vertex 0.700223 -5.50874 1.5
    endloop
  endfacet
  facet normal -0 0 1
    outer loop
      vertex 0.658148 -5.56211 1.5
      vertex 1.75084 -7.29277 1.5
      vertex 0.693354 -5.51746 1.5
    endloop
  endfacet
  facet normal -0 0 1
    outer loop
      vertex 0.619549 -5.60387 1.5
      vertex 1.75084 -7.29277 1.5
      vertex 0.658148 -5.56211 1.5
    endloop
  endfacet
  facet normal -0 0 1
    outer loop
      vertex 0.612017 -5.61202 1.5
      vertex 1.75084 -7.29277 1.5
      vertex 0.619549 -5.60387 1.5
    endloop
  endfacet
  facet normal -0 0 1
    outer loop
      vertex 0.603869 -5.61955 1.5
      vertex 1.75084 -7.29277 1.5
      vertex 0.612017 -5.61202 1.5
    endloop
  endfacet
  facet normal 0 0 1
    outer loop
      vertex 1.75084 -7.29277 1.5
      vertex 0.603869 -5.61955 1.5
      vertex 1.17326 -7.40766 1.5
    endloop
  endfacet
  facet normal -0 0 1
    outer loop
      vertex 0.562112 -5.65815 1.5
      vertex 1.17326 -7.40766 1.5
      vertex 0.603869 -5.61955 1.5
    endloop
  endfacet
  facet normal -0 0 1
    outer loop
      vertex 0.517456 -5.69335 1.5
      vertex 1.17326 -7.40766 1.5
      vertex 0.562112 -5.65815 1.5
    endloop
  endfacet
  facet normal -0 0 1
    outer loop
      vertex 0.508742 -5.70022 1.5
      vertex 1.17326 -7.40766 1.5
      vertex 0.517456 -5.69335 1.5
    endloop
  endfacet
  facet normal -0 0 1
    outer loop
      vertex 0.499516 -5.70639 1.5
      vertex 1.17326 -7.40766 1.5
      vertex 0.508742 -5.70022 1.5
    endloop
  endfacet
  facet normal -0 0 1
    outer loop
      vertex 0.452234 -5.73798 1.5
      vertex 1.17326 -7.40766 1.5
      vertex 0.499516 -5.70639 1.5
    endloop
  endfacet
  facet normal -0 0 1
    outer loop
      vertex 0.40262 -5.76576 1.5
      vertex 1.17326 -7.40766 1.5
      vertex 0.452234 -5.73798 1.5
    endloop
  endfacet
  facet normal -0 0 1
    outer loop
      vertex 0.392939 -5.77119 1.5
      vertex 1.17326 -7.40766 1.5
      vertex 0.40262 -5.76576 1.5
    endloop
  endfacet
  facet normal 0 0 1
    outer loop
      vertex 1.17326 -7.40766 1.5
      vertex 0.392939 -5.77119 1.5
      vertex 0.588443 -7.47688 1.5
    endloop
  endfacet
  facet normal -0 0 1
    outer loop
      vertex 0.341297 -5.79499 1.5
      vertex 0.588443 -7.47688 1.5
      vertex 0.392939 -5.77119 1.5
    endloop
  endfacet
  facet normal -0 0 1
    outer loop
      vertex 0.331221 -5.79964 1.5
      vertex 0.588443 -7.47688 1.5
      vertex 0.341297 -5.79499 1.5
    endloop
  endfacet
  facet normal -0 0 1
    outer loop
      vertex 0.320811 -5.80348 1.5
      vertex 0.588443 -7.47688 1.5
      vertex 0.331221 -5.79964 1.5
    endloop
  endfacet
  facet normal -0 0 1
    outer loop
      vertex 0.267461 -5.82316 1.5
      vertex 0.588443 -7.47688 1.5
      vertex 0.320811 -5.80348 1.5
    endloop
  endfacet
  facet normal -0 0 1
    outer loop
      vertex 0.212731 -5.8386 1.5
      vertex 0.588443 -7.47688 1.5
      vertex 0.267461 -5.82316 1.5
    endloop
  endfacet
  facet normal -0 0 1
    outer loop
      vertex 0.202052 -5.84161 1.5
      vertex 0.588443 -7.47688 1.5
      vertex 0.212731 -5.8386 1.5
    endloop
  endfacet
  facet normal -0 0 1
    outer loop
      vertex 0.19117 -5.84377 1.5
      vertex 0.588443 -7.47688 1.5
      vertex 0.202052 -5.84161 1.5
    endloop
  endfacet
  facet normal -0 0 1
    outer loop
      vertex 0.135397 -5.85487 1.5
      vertex 0.588443 -7.47688 1.5
      vertex 0.19117 -5.84377 1.5
    endloop
  endfacet
  facet normal 0 0 1
    outer loop
      vertex 0 -7.5 1.5
      vertex 0.135397 -5.85487 1.5
      vertex 0.0789265 -5.86155 1.5
    endloop
  endfacet
  facet normal 0 0 1
    outer loop
      vertex 0 -7.5 1.5
      vertex 0.0789265 -5.86155 1.5
      vertex 0.0679077 -5.86285 1.5
    endloop
  endfacet
  facet normal 0 0 1
    outer loop
      vertex 0 -7.5 1.5
      vertex 0.0679077 -5.86285 1.5
      vertex 0.0568205 -5.86329 1.5
    endloop
  endfacet
  facet normal 0 0 1
    outer loop
      vertex 0 -7.5 1.5
      vertex 0.0568205 -5.86329 1.5
      vertex 0 -5.86552 1.5
    endloop
  endfacet
  facet normal 0 0 1
    outer loop
      vertex 0.135397 -5.85487 1.5
      vertex 0 -7.5 1.5
      vertex 0.588443 -7.47688 1.5
    endloop
  endfacet
  facet normal 0 0 1
    outer loop
      vertex -0.0568205 -5.86329 1.5
      vertex 0 -7.5 1.5
      vertex 0 -5.86552 1.5
    endloop
  endfacet
  facet normal 0 0 1
    outer loop
      vertex -0.0679077 -5.86285 1.5
      vertex 0 -7.5 1.5
      vertex -0.0568205 -5.86329 1.5
    endloop
  endfacet
  facet normal 0 0 1
    outer loop
      vertex -0.0789265 -5.86155 1.5
      vertex 0 -7.5 1.5
      vertex -0.0679077 -5.86285 1.5
    endloop
  endfacet
  facet normal 0 0 1
    outer loop
      vertex -0.135397 -5.85487 1.5
      vertex 0 -7.5 1.5
      vertex -0.0789265 -5.86155 1.5
    endloop
  endfacet
  facet normal 0 0 1
    outer loop
      vertex -0.588443 -7.47688 1.5
      vertex -0.135397 -5.85487 1.5
      vertex -0.19117 -5.84377 1.5
    endloop
  endfacet
  facet normal 0 0 1
    outer loop
      vertex -0.588443 -7.47688 1.5
      vertex -0.19117 -5.84377 1.5
      vertex -0.202052 -5.84161 1.5
    endloop
  endfacet
  facet normal 0 0 1
    outer loop
      vertex -0.588443 -7.47688 1.5
      vertex -0.202052 -5.84161 1.5
      vertex -0.212731 -5.8386 1.5
    endloop
  endfacet
  facet normal 0 0 1
    outer loop
      vertex -0.588443 -7.47688 1.5
      vertex -0.212731 -5.8386 1.5
      vertex -0.267461 -5.82316 1.5
    endloop
  endfacet
  facet normal 0 0 1
    outer loop
      vertex -0.588443 -7.47688 1.5
      vertex -0.267461 -5.82316 1.5
      vertex -0.320811 -5.80348 1.5
    endloop
  endfacet
  facet normal 0 0 1
    outer loop
      vertex -0.588443 -7.47688 1.5
      vertex -0.320811 -5.80348 1.5
      vertex -0.331221 -5.79964 1.5
    endloop
  endfacet
  facet normal 0 0 1
    outer loop
      vertex -0.588443 -7.47688 1.5
      vertex -0.331221 -5.79964 1.5
      vertex -0.341297 -5.79499 1.5
    endloop
  endfacet
  facet normal 0 0 1
    outer loop
      vertex -0.588443 -7.47688 1.5
      vertex -0.341297 -5.79499 1.5
      vertex -0.392939 -5.77119 1.5
    endloop
  endfacet
  facet normal 0 0 1
    outer loop
      vertex -1.17326 -7.40766 1.5
      vertex -0.392939 -5.77119 1.5
      vertex -0.40262 -5.76576 1.5
    endloop
  endfacet
  facet normal 0 0 1
    outer loop
      vertex -1.17326 -7.40766 1.5
      vertex -0.40262 -5.76576 1.5
      vertex -0.452234 -5.73798 1.5
    endloop
  endfacet
  facet normal 0 0 1
    outer loop
      vertex -1.17326 -7.40766 1.5
      vertex -0.452234 -5.73798 1.5
      vertex -0.499516 -5.70639 1.5
    endloop
  endfacet
  facet normal 0 0 1
    outer loop
      vertex -1.17326 -7.40766 1.5
      vertex -0.499516 -5.70639 1.5
      vertex -0.508742 -5.70022 1.5
    endloop
  endfacet
  facet normal 0 0 1
    outer loop
      vertex -1.17326 -7.40766 1.5
      vertex -0.508742 -5.70022 1.5
      vertex -0.517456 -5.69335 1.5
    endloop
  endfacet
  facet normal 0 0 1
    outer loop
      vertex -1.17326 -7.40766 1.5
      vertex -0.517456 -5.69335 1.5
      vertex -0.562112 -5.65815 1.5
    endloop
  endfacet
  facet normal 0 0 1
    outer loop
      vertex -0.135397 -5.85487 1.5
      vertex -0.588443 -7.47688 1.5
      vertex 0 -7.5 1.5
    endloop
  endfacet
  facet normal 0 0 1
    outer loop
      vertex -1.17326 -7.40766 1.5
      vertex -0.562112 -5.65815 1.5
      vertex -0.603869 -5.61955 1.5
    endloop
  endfacet
  facet normal 0 0 1
    outer loop
      vertex -1.17326 -7.40766 1.5
      vertex -0.603869 -5.61955 1.5
      vertex -0.612017 -5.61202 1.5
    endloop
  endfacet
  facet normal 0 0 1
    outer loop
      vertex -1.17326 -7.40766 1.5
      vertex -0.612017 -5.61202 1.5
      vertex -0.619549 -5.60387 1.5
    endloop
  endfacet
  facet normal 0 0 1
    outer loop
      vertex -1.17326 -7.40766 1.5
      vertex -0.619549 -5.60387 1.5
      vertex -0.658148 -5.56211 1.5
    endloop
  endfacet
  facet normal 0 0 1
    outer loop
      vertex -1.17326 -7.40766 1.5
      vertex -0.658148 -5.56211 1.5
      vertex -0.693354 -5.51746 1.5
    endloop
  endfacet
  facet normal 0 0 1
    outer loop
      vertex -1.17326 -7.40766 1.5
      vertex -0.693354 -5.51746 1.5
      vertex -0.700223 -5.50874 1.5
    endloop
  endfacet
  facet normal 0 0 1
    outer loop
      vertex -1.17326 -7.40766 1.5
      vertex -0.700223 -5.50874 1.5
      vertex -0.706387 -5.49952 1.5
    endloop
  endfacet
  facet normal 0 0 1
    outer loop
      vertex -1.17326 -7.40766 1.5
      vertex -0.706387 -5.49952 1.5
      vertex -0.73798 -5.45223 1.5
    endloop
  endfacet
  facet normal 0 0 1
    outer loop
      vertex -1.17326 -7.40766 1.5
      vertex -0.73798 -5.45223 1.5
      vertex -0.765765 -5.40262 1.5
    endloop
  endfacet
  facet normal 0 0 1
    outer loop
      vertex -1.17326 -7.40766 1.5
      vertex -0.765765 -5.40262 1.5
      vertex -0.771186 -5.39294 1.5
    endloop
  endfacet
  facet normal 0 0 1
    outer loop
      vertex -1.17326 -7.40766 1.5
      vertex -0.771186 -5.39294 1.5
      vertex -0.794994 -5.3413 1.5
    endloop
  endfacet
  facet normal 0 0 1
    outer loop
      vertex -1.17326 -7.40766 1.5
      vertex -0.794994 -5.3413 1.5
      vertex -0.799639 -5.33122 1.5
    endloop
  endfacet
  facet normal 0 0 1
    outer loop
      vertex -1.17326 -7.40766 1.5
      vertex -0.799639 -5.33122 1.5
      vertex -0.803479 -5.32081 1.5
    endloop
  endfacet
  facet normal 0 0 1
    outer loop
      vertex -1.17326 -7.40766 1.5
      vertex -0.803479 -5.32081 1.5
      vertex -0.823162 -5.26746 1.5
    endloop
  endfacet
  facet normal 0 0 1
    outer loop
      vertex -1.17326 -7.40766 1.5
      vertex -0.823162 -5.26746 1.5
      vertex -0.838597 -5.21273 1.5
    endloop
  endfacet
  facet normal 0 0 1
    outer loop
      vertex -1.17326 -7.40766 1.5
      vertex -0.838597 -5.21273 1.5
      vertex -0.841609 -5.20205 1.5
    endloop
  endfacet
  facet normal 0 0 1
    outer loop
      vertex -1.17326 -7.40766 1.5
      vertex -0.841609 -5.20205 1.5
      vertex -0.843773 -5.19117 1.5
    endloop
  endfacet
  facet normal 0 0 1
    outer loop
      vertex -1.17326 -7.40766 1.5
      vertex -0.843773 -5.19117 1.5
      vertex -0.854867 -5.1354 1.5
    endloop
  endfacet
  facet normal 0 0 1
    outer loop
      vertex -1.17326 -7.40766 1.5
      vertex -0.854867 -5.1354 1.5
      vertex -0.861551 -5.07893 1.5
    endloop
  endfacet
  facet normal 0 0 1
    outer loop
      vertex -1.17326 -7.40766 1.5
      vertex -0.861551 -5.07893 1.5
      vertex -0.862855 -5.06791 1.5
    endloop
  endfacet
  facet normal 0 0 1
    outer loop
      vertex -0.392939 -5.77119 1.5
      vertex -1.17326 -7.40766 1.5
      vertex -0.588443 -7.47688 1.5
    endloop
  endfacet
  facet normal 0 0 1
    outer loop
      vertex -0.863291 -5.05682 1.5
      vertex -1.17326 -7.40766 1.5
      vertex -0.862855 -5.06791 1.5
    endloop
  endfacet
  facet normal 0 0 1
    outer loop
      vertex -1.17326 -7.40766 1.5
      vertex -0.863291 -5.05682 1.5
      vertex -0.865523 -5 1.5
    endloop
  endfacet
  facet normal -0.78531 0.619102 0
    outer loop
      vertex -6.06763 4.40839 -1.5
      vertex -5.70304 4.87086 1.5
      vertex -5.70304 4.87086 -1.5
    endloop
  endfacet
  facet normal -0.78531 0.619102 0
    outer loop
      vertex -5.70304 4.87086 1.5
      vertex -6.06763 4.40839 -1.5
      vertex -6.06763 4.40839 1.5
    endloop
  endfacet
  facet normal -0.0392598 0.999229 0
    outer loop
      vertex 0 7.5 -1.5
      vertex -0.588443 7.47688 1.5
      vertex 0 7.5 1.5
    endloop
  endfacet
  facet normal -0.0392598 0.999229 0
    outer loop
      vertex -0.588443 7.47688 1.5
      vertex 0 7.5 -1.5
      vertex -0.588443 7.47688 -1.5
    endloop
  endfacet
  facet normal -0.619102 0.78531 0
    outer loop
      vertex -4.40839 6.06763 -1.5
      vertex -4.87086 5.70304 1.5
      vertex -4.40839 6.06763 1.5
    endloop
  endfacet
  facet normal -0.619102 0.78531 0
    outer loop
      vertex -4.87086 5.70304 1.5
      vertex -4.40839 6.06763 -1.5
      vertex -4.87086 5.70304 -1.5
    endloop
  endfacet
  facet normal -0.678798 0.734325 0
    outer loop
      vertex -4.87086 5.70304 -1.5
      vertex -5.3033 5.3033 1.5
      vertex -4.87086 5.70304 1.5
    endloop
  endfacet
  facet normal -0.678798 0.734325 0
    outer loop
      vertex -5.3033 5.3033 1.5
      vertex -4.87086 5.70304 -1.5
      vertex -5.3033 5.3033 -1.5
    endloop
  endfacet
  facet normal 0.999229 -0.0392598 0
    outer loop
      vertex 7.47688 -0.588443 1.5
      vertex 7.5 0 -1.5
      vertex 7.5 0 1.5
    endloop
  endfacet
  facet normal 0.999229 -0.0392598 0
    outer loop
      vertex 7.5 0 -1.5
      vertex 7.47688 -0.588443 1.5
      vertex 7.47688 -0.588443 -1.5
    endloop
  endfacet
  facet normal 0.0392598 -0.999229 0
    outer loop
      vertex 0 -7.5 -1.5
      vertex 0.588443 -7.47688 1.5
      vertex 0 -7.5 1.5
    endloop
  endfacet
  facet normal 0.0392598 -0.999229 0
    outer loop
      vertex 0.588443 -7.47688 1.5
      vertex 0 -7.5 -1.5
      vertex 0.588443 -7.47688 -1.5
    endloop
  endfacet
  facet normal 0.980785 -0.195094 0
    outer loop
      vertex 7.29277 -1.75084 1.5
      vertex 7.40766 -1.17326 -1.5
      vertex 7.40766 -1.17326 1.5
    endloop
  endfacet
  facet normal 0.980785 -0.195094 0
    outer loop
      vertex 7.40766 -1.17326 -1.5
      vertex 7.29277 -1.75084 1.5
      vertex 7.29277 -1.75084 -1.5
    endloop
  endfacet
  facet normal 0.938194 -0.346111 0
    outer loop
      vertex 6.9291 -2.87012 1.5
      vertex 7.13292 -2.31763 -1.5
      vertex 7.13292 -2.31763 1.5
    endloop
  endfacet
  facet normal 0.938194 -0.346111 0
    outer loop
      vertex 7.13292 -2.31763 -1.5
      vertex 6.9291 -2.87012 1.5
      vertex 6.9291 -2.87012 -1.5
    endloop
  endfacet
  facet normal 0.195094 -0.980785 0
    outer loop
      vertex 1.17326 -7.40766 -1.5
      vertex 1.75084 -7.29277 1.5
      vertex 1.17326 -7.40766 1.5
    endloop
  endfacet
  facet normal 0.195094 -0.980785 0
    outer loop
      vertex 1.75084 -7.29277 1.5
      vertex 1.17326 -7.40766 -1.5
      vertex 1.75084 -7.29277 -1.5
    endloop
  endfacet
  facet normal 0.346111 -0.938194 0
    outer loop
      vertex 2.31763 -7.13292 -1.5
      vertex 2.87012 -6.9291 1.5
      vertex 2.31763 -7.13292 1.5
    endloop
  endfacet
  facet normal 0.346111 -0.938194 0
    outer loop
      vertex 2.87012 -6.9291 1.5
      vertex 2.31763 -7.13292 -1.5
      vertex 2.87012 -6.9291 -1.5
    endloop
  endfacet
  facet normal 0.619102 -0.78531 0
    outer loop
      vertex 4.40839 -6.06763 -1.5
      vertex 4.87086 -5.70304 1.5
      vertex 4.40839 -6.06763 1.5
    endloop
  endfacet
  facet normal 0.619102 -0.78531 0
    outer loop
      vertex 4.87086 -5.70304 1.5
      vertex 4.40839 -6.06763 -1.5
      vertex 4.87086 -5.70304 -1.5
    endloop
  endfacet
  facet normal 0.488625 -0.872494 0
    outer loop
      vertex 3.40493 -6.68255 -1.5
      vertex 3.91874 -6.3948 1.5
      vertex 3.40493 -6.68255 1.5
    endloop
  endfacet
  facet normal 0.488625 -0.872494 0
    outer loop
      vertex 3.91874 -6.3948 1.5
      vertex 3.40493 -6.68255 -1.5
      vertex 3.91874 -6.3948 -1.5
    endloop
  endfacet
  facet normal 0.908144 -0.418659 0
    outer loop
      vertex 6.68255 -3.40493 1.5
      vertex 6.9291 -2.87012 -1.5
      vertex 6.9291 -2.87012 1.5
    endloop
  endfacet
  facet normal 0.908144 -0.418659 0
    outer loop
      vertex 6.9291 -2.87012 -1.5
      vertex 6.68255 -3.40493 1.5
      vertex 6.68255 -3.40493 -1.5
    endloop
  endfacet
  facet normal 0.831472 -0.555566 0
    outer loop
      vertex 6.06763 -4.40839 1.5
      vertex 6.3948 -3.91874 -1.5
      vertex 6.3948 -3.91874 1.5
    endloop
  endfacet
  facet normal 0.831472 -0.555566 0
    outer loop
      vertex 6.3948 -3.91874 -1.5
      vertex 6.06763 -4.40839 1.5
      vertex 6.06763 -4.40839 -1.5
    endloop
  endfacet
  facet normal -0.117541 -0.993068 0
    outer loop
      vertex -1.17326 -7.40766 -1.5
      vertex -0.588443 -7.47688 1.5
      vertex -1.17326 -7.40766 1.5
    endloop
  endfacet
  facet normal -0.117541 -0.993068 -0
    outer loop
      vertex -0.588443 -7.47688 1.5
      vertex -1.17326 -7.40766 -1.5
      vertex -0.588443 -7.47688 -1.5
    endloop
  endfacet
  facet normal -0.271438 -0.962456 0
    outer loop
      vertex -2.31763 -7.13292 -1.5
      vertex -1.75084 -7.29277 1.5
      vertex -2.31763 -7.13292 1.5
    endloop
  endfacet
  facet normal -0.271438 -0.962456 -0
    outer loop
      vertex -1.75084 -7.29277 1.5
      vertex -2.31763 -7.13292 -1.5
      vertex -1.75084 -7.29277 -1.5
    endloop
  endfacet
  facet normal -0.418659 -0.908144 0
    outer loop
      vertex -3.40493 -6.68255 -1.5
      vertex -2.87012 -6.9291 1.5
      vertex -3.40493 -6.68255 1.5
    endloop
  endfacet
  facet normal -0.418659 -0.908144 -0
    outer loop
      vertex -2.87012 -6.9291 1.5
      vertex -3.40493 -6.68255 -1.5
      vertex -2.87012 -6.9291 -1.5
    endloop
  endfacet
  facet normal -0.555566 -0.831472 0
    outer loop
      vertex -4.40839 -6.06763 -1.5
      vertex -3.91874 -6.3948 1.5
      vertex -4.40839 -6.06763 1.5
    endloop
  endfacet
  facet normal -0.555566 -0.831472 -0
    outer loop
      vertex -3.91874 -6.3948 1.5
      vertex -4.40839 -6.06763 -1.5
      vertex -3.91874 -6.3948 -1.5
    endloop
  endfacet
  facet normal -0.980785 -0.195094 0
    outer loop
      vertex -7.29277 -1.75084 -1.5
      vertex -7.40766 -1.17326 1.5
      vertex -7.40766 -1.17326 -1.5
    endloop
  endfacet
  facet normal -0.980785 -0.195094 0
    outer loop
      vertex -7.40766 -1.17326 1.5
      vertex -7.29277 -1.75084 -1.5
      vertex -7.29277 -1.75084 1.5
    endloop
  endfacet
  facet normal -0.999229 -0.0392598 0
    outer loop
      vertex -7.47688 -0.588443 -1.5
      vertex -7.5 0 1.5
      vertex -7.5 0 -1.5
    endloop
  endfacet
  facet normal -0.999229 -0.0392598 0
    outer loop
      vertex -7.5 0 1.5
      vertex -7.47688 -0.588443 -1.5
      vertex -7.47688 -0.588443 1.5
    endloop
  endfacet
  facet normal -0.872494 -0.488625 0
    outer loop
      vertex -6.3948 -3.91874 -1.5
      vertex -6.68255 -3.40493 1.5
      vertex -6.68255 -3.40493 -1.5
    endloop
  endfacet
  facet normal -0.872494 -0.488625 0
    outer loop
      vertex -6.68255 -3.40493 1.5
      vertex -6.3948 -3.91874 -1.5
      vertex -6.3948 -3.91874 1.5
    endloop
  endfacet
  facet normal -0.78531 -0.619102 0
    outer loop
      vertex -5.70304 -4.87086 -1.5
      vertex -6.06763 -4.40839 1.5
      vertex -6.06763 -4.40839 -1.5
    endloop
  endfacet
  facet normal -0.78531 -0.619102 0
    outer loop
      vertex -6.06763 -4.40839 1.5
      vertex -5.70304 -4.87086 -1.5
      vertex -5.70304 -4.87086 1.5
    endloop
  endfacet
  facet normal -0.734325 -0.678798 0
    outer loop
      vertex -5.3033 -5.3033 -1.5
      vertex -5.70304 -4.87086 1.5
      vertex -5.70304 -4.87086 -1.5
    endloop
  endfacet
  facet normal -0.734325 -0.678798 0
    outer loop
      vertex -5.70304 -4.87086 1.5
      vertex -5.3033 -5.3033 -1.5
      vertex -5.3033 -5.3033 1.5
    endloop
  endfacet
  facet normal 0.962456 -0.271438 0
    outer loop
      vertex 7.13292 -2.31763 1.5
      vertex 7.29277 -1.75084 -1.5
      vertex 7.29277 -1.75084 1.5
    endloop
  endfacet
  facet normal 0.962456 -0.271438 0
    outer loop
      vertex 7.29277 -1.75084 -1.5
      vertex 7.13292 -2.31763 1.5
      vertex 7.13292 -2.31763 -1.5
    endloop
  endfacet
  facet normal 0.117541 -0.993068 0
    outer loop
      vertex 0.588443 -7.47688 -1.5
      vertex 1.17326 -7.40766 1.5
      vertex 0.588443 -7.47688 1.5
    endloop
  endfacet
  facet normal 0.117541 -0.993068 0
    outer loop
      vertex 1.17326 -7.40766 1.5
      vertex 0.588443 -7.47688 -1.5
      vertex 1.17326 -7.40766 -1.5
    endloop
  endfacet
  facet normal 0.678798 -0.734325 0
    outer loop
      vertex 4.87086 -5.70304 -1.5
      vertex 5.3033 -5.3033 1.5
      vertex 4.87086 -5.70304 1.5
    endloop
  endfacet
  facet normal 0.678798 -0.734325 0
    outer loop
      vertex 5.3033 -5.3033 1.5
      vertex 4.87086 -5.70304 -1.5
      vertex 5.3033 -5.3033 -1.5
    endloop
  endfacet
  facet normal 0.78531 -0.619102 0
    outer loop
      vertex 5.70304 -4.87086 1.5
      vertex 6.06763 -4.40839 -1.5
      vertex 6.06763 -4.40839 1.5
    endloop
  endfacet
  facet normal 0.78531 -0.619102 0
    outer loop
      vertex 6.06763 -4.40839 -1.5
      vertex 5.70304 -4.87086 1.5
      vertex 5.70304 -4.87086 -1.5
    endloop
  endfacet
  facet normal -0.0392598 -0.999229 0
    outer loop
      vertex -0.588443 -7.47688 -1.5
      vertex 0 -7.5 1.5
      vertex -0.588443 -7.47688 1.5
    endloop
  endfacet
  facet normal -0.0392598 -0.999229 -0
    outer loop
      vertex 0 -7.5 1.5
      vertex -0.588443 -7.47688 -1.5
      vertex 0 -7.5 -1.5
    endloop
  endfacet
  facet normal -0.619102 -0.78531 0
    outer loop
      vertex -4.87086 -5.70304 -1.5
      vertex -4.40839 -6.06763 1.5
      vertex -4.87086 -5.70304 1.5
    endloop
  endfacet
  facet normal -0.619102 -0.78531 -0
    outer loop
      vertex -4.40839 -6.06763 1.5
      vertex -4.87086 -5.70304 -1.5
      vertex -4.40839 -6.06763 -1.5
    endloop
  endfacet
  facet normal -0.993068 -0.117541 0
    outer loop
      vertex -7.40766 -1.17326 -1.5
      vertex -7.47688 -0.588443 1.5
      vertex -7.47688 -0.588443 -1.5
    endloop
  endfacet
  facet normal -0.993068 -0.117541 0
    outer loop
      vertex -7.47688 -0.588443 1.5
      vertex -7.40766 -1.17326 -1.5
      vertex -7.40766 -1.17326 1.5
    endloop
  endfacet
  facet normal 0.0614553 0.51917 0.852458
    outer loop
      vertex -0.0383368 -5.48711 1.1275
      vertex -0.076437 -5.4826 1.1275
      vertex -0.0869102 -5.54873 1.16853
    endloop
  endfacet
  facet normal 0.540265 -0.360973 0.76014
    outer loop
      vertex -0.500857 -4.63611 1.21468
      vertex -0.549161 -4.60101 1.26568
      vertex -0.578773 -4.64533 1.26568
    endloop
  endfacet
  facet normal 0.5192 -0.0614592 0.85244
    outer loop
      vertex -0.487115 -4.96166 1.1275
      vertex -0.482605 -4.92356 1.1275
      vertex -0.54873 -4.91309 1.16853
    endloop
  endfacet
  facet normal -0.371765 0.663676 0.649096
    outer loop
      vertex 0.356526 -5.69972 1.38091
      vertex 0.383682 -5.62611 1.3212
      vertex 0.333375 -5.65429 1.3212
    endloop
  endfacet
  facet normal -0.12672 -0.637312 0.760116
    outer loop
      vertex 0.144525 -4.39801 1.21468
      vertex 0.106188 -4.32956 1.26568
      vertex 0.0968475 -4.38853 1.21468
    endloop
  endfacet
  facet normal -0.760084 -0.0298507 0.649139
    outer loop
      vertex 0.785316 -5 1.38091
      vertex 0.782896 -4.93838 1.38091
      vertex 0.732059 -4.94239 1.3212
    endloop
  endfacet
  facet normal 0.0951468 0.80363 0.587475
    outer loop
      vertex -0.061615 -5.7829 1.38091
      vertex -0.12285 -5.77565 1.38091
      vertex -0.13007 -5.82123 1.44443
    endloop
  endfacet
  facet normal 0.477201 0.44107 0.760089
    outer loop
      vertex -0.437765 -5.43777 1.21468
      vertex -0.470762 -5.40207 1.21468
      vertex -0.479984 -5.47998 1.26568
    endloop
  endfacet
  facet normal 0.101928 0.512761 0.852459
    outer loop
      vertex -0.0869102 -5.54873 1.16853
      vertex -0.076437 -5.4826 1.1275
      vertex -0.114066 -5.47512 1.1275
    endloop
  endfacet
  facet normal 0.488979 -0.326728 0.808794
    outer loop
      vertex -0.473701 -4.70971 1.16853
      vertex -0.449466 -4.67344 1.16853
      vertex -0.500857 -4.63611 1.21468
    endloop
  endfacet
  facet normal 0.441018 -0.477192 0.760125
    outer loop
      vertex -0.437765 -4.56223 1.21468
      vertex -0.402069 -4.52924 1.21468
      vertex -0.479984 -4.52001 1.26568
    endloop
  endfacet
  facet normal 0.252381 -0.377636 0.890896
    outer loop
      vertex -0.218749 -4.64303 1.09186
      vertex -0.255303 -4.58338 1.1275
      vertex -0.287204 -4.6047 1.1275
    endloop
  endfacet
  facet normal 0.281174 -0.356697 0.890903
    outer loop
      vertex -0.271897 -4.68165 1.09186
      vertex -0.246081 -4.6613 1.09186
      vertex -0.287204 -4.6047 1.1275
    endloop
  endfacet
  facet normal 0.566964 -0.317471 0.760108
    outer loop
      vertex -0.551617 -4.71894 1.21468
      vertex -0.527864 -4.67652 1.21468
      vertex -0.578773 -4.64533 1.26568
    endloop
  endfacet
  facet normal -0.107099 -0.290175 0.950962
    outer loop
      vertex 0.103875 -4.74922 1.03754
      vertex 0.132453 -4.68023 1.06181
      vertex 0.0838795 -4.74184 1.03754
    endloop
  endfacet
  facet normal -0.706828 -0.0277652 0.706841
    outer loop
      vertex 0.734322 -5 1.3212
      vertex 0.732059 -4.94239 1.3212
      vertex 0.678801 -5 1.26568
    endloop
  endfacet
  facet normal 0.295096 0.800143 0.522197
    outer loop
      vertex -0.31819 -5.76818 1.44443
      vertex -0.320811 -5.80348 1.5
      vertex -0.256938 -5.79077 1.44443
    endloop
  endfacet
  facet normal 0.295148 0.800128 0.52219
    outer loop
      vertex -0.320811 -5.80348 1.5
      vertex -0.31819 -5.76818 1.44443
      vertex -0.331221 -5.79964 1.5
    endloop
  endfacet
  facet normal 0.527993 0.669713 0.522214
    outer loop
      vertex -0.488725 -5.67267 1.44443
      vertex -0.517456 -5.69335 1.5
      vertex -0.508742 -5.70022 1.5
    endloop
  endfacet
  facet normal 0.527983 0.669723 0.522212
    outer loop
      vertex -0.517456 -5.69335 1.5
      vertex -0.488725 -5.67267 1.44443
      vertex -0.539996 -5.63225 1.44443
    endloop
  endfacet
  facet normal -0.759205 0.280094 0.587499
    outer loop
      vertex 0.768177 -5.31819 1.44443
      vertex 0.790774 -5.25694 1.44443
      vertex 0.746881 -5.24268 1.38091
    endloop
  endfacet
  facet normal -0.760087 -0.0298573 0.649135
    outer loop
      vertex 0.734322 -5 1.3212
      vertex 0.785316 -5 1.38091
      vertex 0.732059 -4.94239 1.3212
    endloop
  endfacet
  facet normal 0.148411 -0.746024 0.649171
    outer loop
      vertex -0.171424 -4.28597 1.3212
      vertex -0.114873 -4.27472 1.3212
      vertex -0.183328 -4.23638 1.38091
    endloop
  endfacet
  facet normal 0.58818 -0.392987 0.706827
    outer loop
      vertex -0.578773 -4.64533 1.26568
      vertex -0.549161 -4.60101 1.26568
      vertex -0.594079 -4.56838 1.3212
    endloop
  endfacet
  facet normal 0.100178 0.846876 0.52227
    outer loop
      vertex -0.0789265 -5.86155 1.5
      vertex -0.13007 -5.82123 1.44443
      vertex -0.135397 -5.85487 1.5
    endloop
  endfacet
  facet normal 0.219686 0.778848 0.587481
    outer loop
      vertex -0.183328 -5.76362 1.38091
      vertex -0.242676 -5.74688 1.38091
      vertex -0.256938 -5.79077 1.44443
    endloop
  endfacet
  facet normal 0.307158 -0.0363739 0.950963
    outer loop
      vertex -0.268098 -4.95754 1.03754
      vertex -0.341855 -4.94586 1.06181
      vertex -0.34505 -4.97284 1.06181
    endloop
  endfacet
  facet normal -0.778847 0.219639 0.5875
    outer loop
      vertex 0.790774 -5.25694 1.44443
      vertex 0.763618 -5.18333 1.38091
      vertex 0.746881 -5.24268 1.38091
    endloop
  endfacet
  facet normal -0.51307 0.28736 0.808816
    outer loop
      vertex 0.527864 -5.32347 1.21468
      vertex 0.551617 -5.28106 1.21468
      vertex 0.473701 -5.29028 1.16853
    endloop
  endfacet
  facet normal -0.03382 0.852202 0.522118
    outer loop
      vertex 0.0652361 -5.82891 1.44443
      vertex 0.0568205 -5.86329 1.5
      vertex 0.0679077 -5.86285 1.5
    endloop
  endfacet
  facet normal -0.0334416 0.852188 0.522166
    outer loop
      vertex 0.0568205 -5.86329 1.5
      vertex 0.0652361 -5.82891 1.44443
      vertex 0 -5.83147 1.44443
    endloop
  endfacet
  facet normal -0.242899 0.191508 0.95096
    outer loop
      vertex 0.263189 -5.22478 1.06181
      vertex 0.280014 -5.20344 1.06181
      vertex 0.2196 -5.15955 1.03754
    endloop
  endfacet
  facet normal -0.480093 -0.519501 0.706845
    outer loop
      vertex 0.479984 -4.52001 1.26568
      vertex 0.519244 -4.48075 1.3212
      vertex 0.440845 -4.48384 1.26568
    endloop
  endfacet
  facet normal -0.237079 -0.300758 0.923763
    outer loop
      vertex 0.271897 -4.68165 1.09186
      vertex 0.246081 -4.6613 1.09186
      vertex 0.224785 -4.73681 1.06181
    endloop
  endfacet
  facet normal -0.451044 0.0533956 0.890903
    outer loop
      vertex 0.482605 -5.07644 1.1275
      vertex 0.417369 -5.03285 1.09186
      vertex 0.413505 -5.06549 1.09186
    endloop
  endfacet
  facet normal 0.635448 -0.500996 0.587545
    outer loop
      vertex -0.597159 -4.48998 1.38091
      vertex -0.632254 -4.46 1.44443
      vertex -0.635334 -4.5384 1.38091
    endloop
  endfacet
  facet normal -0.490517 -0.180939 0.85244
    outer loop
      vertex 0.528378 -4.82832 1.16853
      vertex 0.51328 -4.78739 1.16853
      vertex 0.451427 -4.81301 1.1275
    endloop
  endfacet
  facet normal 0.171836 0.257188 0.950961
    outer loop
      vertex -0.141827 -5.23144 1.03754
      vertex -0.159548 -5.2196 1.03754
      vertex -0.180845 -5.29511 1.06181
    endloop
  endfacet
  facet normal 0.642396 0.296179 0.706827
    outer loop
      vertex -0.604815 -5.30817 1.26568
      vertex -0.62713 -5.25977 1.26568
      vertex -0.654285 -5.33337 1.3212
    endloop
  endfacet
  facet normal -0.846906 0.100243 0.522209
    outer loop
      vertex 0.854867 -5.1354 1.5
      vertex 0.861551 -5.07893 1.5
      vertex 0.821233 -5.13007 1.44443
    endloop
  endfacet
  facet normal -0.488924 -0.32676 0.808814
    outer loop
      vertex 0.527864 -4.67652 1.21468
      vertex 0.500857 -4.63611 1.21468
      vertex 0.473701 -4.70971 1.16853
    endloop
  endfacet
  facet normal 0.218836 -0.474776 0.852466
    outer loop
      vertex -0.221828 -4.56464 1.1275
      vertex -0.212607 -4.48672 1.16853
      vertex -0.252223 -4.50498 1.16853
    endloop
  endfacet
  facet normal 0.303366 -0.0603204 0.950963
    outer loop
      vertex -0.268098 -4.95754 1.03754
      vertex -0.336554 -4.9192 1.06181
      vertex -0.341855 -4.94586 1.06181
    endloop
  endfacet
  facet normal 0.734893 -0.338777 0.587506
    outer loop
      vertex -0.699722 -4.64347 1.38091
      vertex -0.740845 -4.62252 1.44443
      vertex -0.768177 -4.68181 1.44443
    endloop
  endfacet
  facet normal 0.576759 0.114735 0.808817
    outer loop
      vertex -0.601988 -5.14452 1.21468
      vertex -0.54873 -5.08691 1.16853
      vertex -0.611471 -5.09685 1.21468
    endloop
  endfacet
  facet normal -0.100178 0.846876 0.52227
    outer loop
      vertex 0.135397 -5.85487 1.5
      vertex 0.13007 -5.82123 1.44443
      vertex 0.0789265 -5.86155 1.5
    endloop
  endfacet
  facet normal -0.333533 0.308304 0.890901
    outer loop
      vertex 0.345507 -5.34551 1.1275
      vertex 0.318351 -5.2719 1.09186
      vertex 0.296037 -5.29604 1.09186
    endloop
  endfacet
  facet normal 0.257168 0.171847 0.950964
    outer loop
      vertex -0.2196 -5.15955 1.03754
      vertex -0.231441 -5.14183 1.03754
      vertex -0.295113 -5.18085 1.06181
    endloop
  endfacet
  facet normal -0.663664 0.371676 0.649159
    outer loop
      vertex 0.669592 -5.41033 1.38091
      vertex 0.699722 -5.35653 1.38091
      vertex 0.626112 -5.38368 1.3212
    endloop
  endfacet
  facet normal 0.138022 0.693762 0.706855
    outer loop
      vertex -0.114873 -5.72528 1.3212
      vertex -0.106188 -5.67044 1.26568
      vertex -0.158463 -5.66004 1.26568
    endloop
  endfacet
  facet normal 0.0831777 0.702466 0.70684
    outer loop
      vertex -0.0576134 -5.73206 1.3212
      vertex -0.0532579 -5.67671 1.26568
      vertex -0.114873 -5.72528 1.3212
    endloop
  endfacet
  facet normal -0.774477 -0.357063 0.522199
    outer loop
      vertex 0.794994 -4.6587 1.5
      vertex 0.771186 -4.60706 1.5
      vertex 0.740845 -4.62252 1.44443
    endloop
  endfacet
  facet normal -0.732104 0.206453 0.649154
    outer loop
      vertex 0.763618 -5.18333 1.38091
      vertex 0.714032 -5.17142 1.3212
      vertex 0.698381 -5.22692 1.3212
    endloop
  endfacet
  facet normal -0.565973 -0.159641 0.80882
    outer loop
      vertex 0.601988 -4.85547 1.21468
      vertex 0.588793 -4.80869 1.21468
      vertex 0.528378 -4.82832 1.16853
    endloop
  endfacet
  facet normal -0.3641 0.461804 0.808807
    outer loop
      vertex 0.402069 -5.47076 1.21468
      vertex 0.360813 -5.42246 1.16853
      vertex 0.326555 -5.44947 1.16853
    endloop
  endfacet
  facet normal -0.558571 0.516342 0.649145
    outer loop
      vertex 0.597159 -5.51002 1.38091
      vertex 0.558383 -5.4769 1.3212
      vertex 0.519244 -5.51924 1.3212
    endloop
  endfacet
  facet normal -0.295143 0.800097 0.522241
    outer loop
      vertex 0.267461 -5.82316 1.5
      vertex 0.320811 -5.80348 1.5
      vertex 0.256938 -5.79077 1.44443
    endloop
  endfacet
  facet normal -0.219747 0.778794 0.587529
    outer loop
      vertex 0.194102 -5.8085 1.44443
      vertex 0.256938 -5.79077 1.44443
      vertex 0.183328 -5.76362 1.38091
    endloop
  endfacet
  facet normal -0.176432 0.62533 0.760154
    outer loop
      vertex 0.209761 -5.64558 1.26568
      vertex 0.19131 -5.58879 1.21468
      vertex 0.144525 -5.60199 1.21468
    endloop
  endfacet
  facet normal -0.191912 0.680821 0.706861
    outer loop
      vertex 0.171424 -5.71403 1.3212
      vertex 0.209761 -5.64558 1.26568
      vertex 0.158463 -5.66004 1.26568
    endloop
  endfacet
  facet normal -0.473758 0.709093 0.522245
    outer loop
      vertex 0.452234 -5.73798 1.5
      vertex 0.499516 -5.70639 1.5
      vertex 0.434442 -5.70894 1.44443
    endloop
  endfacet
  facet normal -0.500953 0.635542 0.58748
    outer loop
      vertex 0.539996 -5.63225 1.44443
      vertex 0.510022 -5.59716 1.38091
      vertex 0.461597 -5.63533 1.38091
    endloop
  endfacet
  facet normal -0.231547 0.820761 0.522243
    outer loop
      vertex 0.267461 -5.82316 1.5
      vertex 0.256938 -5.79077 1.44443
      vertex 0.212731 -5.8386 1.5
    endloop
  endfacet
  facet normal -0.227118 -0.209979 0.950961
    outer loop
      vertex 0.206405 -4.82371 1.03754
      vertex 0.244741 -4.75526 1.06181
      vertex 0.191936 -4.80806 1.03754
    endloop
  endfacet
  facet normal -0.690812 -0.31843 0.649139
    outer loop
      vertex 0.678425 -4.71899 1.3212
      vertex 0.699722 -4.64347 1.38091
      vertex 0.654285 -4.66662 1.3212
    endloop
  endfacet
  facet normal -0.706045 -0.395412 0.587495
    outer loop
      vertex 0.699722 -4.64347 1.38091
      vertex 0.708944 -4.56556 1.44443
      vertex 0.669592 -4.58967 1.38091
    endloop
  endfacet
  facet normal 0.549302 -0.594194 0.587538
    outer loop
      vertex -0.555303 -4.4447 1.38091
      vertex -0.510022 -4.40284 1.38091
      vertex -0.587937 -4.41206 1.44443
    endloop
  endfacet
  facet normal 0.21967 -0.778792 0.587561
    outer loop
      vertex -0.242676 -4.25312 1.38091
      vertex -0.183328 -4.23638 1.38091
      vertex -0.256938 -4.20922 1.44443
    endloop
  endfacet
  facet normal -0.392964 -0.58817 0.706849
    outer loop
      vertex 0.431623 -4.40592 1.3212
      vertex 0.383682 -4.37389 1.3212
      vertex 0.354671 -4.42123 1.26568
    endloop
  endfacet
  facet normal 0.171856 -0.257181 0.950959
    outer loop
      vertex -0.159548 -4.7804 1.03754
      vertex -0.180845 -4.70489 1.06181
      vertex -0.203442 -4.71999 1.06181
    endloop
  endfacet
  facet normal 0.027727 -0.706835 0.706835
    outer loop
      vertex 0 -4.3212 1.26568
      vertex 0 -4.26568 1.3212
      vertex -0.0576134 -4.26794 1.3212
    endloop
  endfacet
  facet normal 0.176432 -0.62533 0.760154
    outer loop
      vertex -0.19131 -4.41121 1.21468
      vertex -0.144525 -4.39801 1.21468
      vertex -0.209761 -4.35442 1.26568
    endloop
  endfacet
  facet normal -0.290404 -0.434719 0.852459
    outer loop
      vertex 0.326555 -4.55053 1.16853
      vertex 0.290284 -4.5263 1.16853
      vertex 0.287204 -4.6047 1.1275
    endloop
  endfacet
  facet normal -0.527983 0.669723 0.522212
    outer loop
      vertex 0.488725 -5.67267 1.44443
      vertex 0.517456 -5.69335 1.5
      vertex 0.539996 -5.63225 1.44443
    endloop
  endfacet
  facet normal -0.527993 0.669713 0.522214
    outer loop
      vertex 0.517456 -5.69335 1.5
      vertex 0.488725 -5.67267 1.44443
      vertex 0.508742 -5.70022 1.5
    endloop
  endfacet
  facet normal -0.224825 0.609607 0.760153
    outer loop
      vertex 0.209761 -5.64558 1.26568
      vertex 0.236917 -5.57197 1.21468
      vertex 0.19131 -5.58879 1.21468
    endloop
  endfacet
  facet normal 0.500985 -0.635477 0.587523
    outer loop
      vertex -0.461597 -4.36467 1.38091
      vertex -0.488725 -4.32733 1.44443
      vertex -0.539996 -4.36775 1.44443
    endloop
  endfacet
  facet normal 0.371765 -0.663676 0.649096
    outer loop
      vertex -0.333375 -4.34571 1.3212
      vertex -0.356526 -4.30028 1.38091
      vertex -0.383682 -4.37389 1.3212
    endloop
  endfacet
  facet normal -0.852165 0.0334747 0.522202
    outer loop
      vertex 0.863291 -5.05682 1.5
      vertex 0.865523 -5 1.5
      vertex 0.83147 -5 1.44443
    endloop
  endfacet
  facet normal -0.416615 -0.744143 0.522191
    outer loop
      vertex 0.377479 -4.25915 1.44443
      vertex 0.40262 -4.23423 1.5
      vertex 0.392939 -4.22881 1.5
    endloop
  endfacet
  facet normal -0.416698 -0.744087 0.522204
    outer loop
      vertex 0.40262 -4.23423 1.5
      vertex 0.377479 -4.25915 1.44443
      vertex 0.434442 -4.29105 1.44443
    endloop
  endfacet
  facet normal -0.231366 -0.82085 0.522183
    outer loop
      vertex 0.194102 -4.1915 1.44443
      vertex 0.212731 -4.1614 1.5
      vertex 0.202052 -4.15839 1.5
    endloop
  endfacet
  facet normal -0.231472 -0.820811 0.522197
    outer loop
      vertex 0.212731 -4.1614 1.5
      vertex 0.194102 -4.1915 1.44443
      vertex 0.256938 -4.20922 1.44443
    endloop
  endfacet
  facet normal -0.470943 -0.597333 0.649158
    outer loop
      vertex 0.476904 -4.44162 1.3212
      vertex 0.510022 -4.40284 1.38091
      vertex 0.431623 -4.40592 1.3212
    endloop
  endfacet
  facet normal 0.231565 -0.820824 0.522135
    outer loop
      vertex -0.256938 -4.20922 1.44443
      vertex -0.212731 -4.1614 1.5
      vertex -0.267461 -4.17684 1.5
    endloop
  endfacet
  facet normal 0.755398 -0.089419 0.649136
    outer loop
      vertex -0.725282 -4.88513 1.3212
      vertex -0.775648 -4.87715 1.38091
      vertex -0.782896 -4.93838 1.38091
    endloop
  endfacet
  facet normal 0.706045 -0.395412 0.587495
    outer loop
      vertex -0.699722 -4.64347 1.38091
      vertex -0.669592 -4.58967 1.38091
      vertex -0.708944 -4.56556 1.44443
    endloop
  endfacet
  facet normal 0.451044 -0.0533956 0.890903
    outer loop
      vertex -0.417369 -4.96715 1.09186
      vertex -0.413505 -4.93451 1.09186
      vertex -0.482605 -4.92356 1.1275
    endloop
  endfacet
  facet normal 0.744073 0.416732 0.522198
    outer loop
      vertex -0.73798 -5.45223 1.5
      vertex -0.708944 -5.43444 1.44443
      vertex -0.765765 -5.40262 1.5
    endloop
  endfacet
  facet normal 0.290176 -0.107077 0.950964
    outer loop
      vertex -0.258155 -4.91612 1.03754
      vertex -0.31977 -4.86755 1.06181
      vertex -0.329176 -4.89304 1.06181
    endloop
  endfacet
  facet normal 0.031731 0.808597 0.587507
    outer loop
      vertex 0 -5.83147 1.44443
      vertex -0.061615 -5.7829 1.38091
      vertex -0.0652361 -5.82891 1.44443
    endloop
  endfacet
  facet normal 0.422576 0.632491 0.649142
    outer loop
      vertex -0.410327 -5.66959 1.38091
      vertex -0.383682 -5.62611 1.3212
      vertex -0.431623 -5.59408 1.3212
    endloop
  endfacet
  facet normal 0.510289 0.40223 0.760142
    outer loop
      vertex -0.470762 -5.40207 1.21468
      vertex -0.500857 -5.36389 1.21468
      vertex -0.549161 -5.39899 1.26568
    endloop
  endfacet
  facet normal 0.709042 0.473809 0.522269
    outer loop
      vertex -0.706387 -5.49952 1.5
      vertex -0.672672 -5.48872 1.44443
      vertex -0.708944 -5.43444 1.44443
    endloop
  endfacet
  facet normal 0.708953 0.473968 0.522246
    outer loop
      vertex -0.672672 -5.48872 1.44443
      vertex -0.706387 -5.49952 1.5
      vertex -0.700223 -5.50874 1.5
    endloop
  endfacet
  facet normal 0.461861 0.364058 0.808793
    outer loop
      vertex -0.470762 -5.40207 1.21468
      vertex -0.449466 -5.32656 1.16853
      vertex -0.500857 -5.36389 1.21468
    endloop
  endfacet
  facet normal 0.383956 0.35486 0.852439
    outer loop
      vertex -0.392847 -5.39285 1.16853
      vertex -0.345507 -5.34551 1.1275
      vertex -0.422459 -5.36081 1.16853
    endloop
  endfacet
  facet normal 0.426099 0.157217 0.890911
    outer loop
      vertex -0.38679 -5.16021 1.09186
      vertex -0.398169 -5.12937 1.09186
      vertex -0.451427 -5.18699 1.1275
    endloop
  endfacet
  facet normal -0.375598 -0.0746829 0.923769
    outer loop
      vertex 0.341855 -4.94586 1.06181
      vertex 0.413505 -4.93451 1.09186
      vertex 0.336554 -4.9192 1.06181
    endloop
  endfacet
  facet normal -0.015314 0.0770075 0.996913
    outer loop
      vertex 0.0183868 -5.11609 1.00693
      vertex 0.0274382 -5.11429 1.00693
      vertex 0.00614071 -5.03878 1.00077
    endloop
  endfacet
  facet normal -0.578877 0.626222 0.522253
    outer loop
      vertex 0.562112 -5.65815 1.5
      vertex 0.603869 -5.61955 1.5
      vertex 0.539996 -5.63225 1.44443
    endloop
  endfacet
  facet normal 0.0894427 0.755376 0.649158
    outer loop
      vertex -0.061615 -5.7829 1.38091
      vertex -0.0576134 -5.73206 1.3212
      vertex -0.114873 -5.72528 1.3212
    endloop
  endfacet
  facet normal -0.594216 -0.549282 0.587535
    outer loop
      vertex 0.597159 -4.48998 1.38091
      vertex 0.587937 -4.41206 1.44443
      vertex 0.555303 -4.4447 1.38091
    endloop
  endfacet
  facet normal -0.0977738 -0.212165 0.97233
    outer loop
      vertex 0.123231 -4.75814 1.03754
      vertex 0.103875 -4.74922 1.03754
      vertex 0.0746574 -4.81976 1.01921
    endloop
  endfacet
  facet normal -0.808585 -0.0317555 0.587522
    outer loop
      vertex 0.785316 -5 1.38091
      vertex 0.83147 -5 1.44443
      vertex 0.782896 -4.93838 1.38091
    endloop
  endfacet
  facet normal -0.609626 -0.224884 0.76012
    outer loop
      vertex 0.588793 -4.80869 1.21468
      vertex 0.645577 -4.79024 1.26568
      vertex 0.571968 -4.76308 1.21468
    endloop
  endfacet
  facet normal -0.66991 0.527708 0.52225
    outer loop
      vertex 0.672672 -5.48872 1.44443
      vertex 0.693354 -5.51746 1.5
      vertex 0.700223 -5.50874 1.5
    endloop
  endfacet
  facet normal -0.669748 0.527884 0.52228
    outer loop
      vertex 0.693354 -5.51746 1.5
      vertex 0.672672 -5.48872 1.44443
      vertex 0.632254 -5.54 1.44443
    endloop
  endfacet
  facet normal -0.594196 0.54929 0.587547
    outer loop
      vertex 0.632254 -5.54 1.44443
      vertex 0.597159 -5.51002 1.38091
      vertex 0.587937 -5.58794 1.44443
    endloop
  endfacet
  facet normal -0.318378 0.690879 0.649094
    outer loop
      vertex 0.356526 -5.69972 1.38091
      vertex 0.333375 -5.65429 1.3212
      vertex 0.281013 -5.67842 1.3212
    endloop
  endfacet
  facet normal -0.516343 0.558558 0.649156
    outer loop
      vertex 0.510022 -5.59716 1.38091
      vertex 0.519244 -5.51924 1.3212
      vertex 0.476904 -5.55838 1.3212
    endloop
  endfacet
  facet normal -0.470943 0.597333 0.649158
    outer loop
      vertex 0.510022 -5.59716 1.38091
      vertex 0.476904 -5.55838 1.3212
      vertex 0.431623 -5.59408 1.3212
    endloop
  endfacet
  facet normal -0.395404 0.706045 0.5875
    outer loop
      vertex 0.434442 -5.70894 1.44443
      vertex 0.410327 -5.66959 1.38091
      vertex 0.356526 -5.69972 1.38091
    endloop
  endfacet
  facet normal -0.176302 0.625447 0.760088
    outer loop
      vertex 0.158463 -5.66004 1.26568
      vertex 0.209761 -5.64558 1.26568
      vertex 0.144525 -5.60199 1.21468
    endloop
  endfacet
  facet normal -0.263236 0.713625 0.649189
    outer loop
      vertex 0.300528 -5.72554 1.38091
      vertex 0.281013 -5.67842 1.3212
      vertex 0.242676 -5.74688 1.38091
    endloop
  endfacet
  facet normal 0.244874 0.663662 0.706816
    outer loop
      vertex -0.226917 -5.69838 1.3212
      vertex -0.209761 -5.64558 1.26568
      vertex -0.281013 -5.67842 1.3212
    endloop
  endfacet
  facet normal 0.290404 0.434719 0.852459
    outer loop
      vertex -0.290284 -5.4737 1.16853
      vertex -0.287204 -5.3953 1.1275
      vertex -0.326555 -5.44947 1.16853
    endloop
  endfacet
  facet normal -0.597328 0.470941 0.649164
    outer loop
      vertex 0.597159 -5.51002 1.38091
      vertex 0.635334 -5.4616 1.38091
      vertex 0.594079 -5.43162 1.3212
    endloop
  endfacet
  facet normal -0.709134 0.473751 0.522196
    outer loop
      vertex 0.73798 -5.45223 1.5
      vertex 0.708944 -5.43444 1.44443
      vertex 0.706387 -5.49952 1.5
    endloop
  endfacet
  facet normal 0.0298145 0.76005 0.64918
    outer loop
      vertex 0 -5.78532 1.38091
      vertex 0 -5.73432 1.3212
      vertex -0.0576134 -5.73206 1.3212
    endloop
  endfacet
  facet normal -0.23159 0.820767 0.522213
    outer loop
      vertex 0.194102 -5.8085 1.44443
      vertex 0.212731 -5.8386 1.5
      vertex 0.256938 -5.79077 1.44443
    endloop
  endfacet
  facet normal -0.231366 0.82085 0.522183
    outer loop
      vertex 0.212731 -5.8386 1.5
      vertex 0.194102 -5.8085 1.44443
      vertex 0.202052 -5.84161 1.5
    endloop
  endfacet
  facet normal -0.0449671 -0.380301 0.923769
    outer loop
      vertex 0.0654926 -4.58649 1.09186
      vertex 0.0328474 -4.58263 1.09186
      vertex 0.0271559 -4.65495 1.06181
    endloop
  endfacet
  facet normal -0.426139 0.157174 0.8909
    outer loop
      vertex 0.451427 -5.18699 1.1275
      vertex 0.464705 -5.15099 1.1275
      vertex 0.398169 -5.12937 1.09186
    endloop
  endfacet
  facet normal -0.227092 -0.209994 0.950964
    outer loop
      vertex 0.263189 -4.77521 1.06181
      vertex 0.244741 -4.75526 1.06181
      vertex 0.206405 -4.82371 1.03754
    endloop
  endfacet
  facet normal 0.183466 -0.144614 0.972331
    outer loop
      vertex -0.157831 -4.88533 1.01921
      vertex -0.206405 -4.82371 1.03754
      vertex -0.2196 -4.84045 1.03754
    endloop
  endfacet
  facet normal 0.031731 -0.808597 0.587507
    outer loop
      vertex -0.061615 -4.2171 1.38091
      vertex 0 -4.16853 1.44443
      vertex -0.0652361 -4.17109 1.44443
    endloop
  endfacet
  facet normal 0.166457 -0.836378 0.522269
    outer loop
      vertex -0.13007 -4.17877 1.44443
      vertex -0.135397 -4.14513 1.5
      vertex -0.19117 -4.15623 1.5
    endloop
  endfacet
  facet normal -0.176432 -0.62533 0.760154
    outer loop
      vertex 0.19131 -4.41121 1.21468
      vertex 0.209761 -4.35442 1.26568
      vertex 0.144525 -4.39801 1.21468
    endloop
  endfacet
  facet normal 0.0533333 -0.451056 0.890901
    outer loop
      vertex -0.0654926 -4.58649 1.09186
      vertex -0.0328474 -4.58263 1.09186
      vertex -0.076437 -4.51739 1.1275
    endloop
  endfacet
  facet normal 0.594196 -0.54929 0.587547
    outer loop
      vertex -0.597159 -4.48998 1.38091
      vertex -0.587937 -4.41206 1.44443
      vertex -0.632254 -4.46 1.44443
    endloop
  endfacet
  facet normal -0.356956 -0.774534 0.522187
    outer loop
      vertex 0.377479 -4.25915 1.44443
      vertex 0.392939 -4.22881 1.5
      vertex 0.341297 -4.20501 1.5
    endloop
  endfacet
  facet normal -0.632455 -0.4226 0.649161
    outer loop
      vertex 0.626112 -4.61632 1.3212
      vertex 0.669592 -4.58967 1.38091
      vertex 0.594079 -4.56838 1.3212
    endloop
  endfacet
  facet normal 0.252406 -0.3776 0.890904
    outer loop
      vertex -0.246081 -4.6613 1.09186
      vertex -0.218749 -4.64303 1.09186
      vertex -0.287204 -4.6047 1.1275
    endloop
  endfacet
  facet normal -0.031759 -0.808609 0.587489
    outer loop
      vertex 0.061615 -4.2171 1.38091
      vertex 0 -4.16853 1.44443
      vertex 0 -4.21468 1.38091
    endloop
  endfacet
  facet normal 0.519517 -0.480127 0.70681
    outer loop
      vertex -0.516164 -4.55915 1.26568
      vertex -0.519244 -4.48075 1.3212
      vertex -0.558383 -4.5231 1.3212
    endloop
  endfacet
  facet normal -0.0691514 -0.583967 0.808827
    outer loop
      vertex 0.0869102 -4.45127 1.16853
      vertex 0.0485735 -4.38281 1.21468
      vertex 0.0435886 -4.44614 1.16853
    endloop
  endfacet
  facet normal 0.156392 0.00615729 0.987676
    outer loop
      vertex -0.117174 -5.00922 1.00693
      vertex -0.117537 -5 1.00693
      vertex -0.19509 -5 1.01921
    endloop
  endfacet
  facet normal -0.0887015 -0.445454 0.8909
    outer loop
      vertex 0.0977335 -4.59291 1.09186
      vertex 0.076437 -4.51739 1.1275
      vertex 0.0654926 -4.58649 1.09186
    endloop
  endfacet
  facet normal 0.136548 -0.0764914 0.987676
    outer loop
      vertex -0.100217 -4.93859 1.00693
      vertex -0.166342 -4.89807 1.01921
      vertex -0.173826 -4.91143 1.01921
    endloop
  endfacet
  facet normal 0.246162 -0.53406 0.808816
    outer loop
      vertex -0.252223 -4.50498 1.16853
      vertex -0.212607 -4.48672 1.16853
      vertex -0.281062 -4.44838 1.21468
    endloop
  endfacet
  facet normal 0.159689 -0.565989 0.808799
    outer loop
      vertex -0.17168 -4.47162 1.16853
      vertex -0.144525 -4.39801 1.21468
      vertex -0.19131 -4.41121 1.21468
    endloop
  endfacet
  facet normal -0.470902 0.597418 0.649109
    outer loop
      vertex 0.461597 -5.63533 1.38091
      vertex 0.510022 -5.59716 1.38091
      vertex 0.431623 -5.59408 1.3212
    endloop
  endfacet
  facet normal -0.402329 0.510263 0.760107
    outer loop
      vertex 0.398989 -5.54916 1.26568
      vertex 0.402069 -5.47076 1.21468
      vertex 0.363894 -5.50086 1.21468
    endloop
  endfacet
  facet normal -0.0831777 -0.702466 0.70684
    outer loop
      vertex 0.114873 -4.27472 1.3212
      vertex 0.0576134 -4.26794 1.3212
      vertex 0.0532579 -4.32329 1.26568
    endloop
  endfacet
  facet normal -0.290517 -0.434699 0.85243
    outer loop
      vertex 0.287204 -4.6047 1.1275
      vertex 0.290284 -4.5263 1.16853
      vertex 0.255303 -4.58338 1.1275
    endloop
  endfacet
  facet normal -0.57885 -0.626284 0.522208
    outer loop
      vertex 0.587937 -4.41206 1.44443
      vertex 0.603869 -4.38045 1.5
      vertex 0.539996 -4.36775 1.44443
    endloop
  endfacet
  facet normal -0.578811 -0.626315 0.522214
    outer loop
      vertex 0.603869 -4.38045 1.5
      vertex 0.587937 -4.41206 1.44443
      vertex 0.612017 -4.38798 1.5
    endloop
  endfacet
  facet normal -0.0951468 -0.80363 0.587475
    outer loop
      vertex 0.12285 -4.22435 1.38091
      vertex 0.13007 -4.17877 1.44443
      vertex 0.061615 -4.2171 1.38091
    endloop
  endfacet
  facet normal 0.0298145 -0.76005 0.64918
    outer loop
      vertex 0 -4.26568 1.3212
      vertex 0 -4.21468 1.38091
      vertex -0.0576134 -4.26794 1.3212
    endloop
  endfacet
  facet normal -0.0951918 -0.803601 0.587506
    outer loop
      vertex 0.13007 -4.17877 1.44443
      vertex 0.0652361 -4.17109 1.44443
      vertex 0.061615 -4.2171 1.38091
    endloop
  endfacet
  facet normal 0.836431 -0.166364 0.522212
    outer loop
      vertex -0.843773 -4.80883 1.5
      vertex -0.808496 -4.8059 1.44443
      vertex -0.841609 -4.79795 1.5
    endloop
  endfacet
  facet normal 0.836429 -0.166384 0.52221
    outer loop
      vertex -0.808496 -4.8059 1.44443
      vertex -0.843773 -4.80883 1.5
      vertex -0.821233 -4.86993 1.44443
    endloop
  endfacet
  facet normal 0.437949 -0.555484 0.706851
    outer loop
      vertex -0.398989 -4.45084 1.26568
      vertex -0.431623 -4.40592 1.3212
      vertex -0.476904 -4.44162 1.3212
    endloop
  endfacet
  facet normal 0.734893 -0.338772 0.587508
    outer loop
      vertex -0.725537 -4.69947 1.38091
      vertex -0.699722 -4.64347 1.38091
      vertex -0.768177 -4.68181 1.44443
    endloop
  endfacet
  facet normal 0.510289 -0.40223 0.760142
    outer loop
      vertex -0.500857 -4.63611 1.21468
      vertex -0.470762 -4.59793 1.21468
      vertex -0.549161 -4.60101 1.26568
    endloop
  endfacet
  facet normal 0.594216 -0.549282 0.587535
    outer loop
      vertex -0.555303 -4.4447 1.38091
      vertex -0.587937 -4.41206 1.44443
      vertex -0.597159 -4.48998 1.38091
    endloop
  endfacet
  facet normal 0.587606 0.0230953 0.808818
    outer loop
      vertex -0.617185 -5.04857 1.21468
      vertex -0.553857 -5.04359 1.16853
      vertex -0.619094 -5 1.21468
    endloop
  endfacet
  facet normal 0.326662 -0.488995 0.808812
    outer loop
      vertex -0.326555 -4.55053 1.16853
      vertex -0.290284 -4.5263 1.16853
      vertex -0.363894 -4.49914 1.21468
    endloop
  endfacet
  facet normal 0.364108 -0.461788 0.808812
    outer loop
      vertex -0.326555 -4.55053 1.16853
      vertex -0.363894 -4.49914 1.21468
      vertex -0.402069 -4.52924 1.21468
    endloop
  endfacet
  facet normal 0.281176 -0.356697 0.890903
    outer loop
      vertex -0.271897 -4.68165 1.09186
      vertex -0.287204 -4.6047 1.1275
      vertex -0.317333 -4.62845 1.1275
    endloop
  endfacet
  facet normal 0.583986 0.0691158 0.808816
    outer loop
      vertex -0.54873 -5.08691 1.16853
      vertex -0.553857 -5.04359 1.16853
      vertex -0.617185 -5.04857 1.21468
    endloop
  endfacet
  facet normal 0.334157 0.187083 0.923763
    outer loop
      vertex -0.295113 -5.18085 1.06181
      vertex -0.308393 -5.15713 1.06181
      vertex -0.356966 -5.21875 1.09186
    endloop
  endfacet
  facet normal 0.576752 0.114744 0.80882
    outer loop
      vertex -0.540219 -5.12969 1.16853
      vertex -0.54873 -5.08691 1.16853
      vertex -0.601988 -5.14452 1.21468
    endloop
  endfacet
  facet normal 0.774537 0.356917 0.522209
    outer loop
      vertex -0.794994 -5.3413 1.5
      vertex -0.768177 -5.31819 1.44443
      vertex -0.799639 -5.33122 1.5
    endloop
  endfacet
  facet normal 0.774477 0.357025 0.522224
    outer loop
      vertex -0.768177 -5.31819 1.44443
      vertex -0.794994 -5.3413 1.5
      vertex -0.740845 -5.37748 1.44443
    endloop
  endfacet
  facet normal 0.7554 0.0894053 0.649136
    outer loop
      vertex -0.725282 -5.11487 1.3212
      vertex -0.732059 -5.05761 1.3212
      vertex -0.782896 -5.06161 1.38091
    endloop
  endfacet
  facet normal 0.846908 -0.100215 0.522211
    outer loop
      vertex -0.828906 -4.93476 1.44443
      vertex -0.861551 -4.92107 1.5
      vertex -0.862855 -4.93209 1.5
    endloop
  endfacet
  facet normal 0.846904 -0.100236 0.522213
    outer loop
      vertex -0.861551 -4.92107 1.5
      vertex -0.828906 -4.93476 1.44443
      vertex -0.821233 -4.86993 1.44443
    endloop
  endfacet
  facet normal 0.558571 0.516342 0.649145
    outer loop
      vertex -0.519244 -5.51924 1.3212
      vertex -0.558383 -5.4769 1.3212
      vertex -0.597159 -5.51002 1.38091
    endloop
  endfacet
  facet normal 0.473774 0.709068 0.522265
    outer loop
      vertex -0.488725 -5.67267 1.44443
      vertex -0.499516 -5.70639 1.5
      vertex -0.434442 -5.70894 1.44443
    endloop
  endfacet
  facet normal 0.474082 0.708895 0.52222
    outer loop
      vertex -0.499516 -5.70639 1.5
      vertex -0.488725 -5.67267 1.44443
      vertex -0.508742 -5.70022 1.5
    endloop
  endfacet
  facet normal 0.594216 0.549282 0.587535
    outer loop
      vertex -0.587937 -5.58794 1.44443
      vertex -0.555303 -5.5553 1.38091
      vertex -0.597159 -5.51002 1.38091
    endloop
  endfacet
  facet normal 0.338835 0.734859 0.587514
    outer loop
      vertex -0.31819 -5.76818 1.44443
      vertex -0.300528 -5.72554 1.38091
      vertex -0.356526 -5.69972 1.38091
    endloop
  endfacet
  facet normal 0.52792 0.669739 0.522255
    outer loop
      vertex -0.517456 -5.69335 1.5
      vertex -0.539996 -5.63225 1.44443
      vertex -0.562112 -5.65815 1.5
    endloop
  endfacet
  facet normal 0.371765 0.663676 0.649096
    outer loop
      vertex -0.356526 -5.69972 1.38091
      vertex -0.333375 -5.65429 1.3212
      vertex -0.383682 -5.62611 1.3212
    endloop
  endfacet
  facet normal 0.437949 0.555484 0.706851
    outer loop
      vertex -0.431623 -5.59408 1.3212
      vertex -0.398989 -5.54916 1.26568
      vertex -0.476904 -5.55838 1.3212
    endloop
  endfacet
  facet normal 0.392967 0.588164 0.706852
    outer loop
      vertex -0.354671 -5.57877 1.26568
      vertex -0.398989 -5.54916 1.26568
      vertex -0.431623 -5.59408 1.3212
    endloop
  endfacet
  facet normal 0.426139 0.157174 0.8909
    outer loop
      vertex -0.451427 -5.18699 1.1275
      vertex -0.398169 -5.12937 1.09186
      vertex -0.464705 -5.15099 1.1275
    endloop
  endfacet
  facet normal 0.422642 0.632482 0.649107
    outer loop
      vertex -0.410327 -5.66959 1.38091
      vertex -0.431623 -5.59408 1.3212
      vertex -0.461597 -5.63533 1.38091
    endloop
  endfacet
  facet normal 0.296107 0.64241 0.706845
    outer loop
      vertex -0.259766 -5.62713 1.26568
      vertex -0.308168 -5.60482 1.26568
      vertex -0.333375 -5.65429 1.3212
    endloop
  endfacet
  facet normal 0.392964 0.58817 0.706849
    outer loop
      vertex -0.383682 -5.62611 1.3212
      vertex -0.354671 -5.57877 1.26568
      vertex -0.431623 -5.59408 1.3212
    endloop
  endfacet
  facet normal 0.649274 -0.0255191 0.760126
    outer loop
      vertex -0.619094 -5 1.21468
      vertex -0.617185 -4.95143 1.21468
      vertex -0.676708 -4.94674 1.26568
    endloop
  endfacet
  facet normal 0.645268 0.0763642 0.76013
    outer loop
      vertex -0.670444 -5.10619 1.26568
      vertex -0.611471 -5.09685 1.21468
      vertex -0.676708 -5.05326 1.26568
    endloop
  endfacet
  facet normal 0.308275 0.333562 0.8909
    outer loop
      vertex -0.271897 -5.31835 1.09186
      vertex -0.296037 -5.29604 1.09186
      vertex -0.345507 -5.34551 1.1275
    endloop
  endfacet
  facet normal 0.510286 0.402243 0.760137
    outer loop
      vertex -0.516164 -5.44085 1.26568
      vertex -0.470762 -5.40207 1.21468
      vertex -0.549161 -5.39899 1.26568
    endloop
  endfacet
  facet normal -0.480163 0.519433 0.706847
    outer loop
      vertex 0.519244 -5.51924 1.3212
      vertex 0.479984 -5.47998 1.26568
      vertex 0.440845 -5.51616 1.26568
    endloop
  endfacet
  facet normal 0.347789 0.16029 0.92377
    outer loop
      vertex -0.373028 -5.19007 1.09186
      vertex -0.308393 -5.15713 1.06181
      vertex -0.38679 -5.16021 1.09186
    endloop
  endfacet
  facet normal -0.156392 0.00615729 0.987676
    outer loop
      vertex 0.19509 -5 1.01921
      vertex 0.117537 -5 1.00693
      vertex 0.117174 -5.00922 1.00693
    endloop
  endfacet
  facet normal -0.194235 0.129793 0.97233
    outer loop
      vertex 0.2196 -5.15955 1.03754
      vertex 0.231441 -5.14183 1.03754
      vertex 0.157831 -5.11467 1.01921
    endloop
  endfacet
  facet normal -0.706033 0.39542 0.587504
    outer loop
      vertex 0.708944 -5.43444 1.44443
      vertex 0.740845 -5.37748 1.44443
      vertex 0.699722 -5.35653 1.38091
    endloop
  endfacet
  facet normal -0.157228 0.426091 0.890913
    outer loop
      vertex 0.186987 -5.45143 1.1275
      vertex 0.160213 -5.38679 1.09186
      vertex 0.129373 -5.39817 1.09186
    endloop
  endfacet
  facet normal -0.136548 0.0764914 0.987676
    outer loop
      vertex 0.166342 -5.10193 1.01921
      vertex 0.173826 -5.08857 1.01921
      vertex 0.100217 -5.06141 1.00693
    endloop
  endfacet
  facet normal 0.203817 0.114174 0.972328
    outer loop
      vertex -0.166342 -5.10193 1.01921
      vertex -0.173826 -5.08857 1.01921
      vertex -0.241855 -5.12323 1.03754
    endloop
  endfacet
  facet normal -0.290404 0.434719 0.852459
    outer loop
      vertex 0.290284 -5.4737 1.16853
      vertex 0.326555 -5.44947 1.16853
      vertex 0.287204 -5.3953 1.1275
    endloop
  endfacet
  facet normal -0.364108 0.461788 0.808812
    outer loop
      vertex 0.363894 -5.50086 1.21468
      vertex 0.402069 -5.47076 1.21468
      vertex 0.326555 -5.44947 1.16853
    endloop
  endfacet
  facet normal -0.141903 0.503194 0.852443
    outer loop
      vertex 0.129695 -5.54022 1.16853
      vertex 0.17168 -5.52838 1.16853
      vertex 0.114066 -5.47512 1.1275
    endloop
  endfacet
  facet normal -0.663664 -0.371676 0.649159
    outer loop
      vertex 0.699722 -4.64347 1.38091
      vertex 0.669592 -4.58967 1.38091
      vertex 0.626112 -4.61632 1.3212
    endloop
  endfacet
  facet normal -0.412475 -0.190103 0.890912
    outer loop
      vertex 0.38679 -4.83979 1.09186
      vertex 0.451427 -4.81301 1.1275
      vertex 0.373028 -4.80993 1.09186
    endloop
  endfacet
  facet normal -0.746055 -0.148397 0.649138
    outer loop
      vertex 0.775648 -4.87715 1.38091
      vertex 0.763618 -4.81667 1.38091
      vertex 0.725282 -4.88513 1.3212
    endloop
  endfacet
  facet normal -0.760086 0.0298557 0.649136
    outer loop
      vertex 0.782896 -5.06161 1.38091
      vertex 0.785316 -5 1.38091
      vertex 0.732059 -5.05761 1.3212
    endloop
  endfacet
  facet normal -0.663638 -0.244843 0.706849
    outer loop
      vertex 0.698381 -4.77308 1.3212
      vertex 0.678425 -4.71899 1.3212
      vertex 0.645577 -4.79024 1.26568
    endloop
  endfacet
  facet normal -0.392964 0.58817 0.706849
    outer loop
      vertex 0.383682 -5.62611 1.3212
      vertex 0.431623 -5.59408 1.3212
      vertex 0.354671 -5.57877 1.26568
    endloop
  endfacet
  facet normal -0.360989 0.540301 0.760107
    outer loop
      vertex 0.398989 -5.54916 1.26568
      vertex 0.363894 -5.50086 1.21468
      vertex 0.354671 -5.57877 1.26568
    endloop
  endfacet
  facet normal -0.395398 0.706053 0.587495
    outer loop
      vertex 0.377479 -5.74084 1.44443
      vertex 0.434442 -5.70894 1.44443
      vertex 0.356526 -5.69972 1.38091
    endloop
  endfacet
  facet normal -0.449565 0.672835 0.587523
    outer loop
      vertex 0.488725 -5.67267 1.44443
      vertex 0.461597 -5.63533 1.38091
      vertex 0.434442 -5.70894 1.44443
    endloop
  endfacet
  facet normal -0.192009 0.68084 0.706817
    outer loop
      vertex 0.226917 -5.69838 1.3212
      vertex 0.209761 -5.64558 1.26568
      vertex 0.171424 -5.71403 1.3212
    endloop
  endfacet
  facet normal -0.318491 0.690739 0.649187
    outer loop
      vertex 0.300528 -5.72554 1.38091
      vertex 0.356526 -5.69972 1.38091
      vertex 0.281013 -5.67842 1.3212
    endloop
  endfacet
  facet normal -0.206462 0.732087 0.64917
    outer loop
      vertex 0.183328 -5.76362 1.38091
      vertex 0.226917 -5.69838 1.3212
      vertex 0.171424 -5.71403 1.3212
    endloop
  endfacet
  facet normal -0.345696 0.617137 0.706849
    outer loop
      vertex 0.383682 -5.62611 1.3212
      vertex 0.354671 -5.57877 1.26568
      vertex 0.333375 -5.65429 1.3212
    endloop
  endfacet
  facet normal -0.449603 0.67283 0.587501
    outer loop
      vertex 0.434442 -5.70894 1.44443
      vertex 0.461597 -5.63533 1.38091
      vertex 0.410327 -5.66959 1.38091
    endloop
  endfacet
  facet normal -0.371679 0.66368 0.649141
    outer loop
      vertex 0.410327 -5.66959 1.38091
      vertex 0.383682 -5.62611 1.3212
      vertex 0.356526 -5.69972 1.38091
    endloop
  endfacet
  facet normal -0.148398 0.746034 0.649162
    outer loop
      vertex 0.12285 -5.77565 1.38091
      vertex 0.183328 -5.76362 1.38091
      vertex 0.114873 -5.72528 1.3212
    endloop
  endfacet
  facet normal -0.224926 0.609618 0.760115
    outer loop
      vertex 0.259766 -5.62713 1.26568
      vertex 0.236917 -5.57197 1.21468
      vertex 0.209761 -5.64558 1.26568
    endloop
  endfacet
  facet normal 0.0298525 0.760067 0.649159
    outer loop
      vertex 0 -5.78532 1.38091
      vertex -0.0576134 -5.73206 1.3212
      vertex -0.061615 -5.7829 1.38091
    endloop
  endfacet
  facet normal 0.023053 0.587629 0.808802
    outer loop
      vertex 0 -5.61909 1.21468
      vertex 0 -5.55557 1.16853
      vertex -0.0435886 -5.55386 1.16853
    endloop
  endfacet
  facet normal 0.192009 0.68084 0.706817
    outer loop
      vertex -0.171424 -5.71403 1.3212
      vertex -0.209761 -5.64558 1.26568
      vertex -0.226917 -5.69838 1.3212
    endloop
  endfacet
  facet normal 0.0951918 0.803601 0.587506
    outer loop
      vertex -0.0652361 -5.82891 1.44443
      vertex -0.061615 -5.7829 1.38091
      vertex -0.13007 -5.82123 1.44443
    endloop
  endfacet
  facet normal -0.663665 0.371645 0.649175
    outer loop
      vertex 0.699722 -5.35653 1.38091
      vertex 0.654285 -5.33337 1.3212
      vertex 0.626112 -5.38368 1.3212
    endloop
  endfacet
  facet normal -0.377634 0.252364 0.890901
    outer loop
      vertex 0.395303 -5.2872 1.1275
      vertex 0.356966 -5.21875 1.09186
      vertex 0.338702 -5.24608 1.09186
    endloop
  endfacet
  facet normal -0.157787 0.79367 0.58753
    outer loop
      vertex 0.194102 -5.8085 1.44443
      vertex 0.183328 -5.76362 1.38091
      vertex 0.13007 -5.82123 1.44443
    endloop
  endfacet
  facet normal -0.0951918 0.803601 0.587506
    outer loop
      vertex 0.0652361 -5.82891 1.44443
      vertex 0.13007 -5.82123 1.44443
      vertex 0.061615 -5.7829 1.38091
    endloop
  endfacet
  facet normal -0.224854 -0.0633858 0.972329
    outer loop
      vertex 0.189699 -4.95446 1.01921
      vertex 0.258155 -4.91612 1.03754
      vertex 0.185541 -4.93971 1.01921
    endloop
  endfacet
  facet normal -0.233438 -0.0091637 0.972329
    outer loop
      vertex 0.19509 -5 1.01921
      vertex 0.270603 -4.9787 1.03754
      vertex 0.194489 -4.98469 1.01921
    endloop
  endfacet
  facet normal -0.114934 0.10623 0.987677
    outer loop
      vertex 0.137949 -5.13795 1.01921
      vertex 0.148347 -5.1267 1.01921
      vertex 0.0893755 -5.07633 1.00693
    endloop
  endfacet
  facet normal -0.0736616 0.027168 0.996913
    outer loop
      vertex 0.10859 -5.04498 1.00693
      vertex 0.111784 -5.03632 1.00693
      vertex 0.0373383 -5.01213 1.00077
    endloop
  endfacet
  facet normal 0.0633574 -0.224859 0.972329
    outer loop
      vertex -0.0455427 -4.8103 1.01921
      vertex -0.0633659 -4.73606 1.03754
      vertex -0.0838795 -4.74184 1.03754
    endloop
  endfacet
  facet normal -0.296107 -0.64241 0.706845
    outer loop
      vertex 0.308168 -4.39518 1.26568
      vertex 0.333375 -4.34571 1.3212
      vertex 0.259766 -4.37287 1.26568
    endloop
  endfacet
  facet normal -0.58818 -0.392987 0.706827
    outer loop
      vertex 0.578773 -4.64533 1.26568
      vertex 0.594079 -4.56838 1.3212
      vertex 0.549161 -4.60101 1.26568
    endloop
  endfacet
  facet normal -0.734893 -0.338777 0.587506
    outer loop
      vertex 0.768177 -4.68181 1.44443
      vertex 0.740845 -4.62252 1.44443
      vertex 0.699722 -4.64347 1.38091
    endloop
  endfacet
  facet normal 0.395378 -0.705999 0.587573
    outer loop
      vertex -0.410327 -4.33041 1.38091
      vertex -0.356526 -4.30028 1.38091
      vertex -0.434442 -4.29105 1.44443
    endloop
  endfacet
  facet normal 0.166043 -0.836519 0.522174
    outer loop
      vertex -0.194102 -4.1915 1.44443
      vertex -0.19117 -4.15623 1.5
      vertex -0.202052 -4.15839 1.5
    endloop
  endfacet
  facet normal 0.1663 -0.836489 0.522141
    outer loop
      vertex -0.19117 -4.15623 1.5
      vertex -0.194102 -4.1915 1.44443
      vertex -0.13007 -4.17877 1.44443
    endloop
  endfacet
  facet normal 0.263195 -0.713674 0.649152
    outer loop
      vertex -0.226917 -4.30162 1.3212
      vertex -0.242676 -4.25312 1.38091
      vertex -0.281013 -4.32157 1.3212
    endloop
  endfacet
  facet normal 0.219632 -0.778825 0.587531
    outer loop
      vertex -0.183328 -4.23638 1.38091
      vertex -0.194102 -4.1915 1.44443
      vertex -0.256938 -4.20922 1.44443
    endloop
  endfacet
  facet normal -0.513102 -0.28728 0.808824
    outer loop
      vertex 0.495016 -4.74778 1.16853
      vertex 0.551617 -4.71894 1.21468
      vertex 0.473701 -4.70971 1.16853
    endloop
  endfacet
  facet normal -0.101992 -0.512776 0.852443
    outer loop
      vertex 0.114066 -4.52488 1.1275
      vertex 0.129695 -4.45978 1.16853
      vertex 0.0869102 -4.45127 1.16853
    endloop
  endfacet
  facet normal -0.672847 -0.449589 0.587492
    outer loop
      vertex 0.669592 -4.58967 1.38091
      vertex 0.708944 -4.56556 1.44443
      vertex 0.635334 -4.5384 1.38091
    endloop
  endfacet
  facet normal -0.5131 -0.287309 0.808815
    outer loop
      vertex 0.551617 -4.71894 1.21468
      vertex 0.527864 -4.67652 1.21468
      vertex 0.473701 -4.70971 1.16853
    endloop
  endfacet
  facet normal 0.221874 -0.396331 0.890895
    outer loop
      vertex -0.218749 -4.64303 1.09186
      vertex -0.221828 -4.56464 1.1275
      vertex -0.255303 -4.58338 1.1275
    endloop
  endfacet
  facet normal 0.360928 -0.540309 0.76013
    outer loop
      vertex -0.323475 -4.47214 1.21468
      vertex -0.354671 -4.42123 1.26568
      vertex -0.363894 -4.49914 1.21468
    endloop
  endfacet
  facet normal -0.345696 -0.617137 0.706849
    outer loop
      vertex 0.354671 -4.42123 1.26568
      vertex 0.383682 -4.37389 1.3212
      vertex 0.333375 -4.34571 1.3212
    endloop
  endfacet
  facet normal 0.0894427 -0.755376 0.649158
    outer loop
      vertex -0.0576134 -4.26794 1.3212
      vertex -0.061615 -4.2171 1.38091
      vertex -0.114873 -4.27472 1.3212
    endloop
  endfacet
  facet normal -0.555523 -0.43794 0.706826
    outer loop
      vertex 0.594079 -4.56838 1.3212
      vertex 0.558383 -4.5231 1.3212
      vertex 0.549161 -4.60101 1.26568
    endloop
  endfacet
  facet normal -0.137894 -0.693785 0.706858
    outer loop
      vertex 0.158463 -4.33995 1.26568
      vertex 0.114873 -4.27472 1.3212
      vertex 0.106188 -4.32956 1.26568
    endloop
  endfacet
  facet normal 0.280104 -0.759155 0.587559
    outer loop
      vertex -0.242676 -4.25312 1.38091
      vertex -0.256938 -4.20922 1.44443
      vertex -0.31819 -4.23182 1.44443
    endloop
  endfacet
  facet normal 0.192009 -0.68084 0.706817
    outer loop
      vertex -0.209761 -4.35442 1.26568
      vertex -0.171424 -4.28597 1.3212
      vertex -0.226917 -4.30162 1.3212
    endloop
  endfacet
  facet normal 0.317569 -0.566879 0.760131
    outer loop
      vertex -0.323475 -4.47214 1.21468
      vertex -0.281062 -4.44838 1.21468
      vertex -0.354671 -4.42123 1.26568
    endloop
  endfacet
  facet normal 0.244765 -0.6637 0.706818
    outer loop
      vertex -0.209761 -4.35442 1.26568
      vertex -0.226917 -4.30162 1.3212
      vertex -0.281013 -4.32157 1.3212
    endloop
  endfacet
  facet normal -0.171534 -0.158589 0.97233
    outer loop
      vertex 0.206405 -4.82371 1.03754
      vertex 0.191936 -4.80806 1.03754
      vertex 0.137949 -4.86205 1.01921
    endloop
  endfacet
  facet normal 0.445461 -0.0885951 0.890907
    outer loop
      vertex -0.407092 -4.90227 1.09186
      vertex -0.475121 -4.88593 1.1275
      vertex -0.482605 -4.92356 1.1275
    endloop
  endfacet
  facet normal 0.461861 -0.364058 0.808793
    outer loop
      vertex -0.449466 -4.67344 1.16853
      vertex -0.470762 -4.59793 1.21468
      vertex -0.500857 -4.63611 1.21468
    endloop
  endfacet
  facet normal 0.30077 -0.237063 0.923763
    outer loop
      vertex -0.263189 -4.77521 1.06181
      vertex -0.318351 -4.7281 1.09186
      vertex -0.338702 -4.75392 1.09186
    endloop
  endfacet
  facet normal 0.402329 -0.510263 0.760107
    outer loop
      vertex -0.363894 -4.49914 1.21468
      vertex -0.398989 -4.45084 1.26568
      vertex -0.402069 -4.52924 1.21468
    endloop
  endfacet
  facet normal 0.0449671 -0.380301 0.923769
    outer loop
      vertex -0.0271559 -4.65495 1.06181
      vertex -0.0328474 -4.58263 1.09186
      vertex -0.0654926 -4.58649 1.09186
    endloop
  endfacet
  facet normal -0.0886657 -0.445447 0.890907
    outer loop
      vertex 0.0977335 -4.59291 1.09186
      vertex 0.114066 -4.52488 1.1275
      vertex 0.076437 -4.51739 1.1275
    endloop
  endfacet
  facet normal -0.0533889 -0.451026 0.890913
    outer loop
      vertex 0.076437 -4.51739 1.1275
      vertex 0.0383368 -4.51288 1.1275
      vertex 0.0328474 -4.58263 1.09186
    endloop
  endfacet
  facet normal 0.187088 -0.334125 0.923774
    outer loop
      vertex -0.157133 -4.69161 1.06181
      vertex -0.190067 -4.62697 1.09186
      vertex -0.218749 -4.64303 1.09186
    endloop
  endfacet
  facet normal -0.626236 0.578909 0.522199
    outer loop
      vertex 0.587937 -5.58794 1.44443
      vertex 0.619549 -5.60387 1.5
      vertex 0.632254 -5.54 1.44443
    endloop
  endfacet
  facet normal -0.626309 0.578817 0.522214
    outer loop
      vertex 0.619549 -5.60387 1.5
      vertex 0.587937 -5.58794 1.44443
      vertex 0.612017 -5.61202 1.5
    endloop
  endfacet
  facet normal -0.578811 0.626315 0.522214
    outer loop
      vertex 0.587937 -5.58794 1.44443
      vertex 0.603869 -5.61955 1.5
      vertex 0.612017 -5.61202 1.5
    endloop
  endfacet
  facet normal -0.57885 0.626284 0.522208
    outer loop
      vertex 0.603869 -5.61955 1.5
      vertex 0.587937 -5.58794 1.44443
      vertex 0.539996 -5.63225 1.44443
    endloop
  endfacet
  facet normal -0.77884 0.219647 0.587506
    outer loop
      vertex 0.790774 -5.25694 1.44443
      vertex 0.808496 -5.1941 1.44443
      vertex 0.763618 -5.18333 1.38091
    endloop
  endfacet
  facet normal -0.820798 0.231483 0.522213
    outer loop
      vertex 0.808496 -5.1941 1.44443
      vertex 0.838597 -5.21273 1.5
      vertex 0.841609 -5.20205 1.5
    endloop
  endfacet
  facet normal -0.820799 0.23148 0.522212
    outer loop
      vertex 0.838597 -5.21273 1.5
      vertex 0.808496 -5.1941 1.44443
      vertex 0.790774 -5.25694 1.44443
    endloop
  endfacet
  facet normal -0.852157 0.0334906 0.522214
    outer loop
      vertex 0.828906 -5.06524 1.44443
      vertex 0.863291 -5.05682 1.5
      vertex 0.83147 -5 1.44443
    endloop
  endfacet
  facet normal -0.852157 0.0335023 0.522212
    outer loop
      vertex 0.863291 -5.05682 1.5
      vertex 0.828906 -5.06524 1.44443
      vertex 0.862855 -5.06791 1.5
    endloop
  endfacet
  facet normal -0.632455 -0.422599 0.649162
    outer loop
      vertex 0.669592 -4.58967 1.38091
      vertex 0.635334 -4.5384 1.38091
      vertex 0.594079 -4.56838 1.3212
    endloop
  endfacet
  facet normal -0.594196 -0.54929 0.587547
    outer loop
      vertex 0.597159 -4.48998 1.38091
      vertex 0.632254 -4.46 1.44443
      vertex 0.587937 -4.41206 1.44443
    endloop
  endfacet
  facet normal -0.0832103 -0.702445 0.706858
    outer loop
      vertex 0.106188 -4.32956 1.26568
      vertex 0.114873 -4.27472 1.3212
      vertex 0.0532579 -4.32329 1.26568
    endloop
  endfacet
  facet normal -0.357357 -0.774351 0.522185
    outer loop
      vertex 0.31819 -4.23182 1.44443
      vertex 0.341297 -4.20501 1.5
      vertex 0.331221 -4.20036 1.5
    endloop
  endfacet
  facet normal -0.357031 -0.774533 0.522137
    outer loop
      vertex 0.341297 -4.20501 1.5
      vertex 0.31819 -4.23182 1.44443
      vertex 0.377479 -4.25915 1.44443
    endloop
  endfacet
  facet normal -0.470902 -0.597418 0.649109
    outer loop
      vertex 0.510022 -4.40284 1.38091
      vertex 0.461597 -4.36467 1.38091
      vertex 0.431623 -4.40592 1.3212
    endloop
  endfacet
  facet normal -0.549268 -0.594278 0.587484
    outer loop
      vertex 0.587937 -4.41206 1.44443
      vertex 0.539996 -4.36775 1.44443
      vertex 0.510022 -4.40284 1.38091
    endloop
  endfacet
  facet normal -0.338742 -0.734858 0.587569
    outer loop
      vertex 0.356526 -4.30028 1.38091
      vertex 0.377479 -4.25915 1.44443
      vertex 0.31819 -4.23182 1.44443
    endloop
  endfacet
  facet normal -0.138025 -0.69382 0.706797
    outer loop
      vertex 0.158463 -4.33995 1.26568
      vertex 0.171424 -4.28597 1.3212
      vertex 0.114873 -4.27472 1.3212
    endloop
  endfacet
  facet normal -0.180977 -0.490519 0.852431
    outer loop
      vertex 0.186987 -4.54857 1.1275
      vertex 0.212607 -4.48672 1.16853
      vertex 0.17168 -4.47162 1.16853
    endloop
  endfacet
  facet normal -0.159608 -0.565975 0.808825
    outer loop
      vertex 0.17168 -4.47162 1.16853
      vertex 0.144525 -4.39801 1.21468
      vertex 0.129695 -4.45978 1.16853
    endloop
  endfacet
  facet normal 0.0330502 -0.852172 0.522216
    outer loop
      vertex -0.0652361 -4.17109 1.44443
      vertex -0.0568205 -4.13671 1.5
      vertex -0.0679077 -4.13714 1.5
    endloop
  endfacet
  facet normal 0.0334416 -0.852188 0.522166
    outer loop
      vertex -0.0568205 -4.13671 1.5
      vertex -0.0652361 -4.17109 1.44443
      vertex 0 -4.16853 1.44443
    endloop
  endfacet
  facet normal 0.148398 -0.746034 0.649162
    outer loop
      vertex -0.114873 -4.27472 1.3212
      vertex -0.12285 -4.22435 1.38091
      vertex -0.183328 -4.23638 1.38091
    endloop
  endfacet
  facet normal -0.10068 -0.84685 0.522216
    outer loop
      vertex 0.0652361 -4.17109 1.44443
      vertex 0.0789265 -4.13845 1.5
      vertex 0.0679077 -4.13714 1.5
    endloop
  endfacet
  facet normal -0.100323 -0.846921 0.522169
    outer loop
      vertex 0.0789265 -4.13845 1.5
      vertex 0.0652361 -4.17109 1.44443
      vertex 0.13007 -4.17877 1.44443
    endloop
  endfacet
  facet normal 0.808592 0.0317785 0.587511
    outer loop
      vertex -0.828906 -5.06524 1.44443
      vertex -0.782896 -5.06161 1.38091
      vertex -0.83147 -5 1.44443
    endloop
  endfacet
  facet normal 0.820799 -0.231483 0.522211
    outer loop
      vertex -0.790774 -4.74306 1.44443
      vertex -0.823162 -4.73254 1.5
      vertex -0.838597 -4.78727 1.5
    endloop
  endfacet
  facet normal 0.774537 -0.356917 0.522209
    outer loop
      vertex -0.768177 -4.68181 1.44443
      vertex -0.794994 -4.6587 1.5
      vertex -0.799639 -4.66878 1.5
    endloop
  endfacet
  facet normal 0.774477 -0.357025 0.522224
    outer loop
      vertex -0.794994 -4.6587 1.5
      vertex -0.768177 -4.68181 1.44443
      vertex -0.740845 -4.62252 1.44443
    endloop
  endfacet
  facet normal 0.474792 -0.218924 0.852435
    outer loop
      vertex -0.435364 -4.77817 1.1275
      vertex -0.495016 -4.74778 1.16853
      vertex -0.51328 -4.78739 1.16853
    endloop
  endfacet
  facet normal 0.669943 -0.527734 0.522181
    outer loop
      vertex -0.672672 -4.51127 1.44443
      vertex -0.693354 -4.48254 1.5
      vertex -0.700223 -4.49126 1.5
    endloop
  endfacet
  facet normal 0.669726 -0.527969 0.522221
    outer loop
      vertex -0.693354 -4.48254 1.5
      vertex -0.672672 -4.51127 1.44443
      vertex -0.632254 -4.46 1.44443
    endloop
  endfacet
  facet normal 0.588157 -0.393 0.706839
    outer loop
      vertex -0.578773 -4.64533 1.26568
      vertex -0.594079 -4.56838 1.3212
      vertex -0.626112 -4.61632 1.3212
    endloop
  endfacet
  facet normal 0.69378 -0.138026 0.706837
    outer loop
      vertex -0.670444 -4.89381 1.26568
      vertex -0.660045 -4.84154 1.26568
      vertex -0.725282 -4.88513 1.3212
    endloop
  endfacet
  facet normal 0.555523 -0.43794 0.706826
    outer loop
      vertex -0.549161 -4.60101 1.26568
      vertex -0.558383 -4.5231 1.3212
      vertex -0.594079 -4.56838 1.3212
    endloop
  endfacet
  facet normal 0.635486 -0.500977 0.58752
    outer loop
      vertex -0.635334 -4.5384 1.38091
      vertex -0.632254 -4.46 1.44443
      vertex -0.672672 -4.51127 1.44443
    endloop
  endfacet
  facet normal 0.470943 -0.597333 0.649158
    outer loop
      vertex -0.476904 -4.44162 1.3212
      vertex -0.431623 -4.40592 1.3212
      vertex -0.510022 -4.40284 1.38091
    endloop
  endfacet
  facet normal 0.45612 -0.255479 0.852458
    outer loop
      vertex -0.435364 -4.77817 1.1275
      vertex -0.416617 -4.7447 1.1275
      vertex -0.473701 -4.70971 1.16853
    endloop
  endfacet
  facet normal 0.663664 -0.371676 0.649159
    outer loop
      vertex -0.626112 -4.61632 1.3212
      vertex -0.669592 -4.58967 1.38091
      vertex -0.699722 -4.64347 1.38091
    endloop
  endfacet
  facet normal 0.445464 0.0886092 0.890904
    outer loop
      vertex -0.407092 -5.09773 1.09186
      vertex -0.413505 -5.06549 1.09186
      vertex -0.482605 -5.07644 1.1275
    endloop
  endfacet
  facet normal 0.759205 -0.280094 0.587499
    outer loop
      vertex -0.746881 -4.75732 1.38091
      vertex -0.768177 -4.68181 1.44443
      vertex -0.790774 -4.74306 1.44443
    endloop
  endfacet
  facet normal 0.295166 -0.800157 0.522136
    outer loop
      vertex -0.256938 -4.20922 1.44443
      vertex -0.267461 -4.17684 1.5
      vertex -0.320811 -4.19652 1.5
    endloop
  endfacet
  facet normal 0.47379 -0.70914 0.522152
    outer loop
      vertex -0.434442 -4.29105 1.44443
      vertex -0.452234 -4.26202 1.5
      vertex -0.499516 -4.29361 1.5
    endloop
  endfacet
  facet normal 0.271998 -0.590106 0.760126
    outer loop
      vertex -0.281062 -4.44838 1.21468
      vertex -0.259766 -4.37287 1.26568
      vertex -0.308168 -4.39518 1.26568
    endloop
  endfacet
  facet normal 0.431843 -0.399146 0.808823
    outer loop
      vertex -0.392847 -4.60715 1.16853
      vertex -0.437765 -4.56223 1.21468
      vertex -0.470762 -4.59793 1.21468
    endloop
  endfacet
  facet normal 0.296144 -0.642365 0.706871
    outer loop
      vertex -0.259766 -4.37287 1.26568
      vertex -0.281013 -4.32157 1.3212
      vertex -0.333375 -4.34571 1.3212
    endloop
  endfacet
  facet normal 0.522422 0.0205208 0.85244
    outer loop
      vertex -0.487115 -5.03834 1.1275
      vertex -0.488621 -5 1.1275
      vertex -0.55557 -5 1.16853
    endloop
  endfacet
  facet normal 0.800118 -0.295145 0.522207
    outer loop
      vertex -0.803479 -4.67919 1.5
      vertex -0.768177 -4.68181 1.44443
      vertex -0.799639 -4.66878 1.5
    endloop
  endfacet
  facet normal 0.800107 -0.295184 0.522202
    outer loop
      vertex -0.768177 -4.68181 1.44443
      vertex -0.803479 -4.67919 1.5
      vertex -0.790774 -4.74306 1.44443
    endloop
  endfacet
  facet normal 0.224854 -0.0633858 0.972329
    outer loop
      vertex -0.189699 -4.95446 1.01921
      vertex -0.185541 -4.93971 1.01921
      vertex -0.258155 -4.91612 1.03754
    endloop
  endfacet
  facet normal 0.229117 0.0455946 0.97233
    outer loop
      vertex -0.189699 -5.04554 1.01921
      vertex -0.192688 -5.03052 1.01921
      vertex -0.26394 -5.06337 1.03754
    endloop
  endfacet
  facet normal 0.690812 -0.31843 0.649139
    outer loop
      vertex -0.678425 -4.71899 1.3212
      vertex -0.654285 -4.66662 1.3212
      vertex -0.699722 -4.64347 1.38091
    endloop
  endfacet
  facet normal 0.680813 -0.191989 0.706848
    outer loop
      vertex -0.645577 -4.79024 1.26568
      vertex -0.698381 -4.77308 1.3212
      vertex -0.714032 -4.82858 1.3212
    endloop
  endfacet
  facet normal 0.734893 0.338777 0.587506
    outer loop
      vertex -0.740845 -5.37748 1.44443
      vertex -0.699722 -5.35653 1.38091
      vertex -0.768177 -5.31819 1.44443
    endloop
  endfacet
  facet normal 0.635562 0.500939 0.58747
    outer loop
      vertex -0.632254 -5.54 1.44443
      vertex -0.635334 -5.4616 1.38091
      vertex -0.672672 -5.48872 1.44443
    endloop
  endfacet
  facet normal 0.759205 0.280094 0.587499
    outer loop
      vertex -0.768177 -5.31819 1.44443
      vertex -0.746881 -5.24268 1.38091
      vertex -0.790774 -5.25694 1.44443
    endloop
  endfacet
  facet normal 0.820798 0.231483 0.522213
    outer loop
      vertex -0.838597 -5.21273 1.5
      vertex -0.808496 -5.1941 1.44443
      vertex -0.841609 -5.20205 1.5
    endloop
  endfacet
  facet normal 0.820799 0.23148 0.522212
    outer loop
      vertex -0.808496 -5.1941 1.44443
      vertex -0.838597 -5.21273 1.5
      vertex -0.790774 -5.25694 1.44443
    endloop
  endfacet
  facet normal 0.852157 0.0334906 0.522214
    outer loop
      vertex -0.863291 -5.05682 1.5
      vertex -0.828906 -5.06524 1.44443
      vertex -0.83147 -5 1.44443
    endloop
  endfacet
  facet normal 0.852157 0.0335023 0.522212
    outer loop
      vertex -0.828906 -5.06524 1.44443
      vertex -0.863291 -5.05682 1.5
      vertex -0.862855 -5.06791 1.5
    endloop
  endfacet
  facet normal 0.713639 0.2633 0.649147
    outer loop
      vertex -0.725537 -5.30053 1.38091
      vertex -0.678425 -5.28101 1.3212
      vertex -0.746881 -5.24268 1.38091
    endloop
  endfacet
  facet normal 0.642404 0.296173 0.706823
    outer loop
      vertex -0.654285 -5.33337 1.3212
      vertex -0.62713 -5.25977 1.26568
      vertex -0.678425 -5.28101 1.3212
    endloop
  endfacet
  facet normal 0.416635 0.744093 0.522246
    outer loop
      vertex -0.40262 -5.76576 1.5
      vertex -0.434442 -5.70894 1.44443
      vertex -0.452234 -5.73798 1.5
    endloop
  endfacet
  facet normal 0.231366 0.82085 0.522183
    outer loop
      vertex -0.194102 -5.8085 1.44443
      vertex -0.212731 -5.8386 1.5
      vertex -0.202052 -5.84161 1.5
    endloop
  endfacet
  facet normal 0.23159 0.820767 0.522213
    outer loop
      vertex -0.212731 -5.8386 1.5
      vertex -0.194102 -5.8085 1.44443
      vertex -0.256938 -5.79077 1.44443
    endloop
  endfacet
  facet normal 0.280014 0.759247 0.587483
    outer loop
      vertex -0.256938 -5.79077 1.44443
      vertex -0.242676 -5.74688 1.38091
      vertex -0.31819 -5.76818 1.44443
    endloop
  endfacet
  facet normal 0.597328 0.470941 0.649164
    outer loop
      vertex -0.597159 -5.51002 1.38091
      vertex -0.594079 -5.43162 1.3212
      vertex -0.635334 -5.4616 1.38091
    endloop
  endfacet
  facet normal 0.590078 0.272058 0.760127
    outer loop
      vertex -0.604815 -5.30817 1.26568
      vertex -0.551617 -5.28106 1.21468
      vertex -0.62713 -5.25977 1.26568
    endloop
  endfacet
  facet normal 0.176432 0.62533 0.760154
    outer loop
      vertex -0.144525 -5.60199 1.21468
      vertex -0.19131 -5.58879 1.21468
      vertex -0.209761 -5.64558 1.26568
    endloop
  endfacet
  facet normal 0.0533949 0.451077 0.890887
    outer loop
      vertex -0.0383368 -5.48711 1.1275
      vertex -0.0328474 -5.41737 1.09186
      vertex -0.076437 -5.4826 1.1275
    endloop
  endfacet
  facet normal 0.318491 0.690739 0.649187
    outer loop
      vertex -0.300528 -5.72554 1.38091
      vertex -0.281013 -5.67842 1.3212
      vertex -0.356526 -5.69972 1.38091
    endloop
  endfacet
  facet normal 0.31756 0.566891 0.760125
    outer loop
      vertex -0.308168 -5.60482 1.26568
      vertex -0.281062 -5.55162 1.21468
      vertex -0.354671 -5.57877 1.26568
    endloop
  endfacet
  facet normal 0.317569 0.566879 0.760131
    outer loop
      vertex -0.281062 -5.55162 1.21468
      vertex -0.323475 -5.52786 1.21468
      vertex -0.354671 -5.57877 1.26568
    endloop
  endfacet
  facet normal 0.441049 0.477226 0.760086
    outer loop
      vertex -0.402069 -5.47076 1.21468
      vertex -0.437765 -5.43777 1.21468
      vertex -0.479984 -5.47998 1.26568
    endloop
  endfacet
  facet normal -0.212754 0.318385 0.923778
    outer loop
      vertex 0.218749 -5.35697 1.09186
      vertex 0.203442 -5.28001 1.06181
      vertex 0.180845 -5.29511 1.06181
    endloop
  endfacet
  facet normal 0.43185 0.399124 0.80883
    outer loop
      vertex -0.392847 -5.39285 1.16853
      vertex -0.422459 -5.36081 1.16853
      vertex -0.470762 -5.40207 1.21468
    endloop
  endfacet
  facet normal 0.203489 0.551756 0.8088
    outer loop
      vertex -0.19131 -5.58879 1.21468
      vertex -0.17168 -5.52838 1.16853
      vertex -0.236917 -5.57197 1.21468
    endloop
  endfacet
  facet normal 0.271998 0.590106 0.760126
    outer loop
      vertex -0.259766 -5.62713 1.26568
      vertex -0.281062 -5.55162 1.21468
      vertex -0.308168 -5.60482 1.26568
    endloop
  endfacet
  facet normal 0.793665 0.157867 0.587516
    outer loop
      vertex -0.763618 -5.18333 1.38091
      vertex -0.775648 -5.12285 1.38091
      vertex -0.821233 -5.13007 1.44443
    endloop
  endfacet
  facet normal 0.649276 -0.0255151 0.760124
    outer loop
      vertex -0.619094 -5 1.21468
      vertex -0.676708 -4.94674 1.26568
      vertex -0.678801 -5 1.26568
    endloop
  endfacet
  facet normal 0.359283 0.132578 0.923763
    outer loop
      vertex -0.31977 -5.13245 1.06181
      vertex -0.329176 -5.10696 1.06181
      vertex -0.398169 -5.12937 1.09186
    endloop
  endfacet
  facet normal 0.503219 0.141906 0.852428
    outer loop
      vertex -0.528378 -5.17168 1.16853
      vertex -0.475121 -5.11407 1.1275
      vertex -0.540219 -5.12969 1.16853
    endloop
  endfacet
  facet normal 0.522426 0.0205303 0.852438
    outer loop
      vertex -0.553857 -5.04359 1.16853
      vertex -0.487115 -5.03834 1.1275
      vertex -0.55557 -5 1.16853
    endloop
  endfacet
  facet normal 0.587604 0.0230917 0.808819
    outer loop
      vertex -0.553857 -5.04359 1.16853
      vertex -0.55557 -5 1.16853
      vertex -0.619094 -5 1.21468
    endloop
  endfacet
  facet normal 0.318392 -0.212811 0.923763
    outer loop
      vertex -0.295113 -4.81915 1.06181
      vertex -0.280014 -4.79656 1.06181
      vertex -0.356966 -4.78125 1.09186
    endloop
  endfacet
  facet normal -0.103912 0.36858 0.92377
    outer loop
      vertex 0.0977335 -5.40709 1.09186
      vertex 0.129373 -5.39817 1.09186
      vertex 0.0807991 -5.33655 1.06181
    endloop
  endfacet
  facet normal 0.114934 0.10623 0.987677
    outer loop
      vertex -0.137949 -5.13795 1.01921
      vertex -0.0893755 -5.07633 1.00693
      vertex -0.148347 -5.1267 1.01921
    endloop
  endfacet
  facet normal -0.0765228 0.136539 0.987675
    outer loop
      vertex 0.0885687 -5.17383 1.01921
      vertex 0.101933 -5.16634 1.01921
      vertex 0.0614128 -5.10022 1.00693
    endloop
  endfacet
  facet normal -0.0204933 0.522382 0.852465
    outer loop
      vertex 0.0435886 -5.55386 1.16853
      vertex 0.0383368 -5.48711 1.1275
      vertex 0 -5.55557 1.16853
    endloop
  endfacet
  facet normal -0.360928 0.540309 0.76013
    outer loop
      vertex 0.354671 -5.57877 1.26568
      vertex 0.363894 -5.50086 1.21468
      vertex 0.323475 -5.52786 1.21468
    endloop
  endfacet
  facet normal -0.323683 0.410542 0.852458
    outer loop
      vertex 0.326555 -5.44947 1.16853
      vertex 0.360813 -5.42246 1.16853
      vertex 0.287204 -5.3953 1.1275
    endloop
  endfacet
  facet normal -0.587604 -0.0230917 0.808819
    outer loop
      vertex 0.55557 -5 1.16853
      vertex 0.619094 -5 1.21468
      vertex 0.553857 -4.95641 1.16853
    endloop
  endfacet
  facet normal -0.426139 -0.157174 0.8909
    outer loop
      vertex 0.464705 -4.84901 1.1275
      vertex 0.451427 -4.81301 1.1275
      vertex 0.398169 -4.87063 1.09186
    endloop
  endfacet
  facet normal -0.31756 0.566891 0.760125
    outer loop
      vertex 0.308168 -5.60482 1.26568
      vertex 0.354671 -5.57877 1.26568
      vertex 0.281062 -5.55162 1.21468
    endloop
  endfacet
  facet normal -0.474792 0.218903 0.85244
    outer loop
      vertex 0.51328 -5.21261 1.16853
      vertex 0.451427 -5.18699 1.1275
      vertex 0.435364 -5.22183 1.1275
    endloop
  endfacet
  facet normal -0.129518 0.280888 0.950961
    outer loop
      vertex 0.132453 -5.31977 1.06181
      vertex 0.157133 -5.30839 1.06181
      vertex 0.103875 -5.25078 1.03754
    endloop
  endfacet
  facet normal -0.356702 0.281206 0.890891
    outer loop
      vertex 0.37155 -5.31733 1.1275
      vertex 0.395303 -5.2872 1.1275
      vertex 0.318351 -5.2719 1.09186
    endloop
  endfacet
  facet normal -0.132574 0.359279 0.923765
    outer loop
      vertex 0.160213 -5.38679 1.09186
      vertex 0.132453 -5.31977 1.06181
      vertex 0.129373 -5.39817 1.09186
    endloop
  endfacet
  facet normal -0.123243 0.437146 0.890907
    outer loop
      vertex 0.114066 -5.47512 1.1275
      vertex 0.129373 -5.39817 1.09186
      vertex 0.0977335 -5.40709 1.09186
    endloop
  endfacet
  facet normal -0.180967 0.490519 0.852433
    outer loop
      vertex 0.17168 -5.52838 1.16853
      vertex 0.186987 -5.45143 1.1275
      vertex 0.150991 -5.46471 1.1275
    endloop
  endfacet
  facet normal -0.190112 0.41247 0.890913
    outer loop
      vertex 0.186987 -5.45143 1.1275
      vertex 0.190067 -5.37303 1.09186
      vertex 0.160213 -5.38679 1.09186
    endloop
  endfacet
  facet normal -0.180977 0.490519 0.852431
    outer loop
      vertex 0.212607 -5.51328 1.16853
      vertex 0.186987 -5.45143 1.1275
      vertex 0.17168 -5.52838 1.16853
    endloop
  endfacet
  facet normal -0.218984 0.474774 0.852429
    outer loop
      vertex 0.212607 -5.51328 1.16853
      vertex 0.221828 -5.43536 1.1275
      vertex 0.186987 -5.45143 1.1275
    endloop
  endfacet
  facet normal -0.031731 0.808597 0.587507
    outer loop
      vertex 0.0652361 -5.82891 1.44443
      vertex 0.061615 -5.7829 1.38091
      vertex 0 -5.83147 1.44443
    endloop
  endfacet
  facet normal 0.031759 0.808609 0.587489
    outer loop
      vertex 0 -5.83147 1.44443
      vertex 0 -5.78532 1.38091
      vertex -0.061615 -5.7829 1.38091
    endloop
  endfacet
  facet normal -0.800118 -0.295145 0.522207
    outer loop
      vertex 0.768177 -4.68181 1.44443
      vertex 0.803479 -4.67919 1.5
      vertex 0.799639 -4.66878 1.5
    endloop
  endfacet
  facet normal -0.800107 -0.295184 0.522202
    outer loop
      vertex 0.803479 -4.67919 1.5
      vertex 0.768177 -4.68181 1.44443
      vertex 0.790774 -4.74306 1.44443
    endloop
  endfacet
  facet normal -0.755398 -0.089419 0.649136
    outer loop
      vertex 0.782896 -4.93838 1.38091
      vertex 0.775648 -4.87715 1.38091
      vertex 0.725282 -4.88513 1.3212
    endloop
  endfacet
  facet normal -0.793667 0.157878 0.587509
    outer loop
      vertex 0.808496 -5.1941 1.44443
      vertex 0.821233 -5.13007 1.44443
      vertex 0.763618 -5.18333 1.38091
    endloop
  endfacet
  facet normal -0.669705 0.528054 0.522163
    outer loop
      vertex 0.658148 -5.56211 1.5
      vertex 0.693354 -5.51746 1.5
      vertex 0.632254 -5.54 1.44443
    endloop
  endfacet
  facet normal -0.672843 0.44962 0.587473
    outer loop
      vertex 0.672672 -5.48872 1.44443
      vertex 0.708944 -5.43444 1.44443
      vertex 0.635334 -5.4616 1.38091
    endloop
  endfacet
  facet normal -0.558574 0.516335 0.649148
    outer loop
      vertex 0.555303 -5.5553 1.38091
      vertex 0.597159 -5.51002 1.38091
      vertex 0.519244 -5.51924 1.3212
    endloop
  endfacet
  facet normal -0.392967 0.588164 0.706852
    outer loop
      vertex 0.431623 -5.59408 1.3212
      vertex 0.398989 -5.54916 1.26568
      vertex 0.354671 -5.57877 1.26568
    endloop
  endfacet
  facet normal -0.416635 0.744093 0.522246
    outer loop
      vertex 0.452234 -5.73798 1.5
      vertex 0.434442 -5.70894 1.44443
      vertex 0.40262 -5.76576 1.5
    endloop
  endfacet
  facet normal -0.280014 0.759247 0.587483
    outer loop
      vertex 0.256938 -5.79077 1.44443
      vertex 0.31819 -5.76818 1.44443
      vertex 0.242676 -5.74688 1.38091
    endloop
  endfacet
  facet normal -0.219686 0.778848 0.587481
    outer loop
      vertex 0.256938 -5.79077 1.44443
      vertex 0.242676 -5.74688 1.38091
      vertex 0.183328 -5.76362 1.38091
    endloop
  endfacet
  facet normal -0.345707 0.617137 0.706844
    outer loop
      vertex 0.333375 -5.65429 1.3212
      vertex 0.354671 -5.57877 1.26568
      vertex 0.308168 -5.60482 1.26568
    endloop
  endfacet
  facet normal -0.296066 0.642462 0.706815
    outer loop
      vertex 0.281013 -5.67842 1.3212
      vertex 0.333375 -5.65429 1.3212
      vertex 0.259766 -5.62713 1.26568
    endloop
  endfacet
  facet normal -0.0894427 0.755376 0.649158
    outer loop
      vertex 0.061615 -5.7829 1.38091
      vertex 0.114873 -5.72528 1.3212
      vertex 0.0576134 -5.73206 1.3212
    endloop
  endfacet
  facet normal -0.100323 0.846921 0.522169
    outer loop
      vertex 0.0652361 -5.82891 1.44443
      vertex 0.0789265 -5.86155 1.5
      vertex 0.13007 -5.82123 1.44443
    endloop
  endfacet
  facet normal -0.0999291 0.846999 0.522118
    outer loop
      vertex 0.0789265 -5.86155 1.5
      vertex 0.0652361 -5.82891 1.44443
      vertex 0.0679077 -5.86285 1.5
    endloop
  endfacet
  facet normal 0.148411 0.746024 0.649171
    outer loop
      vertex -0.114873 -5.72528 1.3212
      vertex -0.171424 -5.71403 1.3212
      vertex -0.183328 -5.76362 1.38091
    endloop
  endfacet
  facet normal 0.0894334 0.755373 0.649163
    outer loop
      vertex -0.061615 -5.7829 1.38091
      vertex -0.114873 -5.72528 1.3212
      vertex -0.12285 -5.77565 1.38091
    endloop
  endfacet
  facet normal 0.12672 0.637312 0.760116
    outer loop
      vertex -0.106188 -5.67044 1.26568
      vertex -0.0968475 -5.61147 1.21468
      vertex -0.144525 -5.60199 1.21468
    endloop
  endfacet
  facet normal -0.0763203 0.645234 0.760163
    outer loop
      vertex 0.0532579 -5.67671 1.26568
      vertex 0.0968475 -5.61147 1.21468
      vertex 0.0485735 -5.61718 1.21468
    endloop
  endfacet
  facet normal 0.231547 0.820761 0.522243
    outer loop
      vertex -0.212731 -5.8386 1.5
      vertex -0.256938 -5.79077 1.44443
      vertex -0.267461 -5.82316 1.5
    endloop
  endfacet
  facet normal 0.280051 0.759209 0.587515
    outer loop
      vertex -0.242676 -5.74688 1.38091
      vertex -0.300528 -5.72554 1.38091
      vertex -0.31819 -5.76818 1.44443
    endloop
  endfacet
  facet normal 0.219747 0.778794 0.587529
    outer loop
      vertex -0.194102 -5.8085 1.44443
      vertex -0.183328 -5.76362 1.38091
      vertex -0.256938 -5.79077 1.44443
    endloop
  endfacet
  facet normal -0.774537 0.356917 0.522209
    outer loop
      vertex 0.768177 -5.31819 1.44443
      vertex 0.794994 -5.3413 1.5
      vertex 0.799639 -5.33122 1.5
    endloop
  endfacet
  facet normal -0.774477 0.357025 0.522224
    outer loop
      vertex 0.794994 -5.3413 1.5
      vertex 0.768177 -5.31819 1.44443
      vertex 0.740845 -5.37748 1.44443
    endloop
  endfacet
  facet normal -0.437137 0.123327 0.8909
    outer loop
      vertex 0.464705 -5.15099 1.1275
      vertex 0.475121 -5.11407 1.1275
      vertex 0.398169 -5.12937 1.09186
    endloop
  endfacet
  facet normal -0.635448 0.500996 0.587545
    outer loop
      vertex 0.632254 -5.54 1.44443
      vertex 0.635334 -5.4616 1.38091
      vertex 0.597159 -5.51002 1.38091
    endloop
  endfacet
  facet normal -0.635562 0.500939 0.58747
    outer loop
      vertex 0.672672 -5.48872 1.44443
      vertex 0.635334 -5.4616 1.38091
      vertex 0.632254 -5.54 1.44443
    endloop
  endfacet
  facet normal -0.597363 0.470925 0.649144
    outer loop
      vertex 0.597159 -5.51002 1.38091
      vertex 0.594079 -5.43162 1.3212
      vertex 0.558383 -5.4769 1.3212
    endloop
  endfacet
  facet normal -0.166043 0.836519 0.522174
    outer loop
      vertex 0.194102 -5.8085 1.44443
      vertex 0.19117 -5.84377 1.5
      vertex 0.202052 -5.84161 1.5
    endloop
  endfacet
  facet normal -0.1663 0.836489 0.522141
    outer loop
      vertex 0.19117 -5.84377 1.5
      vertex 0.194102 -5.8085 1.44443
      vertex 0.13007 -5.82123 1.44443
    endloop
  endfacet
  facet normal -0.166457 0.836378 0.522269
    outer loop
      vertex 0.135397 -5.85487 1.5
      vertex 0.19117 -5.84377 1.5
      vertex 0.13007 -5.82123 1.44443
    endloop
  endfacet
  facet normal -0.280905 -0.129492 0.95096
    outer loop
      vertex 0.31977 -4.86755 1.06181
      vertex 0.308393 -4.84287 1.06181
      vertex 0.250778 -4.89612 1.03754
    endloop
  endfacet
  facet normal -0.297689 0.0839653 0.950963
    outer loop
      vertex 0.336554 -5.0808 1.06181
      vertex 0.26394 -5.06337 1.03754
      vertex 0.258155 -5.08388 1.03754
    endloop
  endfacet
  facet normal -0.269882 0.151105 0.950963
    outer loop
      vertex 0.308393 -5.15713 1.06181
      vertex 0.241855 -5.12323 1.03754
      vertex 0.231441 -5.14183 1.03754
    endloop
  endfacet
  facet normal 0.0533191 0.0576289 0.996913
    outer loop
      vertex -0.076334 -5.08938 1.00693
      vertex -0.0277605 -5.02776 1.00077
      vertex -0.0831108 -5.08311 1.00693
    endloop
  endfacet
  facet normal -0.00916889 -0.0779687 0.996914
    outer loop
      vertex 0.00614071 -4.96122 1.00077
      vertex 0.00922108 -4.88282 1.00693
      vertex 0.00307941 -4.96086 1.00077
    endloop
  endfacet
  facet normal -0.146838 -0.0541677 0.987676
    outer loop
      vertex 0.185541 -4.93971 1.01921
      vertex 0.18024 -4.92534 1.01921
      vertex 0.10859 -4.95502 1.00693
    endloop
  endfacet
  facet normal -0.15639 0.00613914 0.987676
    outer loop
      vertex 0.194489 -5.01531 1.01921
      vertex 0.19509 -5 1.01921
      vertex 0.117174 -5.00922 1.00693
    endloop
  endfacet
  facet normal -0.231997 -0.0274705 0.972328
    outer loop
      vertex 0.194489 -4.98469 1.01921
      vertex 0.270603 -4.9787 1.03754
      vertex 0.192688 -4.96948 1.01921
    endloop
  endfacet
  facet normal -0.242912 -0.191471 0.950964
    outer loop
      vertex 0.2196 -4.84045 1.03754
      vertex 0.263189 -4.77521 1.06181
      vertex 0.206405 -4.82371 1.03754
    endloop
  endfacet
  facet normal -0.399171 -0.431848 0.808808
    outer loop
      vertex 0.392847 -4.60715 1.16853
      vertex 0.402069 -4.52924 1.21468
      vertex 0.360813 -4.57754 1.16853
    endloop
  endfacet
  facet normal 0.132574 -0.359279 0.923765
    outer loop
      vertex -0.132453 -4.68023 1.06181
      vertex -0.129373 -4.60183 1.09186
      vertex -0.160213 -4.61321 1.09186
    endloop
  endfacet
  facet normal 0.0838858 -0.297719 0.950961
    outer loop
      vertex -0.0838795 -4.74184 1.03754
      vertex -0.0807991 -4.66345 1.06181
      vertex -0.106956 -4.67082 1.06181
    endloop
  endfacet
  facet normal -0.836428 -0.166386 0.522211
    outer loop
      vertex 0.854867 -4.8646 1.5
      vertex 0.843773 -4.80883 1.5
      vertex 0.821233 -4.86993 1.44443
    endloop
  endfacet
  facet normal -0.800101 -0.29519 0.522208
    outer loop
      vertex 0.823162 -4.73254 1.5
      vertex 0.803479 -4.67919 1.5
      vertex 0.790774 -4.74306 1.44443
    endloop
  endfacet
  facet normal -0.708984 -0.473989 0.522184
    outer loop
      vertex 0.672672 -4.51127 1.44443
      vertex 0.706387 -4.50048 1.5
      vertex 0.700223 -4.49126 1.5
    endloop
  endfacet
  facet normal -0.709109 -0.473767 0.522216
    outer loop
      vertex 0.706387 -4.50048 1.5
      vertex 0.672672 -4.51127 1.44443
      vertex 0.708944 -4.56556 1.44443
    endloop
  endfacet
  facet normal -0.74408 -0.416652 0.522251
    outer loop
      vertex 0.765765 -4.59738 1.5
      vertex 0.73798 -4.54776 1.5
      vertex 0.708944 -4.56556 1.44443
    endloop
  endfacet
  facet normal 0.0951918 -0.803601 0.587506
    outer loop
      vertex -0.061615 -4.2171 1.38091
      vertex -0.0652361 -4.17109 1.44443
      vertex -0.13007 -4.17877 1.44443
    endloop
  endfacet
  facet normal 0.100323 -0.846921 0.522169
    outer loop
      vertex -0.0652361 -4.17109 1.44443
      vertex -0.0789265 -4.13845 1.5
      vertex -0.13007 -4.17877 1.44443
    endloop
  endfacet
  facet normal 0.10068 -0.84685 0.522216
    outer loop
      vertex -0.0789265 -4.13845 1.5
      vertex -0.0652361 -4.17109 1.44443
      vertex -0.0679077 -4.13714 1.5
    endloop
  endfacet
  facet normal 0.157878 -0.793693 0.587475
    outer loop
      vertex -0.12285 -4.22435 1.38091
      vertex -0.13007 -4.17877 1.44443
      vertex -0.183328 -4.23638 1.38091
    endloop
  endfacet
  facet normal 0.0894334 -0.755373 0.649163
    outer loop
      vertex -0.114873 -4.27472 1.3212
      vertex -0.061615 -4.2171 1.38091
      vertex -0.12285 -4.22435 1.38091
    endloop
  endfacet
  facet normal -0.645268 -0.0763642 0.76013
    outer loop
      vertex 0.676708 -4.94674 1.26568
      vertex 0.670444 -4.89381 1.26568
      vertex 0.611471 -4.90315 1.21468
    endloop
  endfacet
  facet normal -0.474792 -0.218924 0.852435
    outer loop
      vertex 0.51328 -4.78739 1.16853
      vertex 0.495016 -4.74778 1.16853
      vertex 0.435364 -4.77817 1.1275
    endloop
  endfacet
  facet normal -0.510289 -0.40223 0.760142
    outer loop
      vertex 0.500857 -4.63611 1.21468
      vertex 0.549161 -4.60101 1.26568
      vertex 0.470762 -4.59793 1.21468
    endloop
  endfacet
  facet normal -0.308275 -0.333562 0.8909
    outer loop
      vertex 0.296037 -4.70396 1.09186
      vertex 0.345507 -4.65449 1.1275
      vertex 0.271897 -4.68165 1.09186
    endloop
  endfacet
  facet normal -0.534016 -0.246233 0.808824
    outer loop
      vertex 0.51328 -4.78739 1.16853
      vertex 0.551617 -4.71894 1.21468
      vertex 0.495016 -4.74778 1.16853
    endloop
  endfacet
  facet normal -0.461861 -0.364058 0.808793
    outer loop
      vertex 0.500857 -4.63611 1.21468
      vertex 0.470762 -4.59793 1.21468
      vertex 0.449466 -4.67344 1.16853
    endloop
  endfacet
  facet normal -0.527993 -0.669713 0.522214
    outer loop
      vertex 0.488725 -4.32733 1.44443
      vertex 0.517456 -4.30665 1.5
      vertex 0.508742 -4.29978 1.5
    endloop
  endfacet
  facet normal -0.527983 -0.669723 0.522212
    outer loop
      vertex 0.517456 -4.30665 1.5
      vertex 0.488725 -4.32733 1.44443
      vertex 0.539996 -4.36775 1.44443
    endloop
  endfacet
  facet normal -0.371765 -0.663676 0.649096
    outer loop
      vertex 0.383682 -4.37389 1.3212
      vertex 0.356526 -4.30028 1.38091
      vertex 0.333375 -4.34571 1.3212
    endloop
  endfacet
  facet normal -0.395378 -0.705999 0.587573
    outer loop
      vertex 0.410327 -4.33041 1.38091
      vertex 0.434442 -4.29105 1.44443
      vertex 0.356526 -4.30028 1.38091
    endloop
  endfacet
  facet normal -0.157787 -0.79367 0.58753
    outer loop
      vertex 0.183328 -4.23638 1.38091
      vertex 0.194102 -4.1915 1.44443
      vertex 0.13007 -4.17877 1.44443
    endloop
  endfacet
  facet normal -0.192052 -0.680848 0.706797
    outer loop
      vertex 0.209761 -4.35442 1.26568
      vertex 0.171424 -4.28597 1.3212
      vertex 0.158463 -4.33995 1.26568
    endloop
  endfacet
  facet normal 0.114717 -0.576752 0.808824
    outer loop
      vertex -0.129695 -4.45978 1.16853
      vertex -0.0869102 -4.45127 1.16853
      vertex -0.144525 -4.39801 1.21468
    endloop
  endfacet
  facet normal -0.0764599 -0.645284 0.760107
    outer loop
      vertex 0.0968475 -4.38853 1.21468
      vertex 0.0532579 -4.32329 1.26568
      vertex 0.0485735 -4.38281 1.21468
    endloop
  endfacet
  facet normal 0.1764 -0.625359 0.760138
    outer loop
      vertex -0.144525 -4.39801 1.21468
      vertex -0.158463 -4.33995 1.26568
      vertex -0.209761 -4.35442 1.26568
    endloop
  endfacet
  facet normal 0.192052 -0.680848 0.706797
    outer loop
      vertex -0.158463 -4.33995 1.26568
      vertex -0.171424 -4.28597 1.3212
      vertex -0.209761 -4.35442 1.26568
    endloop
  endfacet
  facet normal -0.0614835 -0.519213 0.85243
    outer loop
      vertex 0.0869102 -4.45127 1.16853
      vertex 0.0435886 -4.44614 1.16853
      vertex 0.0383368 -4.51288 1.1275
    endloop
  endfacet
  facet normal 0.246181 -0.534037 0.808826
    outer loop
      vertex -0.212607 -4.48672 1.16853
      vertex -0.236917 -4.42803 1.21468
      vertex -0.281062 -4.44838 1.21468
    endloop
  endfacet
  facet normal 0.244848 -0.663612 0.706873
    outer loop
      vertex -0.259766 -4.37287 1.26568
      vertex -0.209761 -4.35442 1.26568
      vertex -0.281013 -4.32157 1.3212
    endloop
  endfacet
  facet normal 0.360989 -0.540301 0.760107
    outer loop
      vertex -0.363894 -4.49914 1.21468
      vertex -0.354671 -4.42123 1.26568
      vertex -0.398989 -4.45084 1.26568
    endloop
  endfacet
  facet normal 0.296107 -0.64241 0.706845
    outer loop
      vertex -0.308168 -4.39518 1.26568
      vertex -0.259766 -4.37287 1.26568
      vertex -0.333375 -4.34571 1.3212
    endloop
  endfacet
  facet normal 0.318486 -0.690827 0.649096
    outer loop
      vertex -0.333375 -4.34571 1.3212
      vertex -0.281013 -4.32157 1.3212
      vertex -0.356526 -4.30028 1.38091
    endloop
  endfacet
  facet normal -0.0121772 -0.309048 0.950968
    outer loop
      vertex 0.0212965 -4.7294 1.03754
      vertex 0.0271559 -4.65495 1.06181
      vertex 0 -4.65388 1.06181
    endloop
  endfacet
  facet normal -0.123241 -0.437146 0.890907
    outer loop
      vertex 0.129373 -4.60183 1.09186
      vertex 0.150991 -4.53529 1.1275
      vertex 0.114066 -4.52488 1.1275
    endloop
  endfacet
  facet normal 0.209981 -0.227121 0.95096
    outer loop
      vertex -0.176286 -4.79359 1.03754
      vertex -0.224785 -4.73681 1.06181
      vertex -0.244741 -4.75526 1.06181
    endloop
  endfacet
  facet normal 0.0271441 -0.0736754 0.996913
    outer loop
      vertex -0.0121317 -4.96266 1.00077
      vertex -0.0363207 -4.88822 1.00693
      vertex -0.0449791 -4.89141 1.00693
    endloop
  endfacet
  facet normal 0.383962 -0.354844 0.852443
    outer loop
      vertex -0.37155 -4.68267 1.1275
      vertex -0.345507 -4.65449 1.1275
      vertex -0.422459 -4.63919 1.16853
    endloop
  endfacet
  facet normal 0.380301 -0.045021 0.923766
    outer loop
      vertex -0.34505 -4.97284 1.06181
      vertex -0.413505 -4.93451 1.09186
      vertex -0.417369 -4.96715 1.09186
    endloop
  endfacet
  facet normal 0.410523 -0.323708 0.852457
    outer loop
      vertex -0.395303 -4.7128 1.1275
      vertex -0.422459 -4.63919 1.16853
      vertex -0.449466 -4.67344 1.16853
    endloop
  endfacet
  facet normal 0.19145 -0.242949 0.950959
    outer loop
      vertex -0.176286 -4.79359 1.03754
      vertex -0.159548 -4.7804 1.03754
      vertex -0.224785 -4.73681 1.06181
    endloop
  endfacet
  facet normal 0.218984 -0.474774 0.852429
    outer loop
      vertex -0.186987 -4.54857 1.1275
      vertex -0.212607 -4.48672 1.16853
      vertex -0.221828 -4.56464 1.1275
    endloop
  endfacet
  facet normal 0.290517 -0.434699 0.85243
    outer loop
      vertex -0.287204 -4.6047 1.1275
      vertex -0.255303 -4.58338 1.1275
      vertex -0.290284 -4.5263 1.16853
    endloop
  endfacet
  facet normal 0.255401 -0.456219 0.852429
    outer loop
      vertex -0.255303 -4.58338 1.1275
      vertex -0.221828 -4.56464 1.1275
      vertex -0.290284 -4.5263 1.16853
    endloop
  endfacet
  facet normal 0.323658 -0.41059 0.852444
    outer loop
      vertex -0.317333 -4.62845 1.1275
      vertex -0.287204 -4.6047 1.1275
      vertex -0.360813 -4.57754 1.16853
    endloop
  endfacet
  facet normal 0.0455983 -0.229123 0.972329
    outer loop
      vertex -0.0455427 -4.8103 1.01921
      vertex -0.0305185 -4.80731 1.01921
      vertex -0.0633659 -4.73606 1.03754
    endloop
  endfacet
  facet normal 0.0747862 -0.375572 0.923771
    outer loop
      vertex -0.0807991 -4.66345 1.06181
      vertex -0.0654926 -4.58649 1.09186
      vertex -0.0977335 -4.59291 1.09186
    endloop
  endfacet
  facet normal 0.0887015 -0.445454 0.8909
    outer loop
      vertex -0.0654926 -4.58649 1.09186
      vertex -0.076437 -4.51739 1.1275
      vertex -0.0977335 -4.59291 1.09186
    endloop
  endfacet
  facet normal 0.0886657 -0.445447 0.890907
    outer loop
      vertex -0.0977335 -4.59291 1.09186
      vertex -0.076437 -4.51739 1.1275
      vertex -0.114066 -4.52488 1.1275
    endloop
  endfacet
  facet normal 0.12672 -0.637312 0.760116
    outer loop
      vertex -0.0968475 -4.38853 1.21468
      vertex -0.106188 -4.32956 1.26568
      vertex -0.144525 -4.39801 1.21468
    endloop
  endfacet
  facet normal 0.0764382 -0.645276 0.760116
    outer loop
      vertex -0.0968475 -4.38853 1.21468
      vertex -0.0532579 -4.32329 1.26568
      vertex -0.106188 -4.32956 1.26568
    endloop
  endfacet
  facet normal -0.594216 0.549282 0.587535
    outer loop
      vertex 0.587937 -5.58794 1.44443
      vertex 0.597159 -5.51002 1.38091
      vertex 0.555303 -5.5553 1.38091
    endloop
  endfacet
  facet normal -0.549268 0.594278 0.587484
    outer loop
      vertex 0.539996 -5.63225 1.44443
      vertex 0.587937 -5.58794 1.44443
      vertex 0.510022 -5.59716 1.38091
    endloop
  endfacet
  facet normal -0.709042 0.473809 0.522269
    outer loop
      vertex 0.672672 -5.48872 1.44443
      vertex 0.706387 -5.49952 1.5
      vertex 0.708944 -5.43444 1.44443
    endloop
  endfacet
  facet normal -0.708953 0.473968 0.522246
    outer loop
      vertex 0.706387 -5.49952 1.5
      vertex 0.672672 -5.48872 1.44443
      vertex 0.700223 -5.50874 1.5
    endloop
  endfacet
  facet normal -0.820799 0.231483 0.522211
    outer loop
      vertex 0.823162 -5.26746 1.5
      vertex 0.838597 -5.21273 1.5
      vertex 0.790774 -5.25694 1.44443
    endloop
  endfacet
  facet normal -0.836429 0.166384 0.52221
    outer loop
      vertex 0.808496 -5.1941 1.44443
      vertex 0.843773 -5.19117 1.5
      vertex 0.821233 -5.13007 1.44443
    endloop
  endfacet
  facet normal -0.836431 0.166364 0.522212
    outer loop
      vertex 0.843773 -5.19117 1.5
      vertex 0.808496 -5.1941 1.44443
      vertex 0.841609 -5.20205 1.5
    endloop
  endfacet
  facet normal -0.836428 0.166386 0.522211
    outer loop
      vertex 0.843773 -5.19117 1.5
      vertex 0.854867 -5.1354 1.5
      vertex 0.821233 -5.13007 1.44443
    endloop
  endfacet
  facet normal -0.836431 -0.166364 0.522212
    outer loop
      vertex 0.808496 -4.8059 1.44443
      vertex 0.843773 -4.80883 1.5
      vertex 0.841609 -4.79795 1.5
    endloop
  endfacet
  facet normal -0.836429 -0.166384 0.52221
    outer loop
      vertex 0.843773 -4.80883 1.5
      vertex 0.808496 -4.8059 1.44443
      vertex 0.821233 -4.86993 1.44443
    endloop
  endfacet
  facet normal -0.732104 -0.206453 0.649154
    outer loop
      vertex 0.714032 -4.82858 1.3212
      vertex 0.763618 -4.81667 1.38091
      vertex 0.698381 -4.77308 1.3212
    endloop
  endfacet
  facet normal -0.31756 -0.566891 0.760125
    outer loop
      vertex 0.354671 -4.42123 1.26568
      vertex 0.308168 -4.39518 1.26568
      vertex 0.281062 -4.44838 1.21468
    endloop
  endfacet
  facet normal -0.44965 -0.672777 0.587525
    outer loop
      vertex 0.461597 -4.36467 1.38091
      vertex 0.488725 -4.32733 1.44443
      vertex 0.434442 -4.29105 1.44443
    endloop
  endfacet
  facet normal -0.371679 -0.66368 0.649141
    outer loop
      vertex 0.383682 -4.37389 1.3212
      vertex 0.410327 -4.33041 1.38091
      vertex 0.356526 -4.30028 1.38091
    endloop
  endfacet
  facet normal -0.395373 -0.706006 0.587567
    outer loop
      vertex 0.434442 -4.29105 1.44443
      vertex 0.377479 -4.25915 1.44443
      vertex 0.356526 -4.30028 1.38091
    endloop
  endfacet
  facet normal -0.549302 -0.594194 0.587538
    outer loop
      vertex 0.555303 -4.4447 1.38091
      vertex 0.587937 -4.41206 1.44443
      vertex 0.510022 -4.40284 1.38091
    endloop
  endfacet
  facet normal -0.51627 -0.558622 0.649158
    outer loop
      vertex 0.519244 -4.48075 1.3212
      vertex 0.510022 -4.40284 1.38091
      vertex 0.476904 -4.44162 1.3212
    endloop
  endfacet
  facet normal 0.0951468 -0.80363 0.587475
    outer loop
      vertex -0.12285 -4.22435 1.38091
      vertex -0.061615 -4.2171 1.38091
      vertex -0.13007 -4.17877 1.44443
    endloop
  endfacet
  facet normal 0.157787 -0.79367 0.58753
    outer loop
      vertex -0.183328 -4.23638 1.38091
      vertex -0.13007 -4.17877 1.44443
      vertex -0.194102 -4.1915 1.44443
    endloop
  endfacet
  facet normal -0.0334452 -0.852186 0.522169
    outer loop
      vertex 0.0568205 -4.13671 1.5
      vertex 0 -4.13448 1.5
      vertex 0 -4.16853 1.44443
    endloop
  endfacet
  facet normal 0.0334452 -0.852186 0.522169
    outer loop
      vertex 0 -4.16853 1.44443
      vertex 0 -4.13448 1.5
      vertex -0.0568205 -4.13671 1.5
    endloop
  endfacet
  facet normal -0.031731 -0.808597 0.587507
    outer loop
      vertex 0.061615 -4.2171 1.38091
      vertex 0.0652361 -4.17109 1.44443
      vertex 0 -4.16853 1.44443
    endloop
  endfacet
  facet normal -0.0334416 -0.852188 0.522166
    outer loop
      vertex 0.0652361 -4.17109 1.44443
      vertex 0.0568205 -4.13671 1.5
      vertex 0 -4.16853 1.44443
    endloop
  endfacet
  facet normal -0.0330502 -0.852172 0.522216
    outer loop
      vertex 0.0568205 -4.13671 1.5
      vertex 0.0652361 -4.17109 1.44443
      vertex 0.0679077 -4.13714 1.5
    endloop
  endfacet
  facet normal -0.1663 -0.836489 0.522141
    outer loop
      vertex 0.194102 -4.1915 1.44443
      vertex 0.19117 -4.15623 1.5
      vertex 0.13007 -4.17877 1.44443
    endloop
  endfacet
  facet normal -0.166043 -0.836519 0.522174
    outer loop
      vertex 0.19117 -4.15623 1.5
      vertex 0.194102 -4.1915 1.44443
      vertex 0.202052 -4.15839 1.5
    endloop
  endfacet
  facet normal 0.808585 -0.0317555 0.587522
    outer loop
      vertex -0.785316 -5 1.38091
      vertex -0.782896 -4.93838 1.38091
      vertex -0.83147 -5 1.44443
    endloop
  endfacet
  facet normal 0.80361 -0.0951119 0.587507
    outer loop
      vertex -0.782896 -4.93838 1.38091
      vertex -0.821233 -4.86993 1.44443
      vertex -0.828906 -4.93476 1.44443
    endloop
  endfacet
  facet normal 0.759192 -0.280107 0.58751
    outer loop
      vertex -0.746881 -4.75732 1.38091
      vertex -0.725537 -4.69947 1.38091
      vertex -0.768177 -4.68181 1.44443
    endloop
  endfacet
  facet normal 0.713638 -0.26329 0.649153
    outer loop
      vertex -0.698381 -4.77308 1.3212
      vertex -0.678425 -4.71899 1.3212
      vertex -0.746881 -4.75732 1.38091
    endloop
  endfacet
  facet normal 0.800101 -0.29519 0.522208
    outer loop
      vertex -0.790774 -4.74306 1.44443
      vertex -0.803479 -4.67919 1.5
      vertex -0.823162 -4.73254 1.5
    endloop
  endfacet
  facet normal 0.706033 -0.39542 0.587504
    outer loop
      vertex -0.699722 -4.64347 1.38091
      vertex -0.708944 -4.56556 1.44443
      vertex -0.740845 -4.62252 1.44443
    endloop
  endfacet
  facet normal 0.774477 -0.357063 0.522199
    outer loop
      vertex -0.740845 -4.62252 1.44443
      vertex -0.771186 -4.60706 1.5
      vertex -0.794994 -4.6587 1.5
    endloop
  endfacet
  facet normal 0.672854 -0.449544 0.587518
    outer loop
      vertex -0.635334 -4.5384 1.38091
      vertex -0.672672 -4.51127 1.44443
      vertex -0.708944 -4.56556 1.44443
    endloop
  endfacet
  facet normal 0.672847 -0.449589 0.587492
    outer loop
      vertex -0.669592 -4.58967 1.38091
      vertex -0.635334 -4.5384 1.38091
      vertex -0.708944 -4.56556 1.44443
    endloop
  endfacet
  facet normal 0.632455 -0.4226 0.649161
    outer loop
      vertex -0.626112 -4.61632 1.3212
      vertex -0.594079 -4.56838 1.3212
      vertex -0.669592 -4.58967 1.38091
    endloop
  endfacet
  facet normal 0.632455 -0.422599 0.649162
    outer loop
      vertex -0.594079 -4.56838 1.3212
      vertex -0.635334 -4.5384 1.38091
      vertex -0.669592 -4.58967 1.38091
    endloop
  endfacet
  facet normal 0.597363 -0.470925 0.649144
    outer loop
      vertex -0.594079 -4.56838 1.3212
      vertex -0.558383 -4.5231 1.3212
      vertex -0.597159 -4.48998 1.38091
    endloop
  endfacet
  facet normal 0.597328 -0.470941 0.649164
    outer loop
      vertex -0.594079 -4.56838 1.3212
      vertex -0.597159 -4.48998 1.38091
      vertex -0.635334 -4.5384 1.38091
    endloop
  endfacet
  facet normal 0.44965 -0.672777 0.587525
    outer loop
      vertex -0.461597 -4.36467 1.38091
      vertex -0.434442 -4.29105 1.44443
      vertex -0.488725 -4.32733 1.44443
    endloop
  endfacet
  facet normal 0.422642 -0.632482 0.649107
    outer loop
      vertex -0.431623 -4.40592 1.3212
      vertex -0.410327 -4.33041 1.38091
      vertex -0.461597 -4.36467 1.38091
    endloop
  endfacet
  facet normal 0.558631 -0.516275 0.649146
    outer loop
      vertex -0.558383 -4.5231 1.3212
      vertex -0.519244 -4.48075 1.3212
      vertex -0.597159 -4.48998 1.38091
    endloop
  endfacet
  facet normal 0.558605 -0.516364 0.649098
    outer loop
      vertex -0.519244 -4.48075 1.3212
      vertex -0.555303 -4.4447 1.38091
      vertex -0.597159 -4.48998 1.38091
    endloop
  endfacet
  facet normal 0.513102 -0.28728 0.808824
    outer loop
      vertex -0.495016 -4.74778 1.16853
      vertex -0.473701 -4.70971 1.16853
      vertex -0.551617 -4.71894 1.21468
    endloop
  endfacet
  facet normal 0.377634 -0.252364 0.890901
    outer loop
      vertex -0.356966 -4.78125 1.09186
      vertex -0.338702 -4.75392 1.09186
      vertex -0.395303 -4.7128 1.1275
    endloop
  endfacet
  facet normal 0.803602 -0.0951251 0.587516
    outer loop
      vertex -0.782896 -4.93838 1.38091
      vertex -0.775648 -4.87715 1.38091
      vertex -0.821233 -4.86993 1.44443
    endloop
  endfacet
  facet normal 0.746055 -0.148397 0.649138
    outer loop
      vertex -0.725282 -4.88513 1.3212
      vertex -0.763618 -4.81667 1.38091
      vertex -0.775648 -4.87715 1.38091
    endloop
  endfacet
  facet normal 0.449575 -0.672788 0.58757
    outer loop
      vertex -0.410327 -4.33041 1.38091
      vertex -0.434442 -4.29105 1.44443
      vertex -0.461597 -4.36467 1.38091
    endloop
  endfacet
  facet normal 0.356956 -0.774534 0.522187
    outer loop
      vertex -0.377479 -4.25915 1.44443
      vertex -0.341297 -4.20501 1.5
      vertex -0.392939 -4.22881 1.5
    endloop
  endfacet
  facet normal 0.263257 -0.71368 0.64912
    outer loop
      vertex -0.281013 -4.32157 1.3212
      vertex -0.242676 -4.25312 1.38091
      vertex -0.300528 -4.27446 1.38091
    endloop
  endfacet
  facet normal 0.318515 -0.69079 0.64912
    outer loop
      vertex -0.281013 -4.32157 1.3212
      vertex -0.300528 -4.27446 1.38091
      vertex -0.356526 -4.30028 1.38091
    endloop
  endfacet
  facet normal 0.399125 -0.431863 0.808823
    outer loop
      vertex -0.392847 -4.60715 1.16853
      vertex -0.402069 -4.52924 1.21468
      vertex -0.437765 -4.56223 1.21468
    endloop
  endfacet
  facet normal 0.356715 -0.281159 0.890901
    outer loop
      vertex -0.338702 -4.75392 1.09186
      vertex -0.318351 -4.7281 1.09186
      vertex -0.395303 -4.7128 1.1275
    endloop
  endfacet
  facet normal 0.345696 -0.617137 0.706849
    outer loop
      vertex -0.354671 -4.42123 1.26568
      vertex -0.333375 -4.34571 1.3212
      vertex -0.383682 -4.37389 1.3212
    endloop
  endfacet
  facet normal 0.287415 -0.513052 0.808808
    outer loop
      vertex -0.290284 -4.5263 1.16853
      vertex -0.281062 -4.44838 1.21468
      vertex -0.323475 -4.47214 1.21468
    endloop
  endfacet
  facet normal 0.359283 -0.132578 0.923763
    outer loop
      vertex -0.329176 -4.89304 1.06181
      vertex -0.31977 -4.86755 1.06181
      vertex -0.398169 -4.87063 1.09186
    endloop
  endfacet
  facet normal 0.368582 -0.103952 0.923765
    outer loop
      vertex -0.336554 -4.9192 1.06181
      vertex -0.329176 -4.89304 1.06181
      vertex -0.398169 -4.87063 1.09186
    endloop
  endfacet
  facet normal 0.587604 -0.0230917 0.808819
    outer loop
      vertex -0.55557 -5 1.16853
      vertex -0.553857 -4.95641 1.16853
      vertex -0.619094 -5 1.21468
    endloop
  endfacet
  facet normal 0.583986 -0.0691155 0.808816
    outer loop
      vertex -0.54873 -4.91309 1.16853
      vertex -0.611471 -4.90315 1.21468
      vertex -0.617185 -4.95143 1.21468
    endloop
  endfacet
  facet normal 0.0765228 0.136539 0.987675
    outer loop
      vertex -0.0885687 -5.17383 1.01921
      vertex -0.0614128 -5.10022 1.00693
      vertex -0.101933 -5.16634 1.01921
    endloop
  endfacet
  facet normal 0.375602 0.0747127 0.923765
    outer loop
      vertex -0.407092 -5.09773 1.09186
      vertex -0.336554 -5.0808 1.06181
      vertex -0.413505 -5.06549 1.09186
    endloop
  endfacet
  facet normal 0.713639 -0.2633 0.649147
    outer loop
      vertex -0.678425 -4.71899 1.3212
      vertex -0.725537 -4.69947 1.38091
      vertex -0.746881 -4.75732 1.38091
    endloop
  endfacet
  facet normal 0.690795 -0.318444 0.64915
    outer loop
      vertex -0.678425 -4.71899 1.3212
      vertex -0.699722 -4.64347 1.38091
      vertex -0.725537 -4.69947 1.38091
    endloop
  endfacet
  facet normal 0.477083 0.441116 0.760137
    outer loop
      vertex -0.479984 -5.47998 1.26568
      vertex -0.470762 -5.40207 1.21468
      vertex -0.516164 -5.44085 1.26568
    endloop
  endfacet
  facet normal 0.566921 0.3175 0.760128
    outer loop
      vertex -0.578773 -5.35467 1.26568
      vertex -0.551617 -5.28106 1.21468
      vertex -0.604815 -5.30817 1.26568
    endloop
  endfacet
  facet normal 0.734893 0.338772 0.587508
    outer loop
      vertex -0.699722 -5.35653 1.38091
      vertex -0.725537 -5.30053 1.38091
      vertex -0.768177 -5.31819 1.44443
    endloop
  endfacet
  facet normal 0.649276 0.0255151 0.760124
    outer loop
      vertex -0.676708 -5.05326 1.26568
      vertex -0.619094 -5 1.21468
      vertex -0.678801 -5 1.26568
    endloop
  endfacet
  facet normal 0.836428 0.166386 0.522211
    outer loop
      vertex -0.843773 -5.19117 1.5
      vertex -0.821233 -5.13007 1.44443
      vertex -0.854867 -5.1354 1.5
    endloop
  endfacet
  facet normal 0.803603 0.095111 0.587516
    outer loop
      vertex -0.821233 -5.13007 1.44443
      vertex -0.782896 -5.06161 1.38091
      vertex -0.828906 -5.06524 1.44443
    endloop
  endfacet
  facet normal 0.836429 0.166384 0.52221
    outer loop
      vertex -0.843773 -5.19117 1.5
      vertex -0.808496 -5.1941 1.44443
      vertex -0.821233 -5.13007 1.44443
    endloop
  endfacet
  facet normal 0.836431 0.166364 0.522212
    outer loop
      vertex -0.808496 -5.1941 1.44443
      vertex -0.843773 -5.19117 1.5
      vertex -0.841609 -5.20205 1.5
    endloop
  endfacet
  facet normal 0.540265 0.360973 0.76014
    outer loop
      vertex -0.549161 -5.39899 1.26568
      vertex -0.500857 -5.36389 1.21468
      vertex -0.578773 -5.35467 1.26568
    endloop
  endfacet
  facet normal 0.516343 0.558558 0.649156
    outer loop
      vertex -0.510022 -5.59716 1.38091
      vertex -0.476904 -5.55838 1.3212
      vertex -0.519244 -5.51924 1.3212
    endloop
  endfacet
  facet normal 0.480166 0.519424 0.706852
    outer loop
      vertex -0.476904 -5.55838 1.3212
      vertex -0.440845 -5.51616 1.26568
      vertex -0.519244 -5.51924 1.3212
    endloop
  endfacet
  facet normal 0.480163 0.519433 0.706847
    outer loop
      vertex -0.440845 -5.51616 1.26568
      vertex -0.479984 -5.47998 1.26568
      vertex -0.519244 -5.51924 1.3212
    endloop
  endfacet
  facet normal 0.360928 0.540309 0.76013
    outer loop
      vertex -0.354671 -5.57877 1.26568
      vertex -0.323475 -5.52786 1.21468
      vertex -0.363894 -5.50086 1.21468
    endloop
  endfacet
  facet normal 0.318378 0.690879 0.649094
    outer loop
      vertex -0.281013 -5.67842 1.3212
      vertex -0.333375 -5.65429 1.3212
      vertex -0.356526 -5.69972 1.38091
    endloop
  endfacet
  facet normal 0.138013 0.693759 0.70686
    outer loop
      vertex -0.114873 -5.72528 1.3212
      vertex -0.158463 -5.66004 1.26568
      vertex -0.171424 -5.71403 1.3212
    endloop
  endfacet
  facet normal 0.191912 0.680821 0.706861
    outer loop
      vertex -0.171424 -5.71403 1.3212
      vertex -0.158463 -5.66004 1.26568
      vertex -0.209761 -5.64558 1.26568
    endloop
  endfacet
  facet normal 0.470902 0.597418 0.649109
    outer loop
      vertex -0.461597 -5.63533 1.38091
      vertex -0.431623 -5.59408 1.3212
      vertex -0.510022 -5.59716 1.38091
    endloop
  endfacet
  facet normal 0.470943 0.597333 0.649158
    outer loop
      vertex -0.431623 -5.59408 1.3212
      vertex -0.476904 -5.55838 1.3212
      vertex -0.510022 -5.59716 1.38091
    endloop
  endfacet
  facet normal 0.800107 0.295184 0.522202
    outer loop
      vertex -0.803479 -5.32081 1.5
      vertex -0.768177 -5.31819 1.44443
      vertex -0.790774 -5.25694 1.44443
    endloop
  endfacet
  facet normal 0.800118 0.295145 0.522207
    outer loop
      vertex -0.768177 -5.31819 1.44443
      vertex -0.803479 -5.32081 1.5
      vertex -0.799639 -5.33122 1.5
    endloop
  endfacet
  facet normal 0.597363 0.470925 0.649144
    outer loop
      vertex -0.558383 -5.4769 1.3212
      vertex -0.594079 -5.43162 1.3212
      vertex -0.597159 -5.51002 1.38091
    endloop
  endfacet
  facet normal 0.558574 0.516335 0.649148
    outer loop
      vertex -0.555303 -5.5553 1.38091
      vertex -0.519244 -5.51924 1.3212
      vertex -0.597159 -5.51002 1.38091
    endloop
  endfacet
  facet normal 0.516355 0.558554 0.649149
    outer loop
      vertex -0.510022 -5.59716 1.38091
      vertex -0.519244 -5.51924 1.3212
      vertex -0.555303 -5.5553 1.38091
    endloop
  endfacet
  facet normal 0.578877 0.626222 0.522253
    outer loop
      vertex -0.562112 -5.65815 1.5
      vertex -0.539996 -5.63225 1.44443
      vertex -0.603869 -5.61955 1.5
    endloop
  endfacet
  facet normal 0.114684 0.576777 0.808811
    outer loop
      vertex -0.0968475 -5.61147 1.21468
      vertex -0.0869102 -5.54873 1.16853
      vertex -0.144525 -5.60199 1.21468
    endloop
  endfacet
  facet normal 0.323658 0.41059 0.852444
    outer loop
      vertex -0.287204 -5.3953 1.1275
      vertex -0.317333 -5.37155 1.1275
      vertex -0.360813 -5.42246 1.16853
    endloop
  endfacet
  facet normal 0.412472 0.19017 0.8909
    outer loop
      vertex -0.435364 -5.22183 1.1275
      vertex -0.373028 -5.19007 1.09186
      vertex -0.451427 -5.18699 1.1275
    endloop
  endfacet
  facet normal 0.25996 0.28118 0.923774
    outer loop
      vertex -0.224785 -5.26319 1.06181
      vertex -0.244741 -5.24474 1.06181
      vertex -0.296037 -5.29604 1.09186
    endloop
  endfacet
  facet normal 0.287389 0.513054 0.808816
    outer loop
      vertex -0.281062 -5.55162 1.21468
      vertex -0.252223 -5.49502 1.16853
      vertex -0.290284 -5.4737 1.16853
    endloop
  endfacet
  facet normal 0.224825 0.609607 0.760153
    outer loop
      vertex -0.209761 -5.64558 1.26568
      vertex -0.19131 -5.58879 1.21468
      vertex -0.236917 -5.57197 1.21468
    endloop
  endfacet
  facet normal 0.345707 0.617137 0.706844
    outer loop
      vertex -0.333375 -5.65429 1.3212
      vertex -0.308168 -5.60482 1.26568
      vertex -0.354671 -5.57877 1.26568
    endloop
  endfacet
  facet normal 0.345696 0.617137 0.706849
    outer loop
      vertex -0.333375 -5.65429 1.3212
      vertex -0.354671 -5.57877 1.26568
      vertex -0.383682 -5.62611 1.3212
    endloop
  endfacet
  facet normal 0.360989 0.540301 0.760107
    outer loop
      vertex -0.354671 -5.57877 1.26568
      vertex -0.363894 -5.50086 1.21468
      vertex -0.398989 -5.54916 1.26568
    endloop
  endfacet
  facet normal 0.402329 0.510263 0.760107
    outer loop
      vertex -0.398989 -5.54916 1.26568
      vertex -0.363894 -5.50086 1.21468
      vertex -0.402069 -5.47076 1.21468
    endloop
  endfacet
  facet normal 0.706822 -0.0277765 0.706846
    outer loop
      vertex -0.678801 -5 1.26568
      vertex -0.676708 -4.94674 1.26568
      vertex -0.732059 -4.94239 1.3212
    endloop
  endfacet
  facet normal 0.755393 -0.0894044 0.649144
    outer loop
      vertex -0.732059 -4.94239 1.3212
      vertex -0.725282 -4.88513 1.3212
      vertex -0.782896 -4.93838 1.38091
    endloop
  endfacet
  facet normal 0.793667 0.157878 0.587509
    outer loop
      vertex -0.808496 -5.1941 1.44443
      vertex -0.763618 -5.18333 1.38091
      vertex -0.821233 -5.13007 1.44443
    endloop
  endfacet
  facet normal 0.803604 0.0951098 0.587516
    outer loop
      vertex -0.775648 -5.12285 1.38091
      vertex -0.782896 -5.06161 1.38091
      vertex -0.821233 -5.13007 1.44443
    endloop
  endfacet
  facet normal 0.383962 0.354844 0.852443
    outer loop
      vertex -0.345507 -5.34551 1.1275
      vertex -0.37155 -5.31733 1.1275
      vertex -0.422459 -5.36081 1.16853
    endloop
  endfacet
  facet normal 0.590078 0.272059 0.760126
    outer loop
      vertex -0.551617 -5.28106 1.21468
      vertex -0.571968 -5.23692 1.21468
      vertex -0.62713 -5.25977 1.26568
    endloop
  endfacet
  facet normal 0.519206 0.061449 0.852437
    outer loop
      vertex -0.54873 -5.08691 1.16853
      vertex -0.487115 -5.03834 1.1275
      vertex -0.553857 -5.04359 1.16853
    endloop
  endfacet
  facet normal 0.453843 0.017827 0.890903
    outer loop
      vertex -0.487115 -5.03834 1.1275
      vertex -0.418659 -5 1.09186
      vertex -0.488621 -5 1.1275
    endloop
  endfacet
  facet normal 0.453843 -0.017827 0.890903
    outer loop
      vertex -0.418659 -5 1.09186
      vertex -0.487115 -4.96166 1.1275
      vertex -0.488621 -5 1.1275
    endloop
  endfacet
  facet normal 0.382661 0.0150331 0.923767
    outer loop
      vertex -0.34505 -5.02716 1.06181
      vertex -0.346117 -5 1.06181
      vertex -0.417369 -5.03285 1.09186
    endloop
  endfacet
  facet normal 0.0736616 0.027168 0.996913
    outer loop
      vertex -0.10859 -5.04498 1.00693
      vertex -0.0373383 -5.01213 1.00077
      vertex -0.111784 -5.03632 1.00693
    endloop
  endfacet
  facet normal 0.303363 0.0603245 0.950964
    outer loop
      vertex -0.26394 -5.06337 1.03754
      vertex -0.268098 -5.04246 1.03754
      vertex -0.336554 -5.0808 1.06181
    endloop
  endfacet
  facet normal 0.280905 0.129492 0.95096
    outer loop
      vertex -0.308393 -5.15713 1.06181
      vertex -0.250778 -5.10388 1.03754
      vertex -0.31977 -5.13245 1.06181
    endloop
  endfacet
  facet normal 0.461759 0.364109 0.808829
    outer loop
      vertex -0.422459 -5.36081 1.16853
      vertex -0.449466 -5.32656 1.16853
      vertex -0.470762 -5.40207 1.21468
    endloop
  endfacet
  facet normal 0.0213901 -0.07555 0.996913
    outer loop
      vertex -0.0121317 -4.96266 1.00077
      vertex -0.00916481 -4.96182 1.00077
      vertex -0.0274382 -4.88571 1.00693
    endloop
  endfacet
  facet normal 0.233435 0.00917302 0.972329
    outer loop
      vertex -0.270603 -5.0213 1.03754
      vertex -0.19509 -5 1.01921
      vertex -0.27144 -5 1.03754
    endloop
  endfacet
  facet normal -0.0425038 -0.150632 0.987676
    outer loop
      vertex 0.0602856 -4.81446 1.01921
      vertex 0.0455427 -4.8103 1.01921
      vertex 0.0274382 -4.88571 1.00693
    endloop
  endfacet
  facet normal -0.155426 -0.0183732 0.987677
    outer loop
      vertex 0.117174 -4.99078 1.00693
      vertex 0.194489 -4.98469 1.01921
      vertex 0.11609 -4.98161 1.00693
    endloop
  endfacet
  facet normal 0.269884 0.151098 0.950964
    outer loop
      vertex -0.295113 -5.18085 1.06181
      vertex -0.231441 -5.14183 1.03754
      vertex -0.308393 -5.15713 1.06181
    endloop
  endfacet
  facet normal 0.218836 0.474776 0.852466
    outer loop
      vertex -0.212607 -5.51328 1.16853
      vertex -0.221828 -5.43536 1.1275
      vertex -0.252223 -5.49502 1.16853
    endloop
  endfacet
  facet normal 0.0363061 0.307156 0.950966
    outer loop
      vertex -0.0271559 -5.34505 1.06181
      vertex -0.0424623 -5.2681 1.03754
      vertex -0.0541439 -5.34186 1.06181
    endloop
  endfacet
  facet normal 0.399171 0.431848 0.808808
    outer loop
      vertex -0.360813 -5.42246 1.16853
      vertex -0.392847 -5.39285 1.16853
      vertex -0.402069 -5.47076 1.21468
    endloop
  endfacet
  facet normal 0.237079 0.300758 0.923763
    outer loop
      vertex -0.246081 -5.3387 1.09186
      vertex -0.224785 -5.26319 1.06181
      vertex -0.271897 -5.31835 1.09186
    endloop
  endfacet
  facet normal -0.160358 0.347771 0.923765
    outer loop
      vertex 0.160213 -5.38679 1.09186
      vertex 0.157133 -5.30839 1.06181
      vertex 0.132453 -5.31977 1.06181
    endloop
  endfacet
  facet normal 0.171534 0.158589 0.97233
    outer loop
      vertex -0.191936 -5.19194 1.03754
      vertex -0.137949 -5.13795 1.01921
      vertex -0.206405 -5.17629 1.03754
    endloop
  endfacet
  facet normal -0.183466 0.144614 0.972331
    outer loop
      vertex 0.206405 -5.17629 1.03754
      vertex 0.2196 -5.15955 1.03754
      vertex 0.157831 -5.11467 1.01921
    endloop
  endfacet
  facet normal -0.219179 0.0808536 0.972329
    outer loop
      vertex 0.258155 -5.08388 1.03754
      vertex 0.185541 -5.06029 1.01921
      vertex 0.18024 -5.07466 1.01921
    endloop
  endfacet
  facet normal -0.583986 0.0691155 0.808816
    outer loop
      vertex 0.611471 -5.09685 1.21468
      vertex 0.617185 -5.04857 1.21468
      vertex 0.54873 -5.08691 1.16853
    endloop
  endfacet
  facet normal -0.375602 0.0747127 0.923765
    outer loop
      vertex 0.407092 -5.09773 1.09186
      vertex 0.413505 -5.06549 1.09186
      vertex 0.336554 -5.0808 1.06181
    endloop
  endfacet
  facet normal -0.680817 -0.192009 0.706839
    outer loop
      vertex 0.660045 -4.84154 1.26568
      vertex 0.714032 -4.82858 1.3212
      vertex 0.645577 -4.79024 1.26568
    endloop
  endfacet
  facet normal -0.565973 -0.15964 0.80882
    outer loop
      vertex 0.540219 -4.8703 1.16853
      vertex 0.601988 -4.85547 1.21468
      vertex 0.528378 -4.82832 1.16853
    endloop
  endfacet
  facet normal -0.645268 0.0763642 0.76013
    outer loop
      vertex 0.670444 -5.10619 1.26568
      vertex 0.676708 -5.05326 1.26568
      vertex 0.611471 -5.09685 1.21468
    endloop
  endfacet
  facet normal -0.808585 0.0317607 0.587522
    outer loop
      vertex 0.83147 -5 1.44443
      vertex 0.785316 -5 1.38091
      vertex 0.782896 -5.06161 1.38091
    endloop
  endfacet
  facet normal -0.290202 -0.107041 0.95096
    outer loop
      vertex 0.258155 -4.91612 1.03754
      vertex 0.31977 -4.86755 1.06181
      vertex 0.250778 -4.89612 1.03754
    endloop
  endfacet
  facet normal -0.490516 -0.180919 0.852445
    outer loop
      vertex 0.464705 -4.84901 1.1275
      vertex 0.528378 -4.82832 1.16853
      vertex 0.451427 -4.81301 1.1275
    endloop
  endfacet
  facet normal -0.0383624 0.0684977 0.996913
    outer loop
      vertex 0.05336 -5.10473 1.00693
      vertex 0.0614128 -5.10022 1.00693
      vertex 0.0178232 -5.03498 1.00077
    endloop
  endfacet
  facet normal -0.287415 0.513052 0.808808
    outer loop
      vertex 0.323475 -5.52786 1.21468
      vertex 0.290284 -5.4737 1.16853
      vertex 0.281062 -5.55162 1.21468
    endloop
  endfacet
  facet normal -0.106973 0.290227 0.95096
    outer loop
      vertex 0.132453 -5.31977 1.06181
      vertex 0.103875 -5.25078 1.03754
      vertex 0.0838795 -5.25815 1.03754
    endloop
  endfacet
  facet normal -0.0362792 0.307152 0.950969
    outer loop
      vertex 0.0271559 -5.34505 1.06181
      vertex 0.0424623 -5.2681 1.03754
      vertex 0.0212965 -5.2706 1.03754
    endloop
  endfacet
  facet normal 0.0178763 0.453853 0.890897
    outer loop
      vertex 0 -5.48862 1.1275
      vertex 0 -5.41866 1.09186
      vertex -0.0383368 -5.48711 1.1275
    endloop
  endfacet
  facet normal -0.0231076 0.587653 0.808783
    outer loop
      vertex 0.0485735 -5.61718 1.21468
      vertex 0.0435886 -5.55386 1.16853
      vertex 0 -5.61909 1.21468
    endloop
  endfacet
  facet normal -0.114684 0.576777 0.808811
    outer loop
      vertex 0.0968475 -5.61147 1.21468
      vertex 0.144525 -5.60199 1.21468
      vertex 0.0869102 -5.54873 1.16853
    endloop
  endfacet
  facet normal 0.0150773 0.382653 0.923769
    outer loop
      vertex 0 -5.34612 1.06181
      vertex -0.0271559 -5.34505 1.06181
      vertex -0.0328474 -5.41737 1.09186
    endloop
  endfacet
  facet normal -0.356715 0.281159 0.890901
    outer loop
      vertex 0.395303 -5.2872 1.1275
      vertex 0.338702 -5.24608 1.09186
      vertex 0.318351 -5.2719 1.09186
    endloop
  endfacet
  facet normal -0.354882 0.383934 0.852439
    outer loop
      vertex 0.360813 -5.42246 1.16853
      vertex 0.392847 -5.39285 1.16853
      vertex 0.345507 -5.34551 1.1275
    endloop
  endfacet
  facet normal -0.272028 0.590107 0.760115
    outer loop
      vertex 0.259766 -5.62713 1.26568
      vertex 0.281062 -5.55162 1.21468
      vertex 0.236917 -5.57197 1.21468
    endloop
  endfacet
  facet normal -0.317569 0.566879 0.760131
    outer loop
      vertex 0.354671 -5.57877 1.26568
      vertex 0.323475 -5.52786 1.21468
      vertex 0.281062 -5.55162 1.21468
    endloop
  endfacet
  facet normal -0.244874 0.663662 0.706816
    outer loop
      vertex 0.226917 -5.69838 1.3212
      vertex 0.281013 -5.67842 1.3212
      vertex 0.209761 -5.64558 1.26568
    endloop
  endfacet
  facet normal -0.159689 0.565989 0.808799
    outer loop
      vertex 0.19131 -5.58879 1.21468
      vertex 0.17168 -5.52838 1.16853
      vertex 0.144525 -5.60199 1.21468
    endloop
  endfacet
  facet normal -0.680813 -0.191989 0.706848
    outer loop
      vertex 0.714032 -4.82858 1.3212
      vertex 0.698381 -4.77308 1.3212
      vertex 0.645577 -4.79024 1.26568
    endloop
  endfacet
  facet normal -0.755393 -0.0894044 0.649144
    outer loop
      vertex 0.732059 -4.94239 1.3212
      vertex 0.782896 -4.93838 1.38091
      vertex 0.725282 -4.88513 1.3212
    endloop
  endfacet
  facet normal -0.74604 -0.148416 0.649151
    outer loop
      vertex 0.725282 -4.88513 1.3212
      vertex 0.763618 -4.81667 1.38091
      vertex 0.714032 -4.82858 1.3212
    endloop
  endfacet
  facet normal -0.551716 -0.203521 0.80882
    outer loop
      vertex 0.588793 -4.80869 1.21468
      vertex 0.571968 -4.76308 1.21468
      vertex 0.528378 -4.82832 1.16853
    endloop
  endfacet
  facet normal -0.793665 -0.157867 0.587516
    outer loop
      vertex 0.775648 -4.87715 1.38091
      vertex 0.821233 -4.86993 1.44443
      vertex 0.763618 -4.81667 1.38091
    endloop
  endfacet
  facet normal -0.803602 -0.0951251 0.587516
    outer loop
      vertex 0.782896 -4.93838 1.38091
      vertex 0.821233 -4.86993 1.44443
      vertex 0.775648 -4.87715 1.38091
    endloop
  endfacet
  facet normal -0.820799 -0.23148 0.522212
    outer loop
      vertex 0.808496 -4.8059 1.44443
      vertex 0.838597 -4.78727 1.5
      vertex 0.790774 -4.74306 1.44443
    endloop
  endfacet
  facet normal -0.820798 -0.231483 0.522213
    outer loop
      vertex 0.838597 -4.78727 1.5
      vertex 0.808496 -4.8059 1.44443
      vertex 0.841609 -4.79795 1.5
    endloop
  endfacet
  facet normal -0.808592 0.0317785 0.587511
    outer loop
      vertex 0.828906 -5.06524 1.44443
      vertex 0.83147 -5 1.44443
      vertex 0.782896 -5.06161 1.38091
    endloop
  endfacet
  facet normal -0.7554 0.0894046 0.649136
    outer loop
      vertex 0.775648 -5.12285 1.38091
      vertex 0.782896 -5.06161 1.38091
      vertex 0.725282 -5.11487 1.3212
    endloop
  endfacet
  facet normal -0.422642 0.632482 0.649107
    outer loop
      vertex 0.461597 -5.63533 1.38091
      vertex 0.431623 -5.59408 1.3212
      vertex 0.410327 -5.66959 1.38091
    endloop
  endfacet
  facet normal -0.422576 0.632491 0.649142
    outer loop
      vertex 0.410327 -5.66959 1.38091
      vertex 0.431623 -5.59408 1.3212
      vertex 0.383682 -5.62611 1.3212
    endloop
  endfacet
  facet normal -0.551722 0.203516 0.808817
    outer loop
      vertex 0.571968 -5.23692 1.21468
      vertex 0.528378 -5.17168 1.16853
      vertex 0.51328 -5.21261 1.16853
    endloop
  endfacet
  facet normal -0.441078 0.477152 0.760116
    outer loop
      vertex 0.440845 -5.51616 1.26568
      vertex 0.479984 -5.47998 1.26568
      vertex 0.402069 -5.47076 1.21468
    endloop
  endfacet
  facet normal -0.500985 0.635477 0.587523
    outer loop
      vertex 0.488725 -5.67267 1.44443
      vertex 0.539996 -5.63225 1.44443
      vertex 0.461597 -5.63533 1.38091
    endloop
  endfacet
  facet normal -0.474082 0.708895 0.52222
    outer loop
      vertex 0.488725 -5.67267 1.44443
      vertex 0.499516 -5.70639 1.5
      vertex 0.508742 -5.70022 1.5
    endloop
  endfacet
  facet normal -0.473774 0.709068 0.522265
    outer loop
      vertex 0.499516 -5.70639 1.5
      vertex 0.488725 -5.67267 1.44443
      vertex 0.434442 -5.70894 1.44443
    endloop
  endfacet
  facet normal -0.416698 0.744087 0.522204
    outer loop
      vertex 0.377479 -5.74084 1.44443
      vertex 0.40262 -5.76576 1.5
      vertex 0.434442 -5.70894 1.44443
    endloop
  endfacet
  facet normal -0.417175 0.743769 0.522277
    outer loop
      vertex 0.40262 -5.76576 1.5
      vertex 0.377479 -5.74084 1.44443
      vertex 0.392939 -5.77119 1.5
    endloop
  endfacet
  facet normal -0.263312 0.713633 0.64915
    outer loop
      vertex 0.242676 -5.74688 1.38091
      vertex 0.281013 -5.67842 1.3212
      vertex 0.226917 -5.69838 1.3212
    endloop
  endfacet
  facet normal -0.206498 0.732094 0.649151
    outer loop
      vertex 0.242676 -5.74688 1.38091
      vertex 0.226917 -5.69838 1.3212
      vertex 0.183328 -5.76362 1.38091
    endloop
  endfacet
  facet normal 0.0254788 0.649258 0.760141
    outer loop
      vertex 0 -5.6788 1.26568
      vertex 0 -5.61909 1.21468
      vertex -0.0532579 -5.67671 1.26568
    endloop
  endfacet
  facet normal 0.0204933 0.522382 0.852465
    outer loop
      vertex 0 -5.55557 1.16853
      vertex -0.0383368 -5.48711 1.1275
      vertex -0.0435886 -5.55386 1.16853
    endloop
  endfacet
  facet normal -0.0894334 0.755373 0.649163
    outer loop
      vertex 0.12285 -5.77565 1.38091
      vertex 0.114873 -5.72528 1.3212
      vertex 0.061615 -5.7829 1.38091
    endloop
  endfacet
  facet normal -0.0832103 0.702445 0.706858
    outer loop
      vertex 0.114873 -5.72528 1.3212
      vertex 0.106188 -5.67044 1.26568
      vertex 0.0532579 -5.67671 1.26568
    endloop
  endfacet
  facet normal -0.0298525 0.760067 0.649159
    outer loop
      vertex 0.061615 -5.7829 1.38091
      vertex 0.0576134 -5.73206 1.3212
      vertex 0 -5.78532 1.38091
    endloop
  endfacet
  facet normal -0.031759 0.808609 0.587489
    outer loop
      vertex 0.061615 -5.7829 1.38091
      vertex 0 -5.78532 1.38091
      vertex 0 -5.83147 1.44443
    endloop
  endfacet
  facet normal 0.148398 0.746034 0.649162
    outer loop
      vertex -0.12285 -5.77565 1.38091
      vertex -0.114873 -5.72528 1.3212
      vertex -0.183328 -5.76362 1.38091
    endloop
  endfacet
  facet normal -0.0334452 0.852186 0.522169
    outer loop
      vertex 0.0568205 -5.86329 1.5
      vertex 0 -5.83147 1.44443
      vertex 0 -5.86552 1.5
    endloop
  endfacet
  facet normal 0.1663 0.836489 0.522141
    outer loop
      vertex -0.194102 -5.8085 1.44443
      vertex -0.19117 -5.84377 1.5
      vertex -0.13007 -5.82123 1.44443
    endloop
  endfacet
  facet normal 0.166043 0.836519 0.522174
    outer loop
      vertex -0.19117 -5.84377 1.5
      vertex -0.194102 -5.8085 1.44443
      vertex -0.202052 -5.84161 1.5
    endloop
  endfacet
  facet normal 0.295143 0.800097 0.522241
    outer loop
      vertex -0.267461 -5.82316 1.5
      vertex -0.256938 -5.79077 1.44443
      vertex -0.320811 -5.80348 1.5
    endloop
  endfacet
  facet normal 0.263312 0.713633 0.64915
    outer loop
      vertex -0.242676 -5.74688 1.38091
      vertex -0.226917 -5.69838 1.3212
      vertex -0.281013 -5.67842 1.3212
    endloop
  endfacet
  facet normal 0.263236 0.713625 0.649189
    outer loop
      vertex -0.242676 -5.74688 1.38091
      vertex -0.281013 -5.67842 1.3212
      vertex -0.300528 -5.72554 1.38091
    endloop
  endfacet
  facet normal -0.734893 0.338777 0.587506
    outer loop
      vertex 0.740845 -5.37748 1.44443
      vertex 0.768177 -5.31819 1.44443
      vertex 0.699722 -5.35653 1.38091
    endloop
  endfacet
  facet normal -0.744073 0.416732 0.522198
    outer loop
      vertex 0.73798 -5.45223 1.5
      vertex 0.765765 -5.40262 1.5
      vertex 0.708944 -5.43444 1.44443
    endloop
  endfacet
  facet normal -0.672847 0.449589 0.587492
    outer loop
      vertex 0.708944 -5.43444 1.44443
      vertex 0.669592 -5.41033 1.38091
      vertex 0.635334 -5.4616 1.38091
    endloop
  endfacet
  facet normal -0.632455 0.422599 0.649162
    outer loop
      vertex 0.635334 -5.4616 1.38091
      vertex 0.669592 -5.41033 1.38091
      vertex 0.594079 -5.43162 1.3212
    endloop
  endfacet
  facet normal -0.0951468 0.80363 0.587475
    outer loop
      vertex 0.13007 -5.82123 1.44443
      vertex 0.12285 -5.77565 1.38091
      vertex 0.061615 -5.7829 1.38091
    endloop
  endfacet
  facet normal -0.157878 0.793693 0.587475
    outer loop
      vertex 0.13007 -5.82123 1.44443
      vertex 0.183328 -5.76362 1.38091
      vertex 0.12285 -5.77565 1.38091
    endloop
  endfacet
  facet normal -0.307156 -0.0363622 0.950964
    outer loop
      vertex 0.270603 -4.9787 1.03754
      vertex 0.34505 -4.97284 1.06181
      vertex 0.268098 -4.95754 1.03754
    endloop
  endfacet
  facet normal -0.280905 0.129492 0.95096
    outer loop
      vertex 0.308393 -5.15713 1.06181
      vertex 0.31977 -5.13245 1.06181
      vertex 0.250778 -5.10388 1.03754
    endloop
  endfacet
  facet normal -0.150643 -0.0424661 0.987676
    outer loop
      vertex 0.189699 -4.95446 1.01921
      vertex 0.185541 -4.93971 1.01921
      vertex 0.114289 -4.97256 1.00693
    endloop
  endfacet
  facet normal -0.156392 -0.00615729 0.987676
    outer loop
      vertex 0.117537 -5 1.00693
      vertex 0.19509 -5 1.01921
      vertex 0.117174 -4.99078 1.00693
    endloop
  endfacet
  facet normal 0.0654754 0.142161 0.987676
    outer loop
      vertex -0.0449791 -5.10859 1.00693
      vertex -0.05336 -5.10473 1.00693
      vertex -0.0885687 -5.17383 1.01921
    endloop
  endfacet
  facet normal -0.078451 0.00308869 0.996913
    outer loop
      vertex 0.117174 -5.00922 1.00693
      vertex 0.117537 -5 1.00693
      vertex 0.039259 -5 1.00077
    endloop
  endfacet
  facet normal -0.146838 0.0541677 0.987676
    outer loop
      vertex 0.18024 -5.07466 1.01921
      vertex 0.185541 -5.06029 1.01921
      vertex 0.10859 -5.04498 1.00693
    endloop
  endfacet
  facet normal -0.130143 0.0869428 0.987676
    outer loop
      vertex 0.157831 -5.11467 1.01921
      vertex 0.166342 -5.10193 1.01921
      vertex 0.100217 -5.06141 1.00693
    endloop
  endfacet
  facet normal -0.142129 0.0655367 0.987676
    outer loop
      vertex 0.173826 -5.08857 1.01921
      vertex 0.18024 -5.07466 1.01921
      vertex 0.10859 -5.04498 1.00693
    endloop
  endfacet
  facet normal -0.0652955 -0.0435984 0.996913
    outer loop
      vertex 0.100217 -4.93859 1.00693
      vertex 0.095089 -4.93091 1.00693
      vertex 0.0317612 -4.97692 1.00077
    endloop
  endfacet
  facet normal -0.00305745 0.0784596 0.996913
    outer loop
      vertex 0.00922108 -5.11717 1.00693
      vertex 0.00307941 -5.03914 1.00077
      vertex 0 -5.03926 1.00077
    endloop
  endfacet
  facet normal 0.183466 0.144614 0.972331
    outer loop
      vertex -0.206405 -5.17629 1.03754
      vertex -0.157831 -5.11467 1.01921
      vertex -0.2196 -5.15955 1.03754
    endloop
  endfacet
  facet normal -0.158594 -0.171528 0.97233
    outer loop
      vertex 0.191936 -4.80806 1.03754
      vertex 0.176286 -4.79359 1.03754
      vertex 0.137949 -4.86205 1.01921
    endloop
  endfacet
  facet normal -0.142129 -0.0655367 0.987676
    outer loop
      vertex 0.18024 -4.92534 1.01921
      vertex 0.173826 -4.91143 1.01921
      vertex 0.10859 -4.95502 1.00693
    endloop
  endfacet
  facet normal -0.356715 -0.281159 0.890901
    outer loop
      vertex 0.338702 -4.75392 1.09186
      vertex 0.395303 -4.7128 1.1275
      vertex 0.318351 -4.7281 1.09186
    endloop
  endfacet
  facet normal -0.171836 -0.257188 0.950961
    outer loop
      vertex 0.159548 -4.7804 1.03754
      vertex 0.180845 -4.70489 1.06181
      vertex 0.141827 -4.76856 1.03754
    endloop
  endfacet
  facet normal -0.512786 -0.101994 0.852437
    outer loop
      vertex 0.54873 -4.91309 1.16853
      vertex 0.540219 -4.8703 1.16853
      vertex 0.475121 -4.88593 1.1275
    endloop
  endfacet
  facet normal -0.219179 -0.0808536 0.972329
    outer loop
      vertex 0.185541 -4.93971 1.01921
      vertex 0.258155 -4.91612 1.03754
      vertex 0.18024 -4.92534 1.01921
    endloop
  endfacet
  facet normal 0.107094 -0.290178 0.950961
    outer loop
      vertex -0.0838795 -4.74184 1.03754
      vertex -0.106956 -4.67082 1.06181
      vertex -0.132453 -4.68023 1.06181
    endloop
  endfacet
  facet normal 0.151209 -0.269854 0.950955
    outer loop
      vertex -0.141827 -4.76856 1.03754
      vertex -0.123231 -4.75814 1.03754
      vertex -0.157133 -4.69161 1.06181
    endloop
  endfacet
  facet normal -0.635448 -0.500996 0.587545
    outer loop
      vertex 0.635334 -4.5384 1.38091
      vertex 0.632254 -4.46 1.44443
      vertex 0.597159 -4.48998 1.38091
    endloop
  endfacet
  facet normal -0.635486 -0.500977 0.58752
    outer loop
      vertex 0.635334 -4.5384 1.38091
      vertex 0.672672 -4.51127 1.44443
      vertex 0.632254 -4.46 1.44443
    endloop
  endfacet
  facet normal -0.669705 -0.528054 0.522163
    outer loop
      vertex 0.693354 -4.48254 1.5
      vertex 0.658148 -4.43789 1.5
      vertex 0.632254 -4.46 1.44443
    endloop
  endfacet
  facet normal -0.709057 -0.473799 0.522257
    outer loop
      vertex 0.708944 -4.56556 1.44443
      vertex 0.73798 -4.54776 1.5
      vertex 0.706387 -4.50048 1.5
    endloop
  endfacet
  facet normal -0.713639 -0.2633 0.649147
    outer loop
      vertex 0.746881 -4.75732 1.38091
      vertex 0.725537 -4.69947 1.38091
      vertex 0.678425 -4.71899 1.3212
    endloop
  endfacet
  facet normal 0.231472 -0.820811 0.522197
    outer loop
      vertex -0.194102 -4.1915 1.44443
      vertex -0.212731 -4.1614 1.5
      vertex -0.256938 -4.20922 1.44443
    endloop
  endfacet
  facet normal 0.231366 -0.82085 0.522183
    outer loop
      vertex -0.212731 -4.1614 1.5
      vertex -0.194102 -4.1915 1.44443
      vertex -0.202052 -4.15839 1.5
    endloop
  endfacet
  facet normal 0.0832103 -0.702445 0.706858
    outer loop
      vertex -0.106188 -4.32956 1.26568
      vertex -0.0532579 -4.32329 1.26568
      vertex -0.114873 -4.27472 1.3212
    endloop
  endfacet
  facet normal 0.138025 -0.69382 0.706797
    outer loop
      vertex -0.158463 -4.33995 1.26568
      vertex -0.114873 -4.27472 1.3212
      vertex -0.171424 -4.28597 1.3212
    endloop
  endfacet
  facet normal -0.551722 -0.203516 0.808817
    outer loop
      vertex 0.528378 -4.82832 1.16853
      vertex 0.571968 -4.76308 1.21468
      vertex 0.51328 -4.78739 1.16853
    endloop
  endfacet
  facet normal -0.534033 -0.246219 0.808817
    outer loop
      vertex 0.571968 -4.76308 1.21468
      vertex 0.551617 -4.71894 1.21468
      vertex 0.51328 -4.78739 1.16853
    endloop
  endfacet
  facet normal -0.663676 -0.244808 0.706826
    outer loop
      vertex 0.645577 -4.79024 1.26568
      vertex 0.678425 -4.71899 1.3212
      vertex 0.62713 -4.74023 1.26568
    endloop
  endfacet
  facet normal -0.62538 -0.176398 0.76012
    outer loop
      vertex 0.601988 -4.85547 1.21468
      vertex 0.645577 -4.79024 1.26568
      vertex 0.588793 -4.80869 1.21468
    endloop
  endfacet
  facet normal -0.114717 -0.576752 0.808824
    outer loop
      vertex 0.129695 -4.45978 1.16853
      vertex 0.144525 -4.39801 1.21468
      vertex 0.0869102 -4.45127 1.16853
    endloop
  endfacet
  facet normal -0.488979 -0.326728 0.808794
    outer loop
      vertex 0.473701 -4.70971 1.16853
      vertex 0.500857 -4.63611 1.21468
      vertex 0.449466 -4.67344 1.16853
    endloop
  endfacet
  facet normal -0.187112 -0.334097 0.923779
    outer loop
      vertex 0.180845 -4.70489 1.06181
      vertex 0.218749 -4.64303 1.09186
      vertex 0.157133 -4.69161 1.06181
    endloop
  endfacet
  facet normal -0.203548 -0.551696 0.808826
    outer loop
      vertex 0.212607 -4.48672 1.16853
      vertex 0.236917 -4.42803 1.21468
      vertex 0.17168 -4.47162 1.16853
    endloop
  endfacet
  facet normal -0.218984 -0.474774 0.852429
    outer loop
      vertex 0.221828 -4.56464 1.1275
      vertex 0.212607 -4.48672 1.16853
      vertex 0.186987 -4.54857 1.1275
    endloop
  endfacet
  facet normal -0.271998 -0.590106 0.760126
    outer loop
      vertex 0.281062 -4.44838 1.21468
      vertex 0.308168 -4.39518 1.26568
      vertex 0.259766 -4.37287 1.26568
    endloop
  endfacet
  facet normal -0.190244 -0.412464 0.890888
    outer loop
      vertex 0.190067 -4.62697 1.09186
      vertex 0.221828 -4.56464 1.1275
      vertex 0.186987 -4.54857 1.1275
    endloop
  endfacet
  facet normal -0.441011 -0.477211 0.760118
    outer loop
      vertex 0.479984 -4.52001 1.26568
      vertex 0.440845 -4.48384 1.26568
      vertex 0.402069 -4.52924 1.21468
    endloop
  endfacet
  facet normal -0.510286 -0.402243 0.760137
    outer loop
      vertex 0.549161 -4.60101 1.26568
      vertex 0.516164 -4.55915 1.26568
      vertex 0.470762 -4.59793 1.21468
    endloop
  endfacet
  facet normal -0.477138 -0.441054 0.760139
    outer loop
      vertex 0.516164 -4.55915 1.26568
      vertex 0.479984 -4.52001 1.26568
      vertex 0.470762 -4.59793 1.21468
    endloop
  endfacet
  facet normal -0.626309 -0.578817 0.522214
    outer loop
      vertex 0.587937 -4.41206 1.44443
      vertex 0.619549 -4.39613 1.5
      vertex 0.612017 -4.38798 1.5
    endloop
  endfacet
  facet normal -0.626236 -0.578909 0.522199
    outer loop
      vertex 0.619549 -4.39613 1.5
      vertex 0.587937 -4.41206 1.44443
      vertex 0.632254 -4.46 1.44443
    endloop
  endfacet
  facet normal 0.0298525 -0.760067 0.649159
    outer loop
      vertex -0.0576134 -4.26794 1.3212
      vertex 0 -4.21468 1.38091
      vertex -0.061615 -4.2171 1.38091
    endloop
  endfacet
  facet normal -0.0894427 -0.755376 0.649158
    outer loop
      vertex 0.114873 -4.27472 1.3212
      vertex 0.061615 -4.2171 1.38091
      vertex 0.0576134 -4.26794 1.3212
    endloop
  endfacet
  facet normal 0.0254788 -0.649258 0.760141
    outer loop
      vertex 0 -4.38091 1.21468
      vertex 0 -4.3212 1.26568
      vertex -0.0532579 -4.32329 1.26568
    endloop
  endfacet
  facet normal 0.031759 -0.808609 0.587489
    outer loop
      vertex 0 -4.21468 1.38091
      vertex 0 -4.16853 1.44443
      vertex -0.061615 -4.2171 1.38091
    endloop
  endfacet
  facet normal -0.0894334 -0.755373 0.649163
    outer loop
      vertex 0.114873 -4.27472 1.3212
      vertex 0.12285 -4.22435 1.38091
      vertex 0.061615 -4.2171 1.38091
    endloop
  endfacet
  facet normal -0.159689 -0.565989 0.808799
    outer loop
      vertex 0.17168 -4.47162 1.16853
      vertex 0.19131 -4.41121 1.21468
      vertex 0.144525 -4.39801 1.21468
    endloop
  endfacet
  facet normal -0.0691962 -0.583982 0.808812
    outer loop
      vertex 0.0869102 -4.45127 1.16853
      vertex 0.0968475 -4.38853 1.21468
      vertex 0.0485735 -4.38281 1.21468
    endloop
  endfacet
  facet normal -0.0764382 -0.645276 0.760116
    outer loop
      vertex 0.0968475 -4.38853 1.21468
      vertex 0.106188 -4.32956 1.26568
      vertex 0.0532579 -4.32329 1.26568
    endloop
  endfacet
  facet normal 0.101992 -0.512776 0.852443
    outer loop
      vertex -0.114066 -4.52488 1.1275
      vertex -0.0869102 -4.45127 1.16853
      vertex -0.129695 -4.45978 1.16853
    endloop
  endfacet
  facet normal -0.0747862 -0.375572 0.923771
    outer loop
      vertex 0.0807991 -4.66345 1.06181
      vertex 0.0977335 -4.59291 1.09186
      vertex 0.0654926 -4.58649 1.09186
    endloop
  endfacet
  facet normal 0.14187 -0.503222 0.852432
    outer loop
      vertex -0.150991 -4.53529 1.1275
      vertex -0.114066 -4.52488 1.1275
      vertex -0.17168 -4.47162 1.16853
    endloop
  endfacet
  facet normal 0.224825 -0.609607 0.760153
    outer loop
      vertex -0.19131 -4.41121 1.21468
      vertex -0.209761 -4.35442 1.26568
      vertex -0.236917 -4.42803 1.21468
    endloop
  endfacet
  facet normal 0.206498 -0.732094 0.649151
    outer loop
      vertex -0.226917 -4.30162 1.3212
      vertex -0.183328 -4.23638 1.38091
      vertex -0.242676 -4.25312 1.38091
    endloop
  endfacet
  facet normal 0.206462 -0.732087 0.64917
    outer loop
      vertex -0.171424 -4.28597 1.3212
      vertex -0.183328 -4.23638 1.38091
      vertex -0.226917 -4.30162 1.3212
    endloop
  endfacet
  facet normal 0.224926 -0.609618 0.760115
    outer loop
      vertex -0.236917 -4.42803 1.21468
      vertex -0.209761 -4.35442 1.26568
      vertex -0.259766 -4.37287 1.26568
    endloop
  endfacet
  facet normal 0.272028 -0.590107 0.760115
    outer loop
      vertex -0.236917 -4.42803 1.21468
      vertex -0.259766 -4.37287 1.26568
      vertex -0.281062 -4.44838 1.21468
    endloop
  endfacet
  facet normal -0.080824 -0.219167 0.972334
    outer loop
      vertex 0.0746574 -4.81976 1.01921
      vertex 0.0838795 -4.74184 1.03754
      vertex 0.0602856 -4.81446 1.01921
    endloop
  endfacet
  facet normal -0.157228 -0.426091 0.890913
    outer loop
      vertex 0.160213 -4.61321 1.09186
      vertex 0.186987 -4.54857 1.1275
      vertex 0.129373 -4.60183 1.09186
    endloop
  endfacet
  facet normal 0.0274033 -0.232005 0.972329
    outer loop
      vertex -0.0305185 -4.80731 1.01921
      vertex -0.0212965 -4.7294 1.03754
      vertex -0.0424623 -4.7319 1.03754
    endloop
  endfacet
  facet normal -0.194235 -0.129793 0.97233
    outer loop
      vertex 0.231441 -4.85817 1.03754
      vertex 0.2196 -4.84045 1.03754
      vertex 0.157831 -4.88533 1.01921
    endloop
  endfacet
  facet normal 0.0363061 -0.307156 0.950966
    outer loop
      vertex -0.0424623 -4.7319 1.03754
      vertex -0.0271559 -4.65495 1.06181
      vertex -0.0541439 -4.65814 1.06181
    endloop
  endfacet
  facet normal 0.102071 -0.512793 0.852423
    outer loop
      vertex -0.076437 -4.51739 1.1275
      vertex -0.0869102 -4.45127 1.16853
      vertex -0.114066 -4.52488 1.1275
    endloop
  endfacet
  facet normal 0.14213 -0.0655356 0.987676
    outer loop
      vertex -0.10859 -4.95502 1.00693
      vertex -0.104726 -4.94664 1.00693
      vertex -0.173826 -4.91143 1.01921
    endloop
  endfacet
  facet normal 0.0764782 -0.136555 0.987676
    outer loop
      vertex -0.0614128 -4.89978 1.00693
      vertex -0.05336 -4.89527 1.00693
      vertex -0.0885687 -4.82617 1.01921
    endloop
  endfacet
  facet normal 0.334157 -0.187083 0.923763
    outer loop
      vertex -0.308393 -4.84287 1.06181
      vertex -0.295113 -4.81915 1.06181
      vertex -0.356966 -4.78125 1.09186
    endloop
  endfacet
  facet normal 0.281154 -0.259987 0.923774
    outer loop
      vertex -0.263189 -4.77521 1.06181
      vertex -0.244741 -4.75526 1.06181
      vertex -0.296037 -4.70396 1.09186
    endloop
  endfacet
  facet normal 0.158594 -0.171528 0.97233
    outer loop
      vertex -0.137949 -4.86205 1.01921
      vertex -0.176286 -4.79359 1.03754
      vertex -0.191936 -4.80806 1.03754
    endloop
  endfacet
  facet normal 0.227092 -0.209994 0.950964
    outer loop
      vertex -0.206405 -4.82371 1.03754
      vertex -0.244741 -4.75526 1.06181
      vertex -0.263189 -4.77521 1.06181
    endloop
  endfacet
  facet normal 0.368585 -0.103947 0.923764
    outer loop
      vertex -0.336554 -4.9192 1.06181
      vertex -0.398169 -4.87063 1.09186
      vertex -0.407092 -4.90227 1.09186
    endloop
  endfacet
  facet normal 0.426139 -0.157174 0.8909
    outer loop
      vertex -0.398169 -4.87063 1.09186
      vertex -0.451427 -4.81301 1.1275
      vertex -0.464705 -4.84901 1.1275
    endloop
  endfacet
  facet normal 0.412472 -0.19017 0.8909
    outer loop
      vertex -0.373028 -4.80993 1.09186
      vertex -0.435364 -4.77817 1.1275
      vertex -0.451427 -4.81301 1.1275
    endloop
  endfacet
  facet normal 0.396283 -0.221964 0.890894
    outer loop
      vertex -0.356966 -4.78125 1.09186
      vertex -0.416617 -4.7447 1.1275
      vertex -0.435364 -4.77817 1.1275
    endloop
  endfacet
  facet normal 0.103912 -0.36858 0.92377
    outer loop
      vertex -0.0807991 -4.66345 1.06181
      vertex -0.0977335 -4.59291 1.09186
      vertex -0.129373 -4.60183 1.09186
    endloop
  endfacet
  facet normal 0.212814 -0.31837 0.92377
    outer loop
      vertex -0.203442 -4.71999 1.06181
      vertex -0.218749 -4.64303 1.09186
      vertex -0.246081 -4.6613 1.09186
    endloop
  endfacet
  facet normal 0.326656 -0.489004 0.808808
    outer loop
      vertex -0.290284 -4.5263 1.16853
      vertex -0.323475 -4.47214 1.21468
      vertex -0.363894 -4.49914 1.21468
    endloop
  endfacet
  facet normal 0.290404 -0.434719 0.852459
    outer loop
      vertex -0.287204 -4.6047 1.1275
      vertex -0.290284 -4.5263 1.16853
      vertex -0.326555 -4.55053 1.16853
    endloop
  endfacet
  facet normal 0.255488 -0.456103 0.852465
    outer loop
      vertex -0.221828 -4.56464 1.1275
      vertex -0.252223 -4.50498 1.16853
      vertex -0.290284 -4.5263 1.16853
    endloop
  endfacet
  facet normal 0.287389 -0.513054 0.808816
    outer loop
      vertex -0.252223 -4.50498 1.16853
      vertex -0.281062 -4.44838 1.21468
      vertex -0.290284 -4.5263 1.16853
    endloop
  endfacet
  facet normal 0.132597 -0.359279 0.923762
    outer loop
      vertex -0.106956 -4.67082 1.06181
      vertex -0.129373 -4.60183 1.09186
      vertex -0.132453 -4.68023 1.06181
    endloop
  endfacet
  facet normal 0.157228 -0.426091 0.890913
    outer loop
      vertex -0.160213 -4.61321 1.09186
      vertex -0.129373 -4.60183 1.09186
      vertex -0.186987 -4.54857 1.1275
    endloop
  endfacet
  facet normal 0.180977 -0.490519 0.852431
    outer loop
      vertex -0.186987 -4.54857 1.1275
      vertex -0.17168 -4.47162 1.16853
      vertex -0.212607 -4.48672 1.16853
    endloop
  endfacet
  facet normal 0.159608 -0.565975 0.808825
    outer loop
      vertex -0.129695 -4.45978 1.16853
      vertex -0.144525 -4.39801 1.21468
      vertex -0.17168 -4.47162 1.16853
    endloop
  endfacet
  facet normal -0.626292 0.578885 0.522159
    outer loop
      vertex 0.658148 -5.56211 1.5
      vertex 0.632254 -5.54 1.44443
      vertex 0.619549 -5.60387 1.5
    endloop
  endfacet
  facet normal -0.549302 0.594194 0.587538
    outer loop
      vertex 0.587937 -5.58794 1.44443
      vertex 0.555303 -5.5553 1.38091
      vertex 0.510022 -5.59716 1.38091
    endloop
  endfacet
  facet normal -0.516355 0.558554 0.649149
    outer loop
      vertex 0.555303 -5.5553 1.38091
      vertex 0.519244 -5.51924 1.3212
      vertex 0.510022 -5.59716 1.38091
    endloop
  endfacet
  facet normal -0.576759 0.114735 0.808817
    outer loop
      vertex 0.601988 -5.14452 1.21468
      vertex 0.611471 -5.09685 1.21468
      vertex 0.54873 -5.08691 1.16853
    endloop
  endfacet
  facet normal -0.734893 0.338772 0.587508
    outer loop
      vertex 0.768177 -5.31819 1.44443
      vertex 0.725537 -5.30053 1.38091
      vertex 0.699722 -5.35653 1.38091
    endloop
  endfacet
  facet normal -0.800107 0.295184 0.522202
    outer loop
      vertex 0.768177 -5.31819 1.44443
      vertex 0.803479 -5.32081 1.5
      vertex 0.790774 -5.25694 1.44443
    endloop
  endfacet
  facet normal -0.800118 0.295145 0.522207
    outer loop
      vertex 0.803479 -5.32081 1.5
      vertex 0.768177 -5.31819 1.44443
      vertex 0.799639 -5.33122 1.5
    endloop
  endfacet
  facet normal -0.800101 0.29519 0.522208
    outer loop
      vertex 0.803479 -5.32081 1.5
      vertex 0.823162 -5.26746 1.5
      vertex 0.790774 -5.25694 1.44443
    endloop
  endfacet
  facet normal -0.80361 -0.0951119 0.587507
    outer loop
      vertex 0.828906 -4.93476 1.44443
      vertex 0.821233 -4.86993 1.44443
      vertex 0.782896 -4.93838 1.38091
    endloop
  endfacet
  facet normal -0.852157 -0.0335023 0.522212
    outer loop
      vertex 0.828906 -4.93476 1.44443
      vertex 0.863291 -4.94318 1.5
      vertex 0.862855 -4.93209 1.5
    endloop
  endfacet
  facet normal -0.852157 -0.0334906 0.522214
    outer loop
      vertex 0.863291 -4.94318 1.5
      vertex 0.828906 -4.93476 1.44443
      vertex 0.83147 -5 1.44443
    endloop
  endfacet
  facet normal -0.820799 -0.231483 0.522211
    outer loop
      vertex 0.838597 -4.78727 1.5
      vertex 0.823162 -4.73254 1.5
      vertex 0.790774 -4.74306 1.44443
    endloop
  endfacet
  facet normal -0.759205 -0.280094 0.587499
    outer loop
      vertex 0.790774 -4.74306 1.44443
      vertex 0.768177 -4.68181 1.44443
      vertex 0.746881 -4.75732 1.38091
    endloop
  endfacet
  facet normal -0.778847 -0.219639 0.5875
    outer loop
      vertex 0.763618 -4.81667 1.38091
      vertex 0.790774 -4.74306 1.44443
      vertex 0.746881 -4.75732 1.38091
    endloop
  endfacet
  facet normal -0.360989 -0.540301 0.760107
    outer loop
      vertex 0.363894 -4.49914 1.21468
      vertex 0.398989 -4.45084 1.26568
      vertex 0.354671 -4.42123 1.26568
    endloop
  endfacet
  facet normal -0.392967 -0.588164 0.706852
    outer loop
      vertex 0.398989 -4.45084 1.26568
      vertex 0.431623 -4.40592 1.3212
      vertex 0.354671 -4.42123 1.26568
    endloop
  endfacet
  facet normal -0.416777 -0.74408 0.522151
    outer loop
      vertex 0.434442 -4.29105 1.44443
      vertex 0.452234 -4.26202 1.5
      vertex 0.40262 -4.23423 1.5
    endloop
  endfacet
  facet normal -0.422576 -0.632491 0.649142
    outer loop
      vertex 0.431623 -4.40592 1.3212
      vertex 0.410327 -4.33041 1.38091
      vertex 0.383682 -4.37389 1.3212
    endloop
  endfacet
  facet normal -0.558605 -0.516364 0.649098
    outer loop
      vertex 0.597159 -4.48998 1.38091
      vertex 0.555303 -4.4447 1.38091
      vertex 0.519244 -4.48075 1.3212
    endloop
  endfacet
  facet normal -0.516386 -0.558588 0.649095
    outer loop
      vertex 0.519244 -4.48075 1.3212
      vertex 0.555303 -4.4447 1.38091
      vertex 0.510022 -4.40284 1.38091
    endloop
  endfacet
  facet normal 0.100178 -0.846876 0.52227
    outer loop
      vertex -0.13007 -4.17877 1.44443
      vertex -0.0789265 -4.13845 1.5
      vertex -0.135397 -4.14513 1.5
    endloop
  endfacet
  facet normal -0.166457 -0.836378 0.522269
    outer loop
      vertex 0.19117 -4.15623 1.5
      vertex 0.135397 -4.14513 1.5
      vertex 0.13007 -4.17877 1.44443
    endloop
  endfacet
  facet normal -0.100178 -0.846876 0.52227
    outer loop
      vertex 0.13007 -4.17877 1.44443
      vertex 0.135397 -4.14513 1.5
      vertex 0.0789265 -4.13845 1.5
    endloop
  endfacet
  facet normal 0.808595 -0.0317786 0.587507
    outer loop
      vertex -0.782896 -4.93838 1.38091
      vertex -0.828906 -4.93476 1.44443
      vertex -0.83147 -5 1.44443
    endloop
  endfacet
  facet normal 0.744087 -0.416704 0.522199
    outer loop
      vertex -0.740845 -4.62252 1.44443
      vertex -0.765765 -4.59738 1.5
      vertex -0.771186 -4.60706 1.5
    endloop
  endfacet
  facet normal 0.744073 -0.416725 0.522202
    outer loop
      vertex -0.765765 -4.59738 1.5
      vertex -0.740845 -4.62252 1.44443
      vertex -0.708944 -4.56556 1.44443
    endloop
  endfacet
  facet normal 0.74408 -0.416652 0.522251
    outer loop
      vertex -0.708944 -4.56556 1.44443
      vertex -0.73798 -4.54776 1.5
      vertex -0.765765 -4.59738 1.5
    endloop
  endfacet
  facet normal 0.617162 -0.345672 0.70684
    outer loop
      vertex -0.578773 -4.64533 1.26568
      vertex -0.626112 -4.61632 1.3212
      vertex -0.654285 -4.66662 1.3212
    endloop
  endfacet
  facet normal 0.663662 -0.371716 0.649138
    outer loop
      vertex -0.654285 -4.66662 1.3212
      vertex -0.626112 -4.61632 1.3212
      vertex -0.699722 -4.64347 1.38091
    endloop
  endfacet
  facet normal 0.626309 -0.578817 0.522214
    outer loop
      vertex -0.619549 -4.39613 1.5
      vertex -0.587937 -4.41206 1.44443
      vertex -0.612017 -4.38798 1.5
    endloop
  endfacet
  facet normal 0.626236 -0.578909 0.522199
    outer loop
      vertex -0.587937 -4.41206 1.44443
      vertex -0.619549 -4.39613 1.5
      vertex -0.632254 -4.46 1.44443
    endloop
  endfacet
  facet normal 0.500953 -0.635542 0.58748
    outer loop
      vertex -0.510022 -4.40284 1.38091
      vertex -0.461597 -4.36467 1.38091
      vertex -0.539996 -4.36775 1.44443
    endloop
  endfacet
  facet normal 0.490516 -0.180919 0.852445
    outer loop
      vertex -0.464705 -4.84901 1.1275
      vertex -0.451427 -4.81301 1.1275
      vertex -0.528378 -4.82832 1.16853
    endloop
  endfacet
  facet normal 0.534016 -0.246233 0.808824
    outer loop
      vertex -0.51328 -4.78739 1.16853
      vertex -0.495016 -4.74778 1.16853
      vertex -0.551617 -4.71894 1.21468
    endloop
  endfacet
  facet normal 0.702467 -0.0831404 0.706843
    outer loop
      vertex -0.676708 -4.94674 1.26568
      vertex -0.725282 -4.88513 1.3212
      vertex -0.732059 -4.94239 1.3212
    endloop
  endfacet
  facet normal 0.793665 -0.157867 0.587516
    outer loop
      vertex -0.775648 -4.87715 1.38091
      vertex -0.763618 -4.81667 1.38091
      vertex -0.821233 -4.86993 1.44443
    endloop
  endfacet
  facet normal 0.760084 -0.0298507 0.649139
    outer loop
      vertex -0.732059 -4.94239 1.3212
      vertex -0.782896 -4.93838 1.38091
      vertex -0.785316 -5 1.38091
    endloop
  endfacet
  facet normal 0.808585 0.0317607 0.587522
    outer loop
      vertex -0.782896 -5.06161 1.38091
      vertex -0.785316 -5 1.38091
      vertex -0.83147 -5 1.44443
    endloop
  endfacet
  facet normal 0.578811 -0.626315 0.522214
    outer loop
      vertex -0.587937 -4.41206 1.44443
      vertex -0.603869 -4.38045 1.5
      vertex -0.612017 -4.38798 1.5
    endloop
  endfacet
  facet normal 0.57885 -0.626284 0.522208
    outer loop
      vertex -0.603869 -4.38045 1.5
      vertex -0.587937 -4.41206 1.44443
      vertex -0.539996 -4.36775 1.44443
    endloop
  endfacet
  facet normal 0.422576 -0.632491 0.649142
    outer loop
      vertex -0.383682 -4.37389 1.3212
      vertex -0.410327 -4.33041 1.38091
      vertex -0.431623 -4.40592 1.3212
    endloop
  endfacet
  facet normal 0.371679 -0.66368 0.649141
    outer loop
      vertex -0.383682 -4.37389 1.3212
      vertex -0.356526 -4.30028 1.38091
      vertex -0.410327 -4.33041 1.38091
    endloop
  endfacet
  facet normal 0.470902 -0.597418 0.649109
    outer loop
      vertex -0.431623 -4.40592 1.3212
      vertex -0.461597 -4.36467 1.38091
      vertex -0.510022 -4.40284 1.38091
    endloop
  endfacet
  facet normal 0.549268 -0.594278 0.587484
    outer loop
      vertex -0.510022 -4.40284 1.38091
      vertex -0.539996 -4.36775 1.44443
      vertex -0.587937 -4.41206 1.44443
    endloop
  endfacet
  facet normal 0.669705 -0.528054 0.522163
    outer loop
      vertex -0.632254 -4.46 1.44443
      vertex -0.658148 -4.43789 1.5
      vertex -0.693354 -4.48254 1.5
    endloop
  endfacet
  facet normal 0.3641 -0.461804 0.808807
    outer loop
      vertex -0.360813 -4.57754 1.16853
      vertex -0.326555 -4.55053 1.16853
      vertex -0.402069 -4.52924 1.21468
    endloop
  endfacet
  facet normal 0.323683 -0.410542 0.852458
    outer loop
      vertex -0.287204 -4.6047 1.1275
      vertex -0.326555 -4.55053 1.16853
      vertex -0.360813 -4.57754 1.16853
    endloop
  endfacet
  facet normal 0.333579 -0.308283 0.890891
    outer loop
      vertex -0.318351 -4.7281 1.09186
      vertex -0.345507 -4.65449 1.1275
      vertex -0.37155 -4.68267 1.1275
    endloop
  endfacet
  facet normal 0.383956 -0.35486 0.852439
    outer loop
      vertex -0.345507 -4.65449 1.1275
      vertex -0.392847 -4.60715 1.16853
      vertex -0.422459 -4.63919 1.16853
    endloop
  endfacet
  facet normal 0.480099 -0.519484 0.706853
    outer loop
      vertex -0.440845 -4.48384 1.26568
      vertex -0.476904 -4.44162 1.3212
      vertex -0.519244 -4.48075 1.3212
    endloop
  endfacet
  facet normal 0.510286 -0.402243 0.760137
    outer loop
      vertex -0.470762 -4.59793 1.21468
      vertex -0.516164 -4.55915 1.26568
      vertex -0.549161 -4.60101 1.26568
    endloop
  endfacet
  facet normal 0.437951 -0.555481 0.706853
    outer loop
      vertex -0.440845 -4.48384 1.26568
      vertex -0.398989 -4.45084 1.26568
      vertex -0.476904 -4.44162 1.3212
    endloop
  endfacet
  facet normal 0.402305 -0.510268 0.760117
    outer loop
      vertex -0.402069 -4.52924 1.21468
      vertex -0.398989 -4.45084 1.26568
      vertex -0.440845 -4.48384 1.26568
    endloop
  endfacet
  facet normal 0.609625 -0.22487 0.760126
    outer loop
      vertex -0.571968 -4.76308 1.21468
      vertex -0.62713 -4.74023 1.26568
      vertex -0.645577 -4.79024 1.26568
    endloop
  endfacet
  facet normal 0.519206 -0.061449 0.852437
    outer loop
      vertex -0.487115 -4.96166 1.1275
      vertex -0.54873 -4.91309 1.16853
      vertex -0.553857 -4.95641 1.16853
    endloop
  endfacet
  facet normal 0.130143 0.0869428 0.987676
    outer loop
      vertex -0.157831 -5.11467 1.01921
      vertex -0.100217 -5.06141 1.00693
      vertex -0.166342 -5.10193 1.01921
    endloop
  endfacet
  facet normal 0.307158 0.0363739 0.950963
    outer loop
      vertex -0.341855 -5.05414 1.06181
      vertex -0.268098 -5.04246 1.03754
      vertex -0.34505 -5.02716 1.06181
    endloop
  endfacet
  facet normal -0.0205768 0.522416 0.852443
    outer loop
      vertex 0.0383368 -5.48711 1.1275
      vertex 0 -5.48862 1.1275
      vertex 0 -5.55557 1.16853
    endloop
  endfacet
  facet normal 0.0614769 0.519157 0.852465
    outer loop
      vertex -0.0435886 -5.55386 1.16853
      vertex -0.0383368 -5.48711 1.1275
      vertex -0.0869102 -5.54873 1.16853
    endloop
  endfacet
  facet normal 0.58818 0.392987 0.706827
    outer loop
      vertex -0.549161 -5.39899 1.26568
      vertex -0.578773 -5.35467 1.26568
      vertex -0.594079 -5.43162 1.3212
    endloop
  endfacet
  facet normal 0.672847 0.449589 0.587492
    outer loop
      vertex -0.635334 -5.4616 1.38091
      vertex -0.669592 -5.41033 1.38091
      vertex -0.708944 -5.43444 1.44443
    endloop
  endfacet
  facet normal 0.649274 0.0255191 0.760126
    outer loop
      vertex -0.617185 -5.04857 1.21468
      vertex -0.619094 -5 1.21468
      vertex -0.676708 -5.05326 1.26568
    endloop
  endfacet
  facet normal 0.759192 0.280107 0.58751
    outer loop
      vertex -0.725537 -5.30053 1.38091
      vertex -0.746881 -5.24268 1.38091
      vertex -0.768177 -5.31819 1.44443
    endloop
  endfacet
  facet normal 0.625381 0.176374 0.760125
    outer loop
      vertex -0.645577 -5.20976 1.26568
      vertex -0.601988 -5.14452 1.21468
      vertex -0.660045 -5.15846 1.26568
    endloop
  endfacet
  facet normal 0.746055 0.148397 0.649138
    outer loop
      vertex -0.763618 -5.18333 1.38091
      vertex -0.725282 -5.11487 1.3212
      vertex -0.775648 -5.12285 1.38091
    endloop
  endfacet
  facet normal 0.338867 0.73486 0.587495
    outer loop
      vertex -0.31819 -5.76818 1.44443
      vertex -0.356526 -5.69972 1.38091
      vertex -0.377479 -5.74084 1.44443
    endloop
  endfacet
  facet normal 0.357357 0.774351 0.522185
    outer loop
      vertex -0.31819 -5.76818 1.44443
      vertex -0.341297 -5.79499 1.5
      vertex -0.331221 -5.79964 1.5
    endloop
  endfacet
  facet normal 0.357135 0.774475 0.522152
    outer loop
      vertex -0.341297 -5.79499 1.5
      vertex -0.31819 -5.76818 1.44443
      vertex -0.377479 -5.74084 1.44443
    endloop
  endfacet
  facet normal 0.519377 0.480221 0.706849
    outer loop
      vertex -0.479984 -5.47998 1.26568
      vertex -0.516164 -5.44085 1.26568
      vertex -0.519244 -5.51924 1.3212
    endloop
  endfacet
  facet normal 0.441078 0.477152 0.760116
    outer loop
      vertex -0.440845 -5.51616 1.26568
      vertex -0.402069 -5.47076 1.21468
      vertex -0.479984 -5.47998 1.26568
    endloop
  endfacet
  facet normal 0.431843 0.399146 0.808823
    outer loop
      vertex -0.437765 -5.43777 1.21468
      vertex -0.392847 -5.39285 1.16853
      vertex -0.470762 -5.40207 1.21468
    endloop
  endfacet
  facet normal 0.399125 0.431863 0.808823
    outer loop
      vertex -0.402069 -5.47076 1.21468
      vertex -0.392847 -5.39285 1.16853
      vertex -0.437765 -5.43777 1.21468
    endloop
  endfacet
  facet normal 0.402305 0.510268 0.760117
    outer loop
      vertex -0.398989 -5.54916 1.26568
      vertex -0.402069 -5.47076 1.21468
      vertex -0.440845 -5.51616 1.26568
    endloop
  endfacet
  facet normal 0.437951 0.555481 0.706853
    outer loop
      vertex -0.398989 -5.54916 1.26568
      vertex -0.440845 -5.51616 1.26568
      vertex -0.476904 -5.55838 1.3212
    endloop
  endfacet
  facet normal 0.449603 0.67283 0.587501
    outer loop
      vertex -0.434442 -5.70894 1.44443
      vertex -0.410327 -5.66959 1.38091
      vertex -0.461597 -5.63533 1.38091
    endloop
  endfacet
  facet normal 0.371679 0.66368 0.649141
    outer loop
      vertex -0.356526 -5.69972 1.38091
      vertex -0.383682 -5.62611 1.3212
      vertex -0.410327 -5.66959 1.38091
    endloop
  endfacet
  facet normal 0.126796 0.637332 0.760086
    outer loop
      vertex -0.106188 -5.67044 1.26568
      vertex -0.144525 -5.60199 1.21468
      vertex -0.158463 -5.66004 1.26568
    endloop
  endfacet
  facet normal 0.176302 0.625447 0.760088
    outer loop
      vertex -0.158463 -5.66004 1.26568
      vertex -0.144525 -5.60199 1.21468
      vertex -0.209761 -5.64558 1.26568
    endloop
  endfacet
  facet normal 0.473758 0.709093 0.522245
    outer loop
      vertex -0.452234 -5.73798 1.5
      vertex -0.434442 -5.70894 1.44443
      vertex -0.499516 -5.70639 1.5
    endloop
  endfacet
  facet normal 0.500953 0.635542 0.58748
    outer loop
      vertex -0.461597 -5.63533 1.38091
      vertex -0.510022 -5.59716 1.38091
      vertex -0.539996 -5.63225 1.44443
    endloop
  endfacet
  facet normal 0.635448 0.500996 0.587545
    outer loop
      vertex -0.632254 -5.54 1.44443
      vertex -0.597159 -5.51002 1.38091
      vertex -0.635334 -5.4616 1.38091
    endloop
  endfacet
  facet normal 0.632455 0.4226 0.649161
    outer loop
      vertex -0.594079 -5.43162 1.3212
      vertex -0.626112 -5.38368 1.3212
      vertex -0.669592 -5.41033 1.38091
    endloop
  endfacet
  facet normal 0.672843 0.44962 0.587473
    outer loop
      vertex -0.672672 -5.48872 1.44443
      vertex -0.635334 -5.4616 1.38091
      vertex -0.708944 -5.43444 1.44443
    endloop
  endfacet
  facet normal 0.534033 0.246219 0.808817
    outer loop
      vertex -0.551617 -5.28106 1.21468
      vertex -0.51328 -5.21261 1.16853
      vertex -0.571968 -5.23692 1.21468
    endloop
  endfacet
  facet normal 0.551722 0.203516 0.808817
    outer loop
      vertex -0.51328 -5.21261 1.16853
      vertex -0.528378 -5.17168 1.16853
      vertex -0.571968 -5.23692 1.21468
    endloop
  endfacet
  facet normal 0.281174 0.356697 0.890903
    outer loop
      vertex -0.246081 -5.3387 1.09186
      vertex -0.271897 -5.31835 1.09186
      vertex -0.287204 -5.3953 1.1275
    endloop
  endfacet
  facet normal 0.259925 0.281246 0.923764
    outer loop
      vertex -0.271897 -5.31835 1.09186
      vertex -0.224785 -5.26319 1.06181
      vertex -0.296037 -5.29604 1.09186
    endloop
  endfacet
  facet normal 0.326656 0.489004 0.808808
    outer loop
      vertex -0.323475 -5.52786 1.21468
      vertex -0.290284 -5.4737 1.16853
      vertex -0.363894 -5.50086 1.21468
    endloop
  endfacet
  facet normal 0.287415 0.513052 0.808808
    outer loop
      vertex -0.281062 -5.55162 1.21468
      vertex -0.290284 -5.4737 1.16853
      vertex -0.323475 -5.52786 1.21468
    endloop
  endfacet
  facet normal 0.583986 0.0691155 0.808816
    outer loop
      vertex -0.611471 -5.09685 1.21468
      vertex -0.54873 -5.08691 1.16853
      vertex -0.617185 -5.04857 1.21468
    endloop
  endfacet
  facet normal 0.637284 0.126775 0.76013
    outer loop
      vertex -0.601988 -5.14452 1.21468
      vertex -0.611471 -5.09685 1.21468
      vertex -0.670444 -5.10619 1.26568
    endloop
  endfacet
  facet normal 0.445461 0.0885951 0.890907
    outer loop
      vertex -0.475121 -5.11407 1.1275
      vertex -0.407092 -5.09773 1.09186
      vertex -0.482605 -5.07644 1.1275
    endloop
  endfacet
  facet normal 0.512791 0.102019 0.85243
    outer loop
      vertex -0.540219 -5.12969 1.16853
      vertex -0.475121 -5.11407 1.1275
      vertex -0.54873 -5.08691 1.16853
    endloop
  endfacet
  facet normal 0.760087 -0.0298573 0.649135
    outer loop
      vertex -0.734322 -5 1.3212
      vertex -0.732059 -4.94239 1.3212
      vertex -0.785316 -5 1.38091
    endloop
  endfacet
  facet normal 0.706828 -0.0277652 0.706841
    outer loop
      vertex -0.678801 -5 1.26568
      vertex -0.732059 -4.94239 1.3212
      vertex -0.734322 -5 1.3212
    endloop
  endfacet
  facet normal 0.565983 0.15961 0.808819
    outer loop
      vertex -0.588793 -5.19131 1.21468
      vertex -0.528378 -5.17168 1.16853
      vertex -0.601988 -5.14452 1.21468
    endloop
  endfacet
  facet normal 0.490517 0.180939 0.85244
    outer loop
      vertex -0.51328 -5.21261 1.16853
      vertex -0.451427 -5.18699 1.1275
      vertex -0.528378 -5.17168 1.16853
    endloop
  endfacet
  facet normal 0.551716 0.203521 0.80882
    outer loop
      vertex -0.571968 -5.23692 1.21468
      vertex -0.528378 -5.17168 1.16853
      vertex -0.588793 -5.19131 1.21468
    endloop
  endfacet
  facet normal 0.565982 0.159604 0.808821
    outer loop
      vertex -0.528378 -5.17168 1.16853
      vertex -0.540219 -5.12969 1.16853
      vertex -0.601988 -5.14452 1.21468
    endloop
  endfacet
  facet normal 0.434718 0.290457 0.852441
    outer loop
      vertex -0.395303 -5.2872 1.1275
      vertex -0.416617 -5.2553 1.1275
      vertex -0.473701 -5.29028 1.16853
    endloop
  endfacet
  facet normal 0.410523 0.323708 0.852457
    outer loop
      vertex -0.422459 -5.36081 1.16853
      vertex -0.395303 -5.2872 1.1275
      vertex -0.449466 -5.32656 1.16853
    endloop
  endfacet
  facet normal 0.522422 -0.0205208 0.85244
    outer loop
      vertex -0.488621 -5 1.1275
      vertex -0.487115 -4.96166 1.1275
      vertex -0.55557 -5 1.16853
    endloop
  endfacet
  facet normal 0.522426 -0.0205303 0.852438
    outer loop
      vertex -0.487115 -4.96166 1.1275
      vertex -0.553857 -4.95641 1.16853
      vertex -0.55557 -5 1.16853
    endloop
  endfacet
  facet normal 0.380294 -0.0450349 0.923768
    outer loop
      vertex -0.34505 -4.97284 1.06181
      vertex -0.341855 -4.94586 1.06181
      vertex -0.413505 -4.93451 1.09186
    endloop
  endfacet
  facet normal 0.368582 0.103952 0.923765
    outer loop
      vertex -0.329176 -5.10696 1.06181
      vertex -0.336554 -5.0808 1.06181
      vertex -0.398169 -5.12937 1.09186
    endloop
  endfacet
  facet normal 0.437132 -0.123278 0.890909
    outer loop
      vertex -0.407092 -4.90227 1.09186
      vertex -0.398169 -4.87063 1.09186
      vertex -0.475121 -4.88593 1.1275
    endloop
  endfacet
  facet normal 0.155427 -0.018404 0.987676
    outer loop
      vertex -0.11609 -4.98161 1.00693
      vertex -0.192688 -4.96948 1.01921
      vertex -0.194489 -4.98469 1.01921
    endloop
  endfacet
  facet normal 0.297689 -0.0839653 0.950963
    outer loop
      vertex -0.26394 -4.93663 1.03754
      vertex -0.258155 -4.91612 1.03754
      vertex -0.336554 -4.9192 1.06181
    endloop
  endfacet
  facet normal 0.380301 0.045021 0.923766
    outer loop
      vertex -0.413505 -5.06549 1.09186
      vertex -0.34505 -5.02716 1.06181
      vertex -0.417369 -5.03285 1.09186
    endloop
  endfacet
  facet normal 0.219179 0.0808536 0.972329
    outer loop
      vertex -0.18024 -5.07466 1.01921
      vertex -0.185541 -5.06029 1.01921
      vertex -0.258155 -5.08388 1.03754
    endloop
  endfacet
  facet normal 0.269882 0.151105 0.950963
    outer loop
      vertex -0.231441 -5.14183 1.03754
      vertex -0.241855 -5.12323 1.03754
      vertex -0.308393 -5.15713 1.06181
    endloop
  endfacet
  facet normal 0.437137 0.123327 0.8909
    outer loop
      vertex -0.464705 -5.15099 1.1275
      vertex -0.398169 -5.12937 1.09186
      vertex -0.475121 -5.11407 1.1275
    endloop
  endfacet
  facet normal 0.368585 0.103947 0.923764
    outer loop
      vertex -0.398169 -5.12937 1.09186
      vertex -0.336554 -5.0808 1.06181
      vertex -0.407092 -5.09773 1.09186
    endloop
  endfacet
  facet normal 0.380294 0.0450349 0.923768
    outer loop
      vertex -0.341855 -5.05414 1.06181
      vertex -0.34505 -5.02716 1.06181
      vertex -0.413505 -5.06549 1.09186
    endloop
  endfacet
  facet normal 0.309063 0.0121449 0.950964
    outer loop
      vertex -0.270603 -5.0213 1.03754
      vertex -0.27144 -5 1.03754
      vertex -0.346117 -5 1.06181
    endloop
  endfacet
  facet normal 0.231997 0.0274646 0.972329
    outer loop
      vertex -0.268098 -5.04246 1.03754
      vertex -0.192688 -5.03052 1.01921
      vertex -0.270603 -5.0213 1.03754
    endloop
  endfacet
  facet normal 0.0712962 -0.0328745 0.996913
    outer loop
      vertex -0.0362711 -4.98498 1.00077
      vertex -0.104726 -4.94664 1.00693
      vertex -0.10859 -4.95502 1.00693
    endloop
  endfacet
  facet normal -0.123241 0.437146 0.890907
    outer loop
      vertex 0.150991 -5.46471 1.1275
      vertex 0.129373 -5.39817 1.09186
      vertex 0.114066 -5.47512 1.1275
    endloop
  endfacet
  facet normal -0.157205 0.426112 0.890907
    outer loop
      vertex 0.150991 -5.46471 1.1275
      vertex 0.186987 -5.45143 1.1275
      vertex 0.129373 -5.39817 1.09186
    endloop
  endfacet
  facet normal 0.180977 0.490519 0.852431
    outer loop
      vertex -0.17168 -5.52838 1.16853
      vertex -0.186987 -5.45143 1.1275
      vertex -0.212607 -5.51328 1.16853
    endloop
  endfacet
  facet normal 0.246181 0.534037 0.808826
    outer loop
      vertex -0.236917 -5.57197 1.21468
      vertex -0.212607 -5.51328 1.16853
      vertex -0.281062 -5.55162 1.21468
    endloop
  endfacet
  facet normal 0.290517 0.434699 0.85243
    outer loop
      vertex -0.255303 -5.41662 1.1275
      vertex -0.287204 -5.3953 1.1275
      vertex -0.290284 -5.4737 1.16853
    endloop
  endfacet
  facet normal 0.221874 0.396331 0.890895
    outer loop
      vertex -0.221828 -5.43536 1.1275
      vertex -0.218749 -5.35697 1.09186
      vertex -0.255303 -5.41662 1.1275
    endloop
  endfacet
  facet normal 0.326662 0.488995 0.808812
    outer loop
      vertex -0.290284 -5.4737 1.16853
      vertex -0.326555 -5.44947 1.16853
      vertex -0.363894 -5.50086 1.21468
    endloop
  endfacet
  facet normal 0.364108 0.461788 0.808812
    outer loop
      vertex -0.363894 -5.50086 1.21468
      vertex -0.326555 -5.44947 1.16853
      vertex -0.402069 -5.47076 1.21468
    endloop
  endfacet
  facet normal -0.0968565 0.122943 0.987676
    outer loop
      vertex 0.114671 -5.15783 1.01921
      vertex 0.076334 -5.08938 1.00693
      vertex 0.0690861 -5.09509 1.00693
    endloop
  endfacet
  facet normal 0.190244 0.412464 0.890888
    outer loop
      vertex -0.186987 -5.45143 1.1275
      vertex -0.190067 -5.37303 1.09186
      vertex -0.221828 -5.43536 1.1275
    endloop
  endfacet
  facet normal 0.203548 0.551696 0.808826
    outer loop
      vertex -0.17168 -5.52838 1.16853
      vertex -0.212607 -5.51328 1.16853
      vertex -0.236917 -5.57197 1.21468
    endloop
  endfacet
  facet normal -0.114226 0.203813 0.972323
    outer loop
      vertex 0.123231 -5.24185 1.03754
      vertex 0.101933 -5.16634 1.01921
      vertex 0.0885687 -5.17383 1.01921
    endloop
  endfacet
  facet normal -0.300729 0.237102 0.923767
    outer loop
      vertex 0.338702 -5.24608 1.09186
      vertex 0.280014 -5.20344 1.06181
      vertex 0.263189 -5.22478 1.06181
    endloop
  endfacet
  facet normal -0.347789 0.16029 0.92377
    outer loop
      vertex 0.373028 -5.19007 1.09186
      vertex 0.38679 -5.16021 1.09186
      vertex 0.308393 -5.15713 1.06181
    endloop
  endfacet
  facet normal -0.412475 0.190103 0.890912
    outer loop
      vertex 0.451427 -5.18699 1.1275
      vertex 0.38679 -5.16021 1.09186
      vertex 0.373028 -5.19007 1.09186
    endloop
  endfacet
  facet normal -0.702467 -0.0831404 0.706843
    outer loop
      vertex 0.732059 -4.94239 1.3212
      vertex 0.725282 -4.88513 1.3212
      vertex 0.676708 -4.94674 1.26568
    endloop
  endfacet
  facet normal -0.576763 -0.114711 0.808817
    outer loop
      vertex 0.611471 -4.90315 1.21468
      vertex 0.601988 -4.85547 1.21468
      vertex 0.54873 -4.91309 1.16853
    endloop
  endfacet
  facet normal -0.522426 0.0205303 0.852438
    outer loop
      vertex 0.553857 -5.04359 1.16853
      vertex 0.55557 -5 1.16853
      vertex 0.487115 -5.03834 1.1275
    endloop
  endfacet
  facet normal -0.587604 0.0230917 0.808819
    outer loop
      vertex 0.619094 -5 1.21468
      vertex 0.55557 -5 1.16853
      vertex 0.553857 -5.04359 1.16853
    endloop
  endfacet
  facet normal -0.522426 -0.0205303 0.852438
    outer loop
      vertex 0.55557 -5 1.16853
      vertex 0.553857 -4.95641 1.16853
      vertex 0.487115 -4.96166 1.1275
    endloop
  endfacet
  facet normal -0.576758 -0.114718 0.80882
    outer loop
      vertex 0.54873 -4.91309 1.16853
      vertex 0.601988 -4.85547 1.21468
      vertex 0.540219 -4.8703 1.16853
    endloop
  endfacet
  facet normal -0.441049 0.477226 0.760086
    outer loop
      vertex 0.479984 -5.47998 1.26568
      vertex 0.437765 -5.43777 1.21468
      vertex 0.402069 -5.47076 1.21468
    endloop
  endfacet
  facet normal -0.759192 0.280107 0.58751
    outer loop
      vertex 0.768177 -5.31819 1.44443
      vertex 0.746881 -5.24268 1.38091
      vertex 0.725537 -5.30053 1.38091
    endloop
  endfacet
  facet normal -0.0274033 0.232005 0.972329
    outer loop
      vertex 0.0424623 -5.2681 1.03754
      vertex 0.0305185 -5.19269 1.01921
      vertex 0.0212965 -5.2706 1.03754
    endloop
  endfacet
  facet normal -0.0807927 0.219198 0.97233
    outer loop
      vertex 0.0838795 -5.25815 1.03754
      vertex 0.103875 -5.25078 1.03754
      vertex 0.0746574 -5.18024 1.01921
    endloop
  endfacet
  facet normal -0.103862 0.368615 0.923762
    outer loop
      vertex 0.129373 -5.39817 1.09186
      vertex 0.106956 -5.32918 1.06181
      vertex 0.0807991 -5.33655 1.06181
    endloop
  endfacet
  facet normal -0.132597 0.359279 0.923762
    outer loop
      vertex 0.129373 -5.39817 1.09186
      vertex 0.132453 -5.31977 1.06181
      vertex 0.106956 -5.32918 1.06181
    endloop
  endfacet
  facet normal -0.159608 0.565975 0.808825
    outer loop
      vertex 0.144525 -5.60199 1.21468
      vertex 0.17168 -5.52838 1.16853
      vertex 0.129695 -5.54022 1.16853
    endloop
  endfacet
  facet normal -0.114717 0.576752 0.808824
    outer loop
      vertex 0.144525 -5.60199 1.21468
      vertex 0.129695 -5.54022 1.16853
      vertex 0.0869102 -5.54873 1.16853
    endloop
  endfacet
  facet normal -0.252406 0.3776 0.890904
    outer loop
      vertex 0.287204 -5.3953 1.1275
      vertex 0.246081 -5.3387 1.09186
      vertex 0.218749 -5.35697 1.09186
    endloop
  endfacet
  facet normal -0.43185 0.399124 0.80883
    outer loop
      vertex 0.470762 -5.40207 1.21468
      vertex 0.422459 -5.36081 1.16853
      vertex 0.392847 -5.39285 1.16853
    endloop
  endfacet
  facet normal -0.326656 0.489004 0.808808
    outer loop
      vertex 0.323475 -5.52786 1.21468
      vertex 0.363894 -5.50086 1.21468
      vertex 0.290284 -5.4737 1.16853
    endloop
  endfacet
  facet normal -0.326662 0.488995 0.808812
    outer loop
      vertex 0.363894 -5.50086 1.21468
      vertex 0.326555 -5.44947 1.16853
      vertex 0.290284 -5.4737 1.16853
    endloop
  endfacet
  facet normal -0.296107 0.64241 0.706845
    outer loop
      vertex 0.333375 -5.65429 1.3212
      vertex 0.308168 -5.60482 1.26568
      vertex 0.259766 -5.62713 1.26568
    endloop
  endfacet
  facet normal -0.271998 0.590106 0.760126
    outer loop
      vertex 0.308168 -5.60482 1.26568
      vertex 0.281062 -5.55162 1.21468
      vertex 0.259766 -5.62713 1.26568
    endloop
  endfacet
  facet normal -0.218836 0.474776 0.852466
    outer loop
      vertex 0.252223 -5.49502 1.16853
      vertex 0.221828 -5.43536 1.1275
      vertex 0.212607 -5.51328 1.16853
    endloop
  endfacet
  facet normal -0.246162 0.53406 0.808816
    outer loop
      vertex 0.281062 -5.55162 1.21468
      vertex 0.252223 -5.49502 1.16853
      vertex 0.212607 -5.51328 1.16853
    endloop
  endfacet
  facet normal -0.203489 0.551756 0.8088
    outer loop
      vertex 0.19131 -5.58879 1.21468
      vertex 0.236917 -5.57197 1.21468
      vertex 0.17168 -5.52838 1.16853
    endloop
  endfacet
  facet normal -0.244869 0.663668 0.706813
    outer loop
      vertex 0.281013 -5.67842 1.3212
      vertex 0.259766 -5.62713 1.26568
      vertex 0.209761 -5.64558 1.26568
    endloop
  endfacet
  facet normal -0.706822 -0.0277765 0.706846
    outer loop
      vertex 0.678801 -5 1.26568
      vertex 0.732059 -4.94239 1.3212
      vertex 0.676708 -4.94674 1.26568
    endloop
  endfacet
  facet normal -0.617163 -0.345638 0.706855
    outer loop
      vertex 0.604815 -4.69183 1.26568
      vertex 0.654285 -4.66662 1.3212
      vertex 0.578773 -4.64533 1.26568
    endloop
  endfacet
  facet normal -0.760087 0.0298573 0.649135
    outer loop
      vertex 0.785316 -5 1.38091
      vertex 0.734322 -5 1.3212
      vertex 0.732059 -5.05761 1.3212
    endloop
  endfacet
  facet normal -0.746055 0.148397 0.649138
    outer loop
      vertex 0.763618 -5.18333 1.38091
      vertex 0.775648 -5.12285 1.38091
      vertex 0.725282 -5.11487 1.3212
    endloop
  endfacet
  facet normal -0.846908 0.100215 0.522211
    outer loop
      vertex 0.828906 -5.06524 1.44443
      vertex 0.861551 -5.07893 1.5
      vertex 0.862855 -5.06791 1.5
    endloop
  endfacet
  facet normal -0.846904 0.100236 0.522213
    outer loop
      vertex 0.861551 -5.07893 1.5
      vertex 0.828906 -5.06524 1.44443
      vertex 0.821233 -5.13007 1.44443
    endloop
  endfacet
  facet normal -0.803603 0.095111 0.587516
    outer loop
      vertex 0.821233 -5.13007 1.44443
      vertex 0.828906 -5.06524 1.44443
      vertex 0.782896 -5.06161 1.38091
    endloop
  endfacet
  facet normal -0.402305 0.510268 0.760117
    outer loop
      vertex 0.440845 -5.51616 1.26568
      vertex 0.402069 -5.47076 1.21468
      vertex 0.398989 -5.54916 1.26568
    endloop
  endfacet
  facet normal -0.437949 0.555484 0.706851
    outer loop
      vertex 0.431623 -5.59408 1.3212
      vertex 0.476904 -5.55838 1.3212
      vertex 0.398989 -5.54916 1.26568
    endloop
  endfacet
  facet normal -0.437951 0.555481 0.706853
    outer loop
      vertex 0.476904 -5.55838 1.3212
      vertex 0.440845 -5.51616 1.26568
      vertex 0.398989 -5.54916 1.26568
    endloop
  endfacet
  facet normal -0.480166 0.519424 0.706852
    outer loop
      vertex 0.476904 -5.55838 1.3212
      vertex 0.519244 -5.51924 1.3212
      vertex 0.440845 -5.51616 1.26568
    endloop
  endfacet
  facet normal -0.555523 0.43794 0.706826
    outer loop
      vertex 0.558383 -5.4769 1.3212
      vertex 0.594079 -5.43162 1.3212
      vertex 0.549161 -5.39899 1.26568
    endloop
  endfacet
  facet normal -0.519462 0.480189 0.706808
    outer loop
      vertex 0.519244 -5.51924 1.3212
      vertex 0.558383 -5.4769 1.3212
      vertex 0.516164 -5.44085 1.26568
    endloop
  endfacet
  facet normal -0.357135 0.774475 0.522152
    outer loop
      vertex 0.31819 -5.76818 1.44443
      vertex 0.341297 -5.79499 1.5
      vertex 0.377479 -5.74084 1.44443
    endloop
  endfacet
  facet normal -0.357357 0.774351 0.522185
    outer loop
      vertex 0.341297 -5.79499 1.5
      vertex 0.31819 -5.76818 1.44443
      vertex 0.331221 -5.79964 1.5
    endloop
  endfacet
  facet normal -0.295148 0.800128 0.52219
    outer loop
      vertex 0.31819 -5.76818 1.44443
      vertex 0.320811 -5.80348 1.5
      vertex 0.331221 -5.79964 1.5
    endloop
  endfacet
  facet normal -0.295096 0.800143 0.522197
    outer loop
      vertex 0.320811 -5.80348 1.5
      vertex 0.31819 -5.76818 1.44443
      vertex 0.256938 -5.79077 1.44443
    endloop
  endfacet
  facet normal -0.338867 0.73486 0.587495
    outer loop
      vertex 0.377479 -5.74084 1.44443
      vertex 0.356526 -5.69972 1.38091
      vertex 0.31819 -5.76818 1.44443
    endloop
  endfacet
  facet normal -0.35693 0.774478 0.522288
    outer loop
      vertex 0.392939 -5.77119 1.5
      vertex 0.377479 -5.74084 1.44443
      vertex 0.341297 -5.79499 1.5
    endloop
  endfacet
  facet normal -0.138022 0.693762 0.706855
    outer loop
      vertex 0.114873 -5.72528 1.3212
      vertex 0.158463 -5.66004 1.26568
      vertex 0.106188 -5.67044 1.26568
    endloop
  endfacet
  facet normal -0.0764382 0.645276 0.760116
    outer loop
      vertex 0.106188 -5.67044 1.26568
      vertex 0.0968475 -5.61147 1.21468
      vertex 0.0532579 -5.67671 1.26568
    endloop
  endfacet
  facet normal -0.023053 0.587629 0.808802
    outer loop
      vertex 0.0435886 -5.55386 1.16853
      vertex 0 -5.55557 1.16853
      vertex 0 -5.61909 1.21468
    endloop
  endfacet
  facet normal -0.025529 0.649231 0.760163
    outer loop
      vertex 0.0532579 -5.67671 1.26568
      vertex 0.0485735 -5.61718 1.21468
      vertex 0 -5.61909 1.21468
    endloop
  endfacet
  facet normal 0.025529 0.649231 0.760163
    outer loop
      vertex 0 -5.61909 1.21468
      vertex -0.0485735 -5.61718 1.21468
      vertex -0.0532579 -5.67671 1.26568
    endloop
  endfacet
  facet normal 0.027727 0.706835 0.706835
    outer loop
      vertex 0 -5.73432 1.3212
      vertex 0 -5.6788 1.26568
      vertex -0.0576134 -5.73206 1.3212
    endloop
  endfacet
  facet normal 0.206498 0.732094 0.649151
    outer loop
      vertex -0.183328 -5.76362 1.38091
      vertex -0.226917 -5.69838 1.3212
      vertex -0.242676 -5.74688 1.38091
    endloop
  endfacet
  facet normal 0.206462 0.732087 0.64917
    outer loop
      vertex -0.183328 -5.76362 1.38091
      vertex -0.171424 -5.71403 1.3212
      vertex -0.226917 -5.69838 1.3212
    endloop
  endfacet
  facet normal 0.157787 0.79367 0.58753
    outer loop
      vertex -0.13007 -5.82123 1.44443
      vertex -0.183328 -5.76362 1.38091
      vertex -0.194102 -5.8085 1.44443
    endloop
  endfacet
  facet normal 0.157878 0.793693 0.587475
    outer loop
      vertex -0.13007 -5.82123 1.44443
      vertex -0.12285 -5.77565 1.38091
      vertex -0.183328 -5.76362 1.38091
    endloop
  endfacet
  facet normal 0.166457 0.836378 0.522269
    outer loop
      vertex -0.135397 -5.85487 1.5
      vertex -0.13007 -5.82123 1.44443
      vertex -0.19117 -5.84377 1.5
    endloop
  endfacet
  facet normal 0.0999291 0.846999 0.522118
    outer loop
      vertex -0.0652361 -5.82891 1.44443
      vertex -0.0789265 -5.86155 1.5
      vertex -0.0679077 -5.86285 1.5
    endloop
  endfacet
  facet normal 0.100323 0.846921 0.522169
    outer loop
      vertex -0.0789265 -5.86155 1.5
      vertex -0.0652361 -5.82891 1.44443
      vertex -0.13007 -5.82123 1.44443
    endloop
  endfacet
  facet normal 0.0334416 0.852188 0.522166
    outer loop
      vertex -0.0652361 -5.82891 1.44443
      vertex -0.0568205 -5.86329 1.5
      vertex 0 -5.83147 1.44443
    endloop
  endfacet
  facet normal 0.03382 0.852202 0.522118
    outer loop
      vertex -0.0568205 -5.86329 1.5
      vertex -0.0652361 -5.82891 1.44443
      vertex -0.0679077 -5.86285 1.5
    endloop
  endfacet
  facet normal 0.244869 0.663668 0.706813
    outer loop
      vertex -0.209761 -5.64558 1.26568
      vertex -0.259766 -5.62713 1.26568
      vertex -0.281013 -5.67842 1.3212
    endloop
  endfacet
  facet normal 0.296066 0.642462 0.706815
    outer loop
      vertex -0.281013 -5.67842 1.3212
      vertex -0.259766 -5.62713 1.26568
      vertex -0.333375 -5.65429 1.3212
    endloop
  endfacet
  facet normal -0.774477 0.357063 0.522199
    outer loop
      vertex 0.771186 -5.39294 1.5
      vertex 0.794994 -5.3413 1.5
      vertex 0.740845 -5.37748 1.44443
    endloop
  endfacet
  facet normal -0.744087 0.416704 0.522199
    outer loop
      vertex 0.740845 -5.37748 1.44443
      vertex 0.765765 -5.40262 1.5
      vertex 0.771186 -5.39294 1.5
    endloop
  endfacet
  facet normal -0.744073 0.416725 0.522202
    outer loop
      vertex 0.765765 -5.40262 1.5
      vertex 0.740845 -5.37748 1.44443
      vertex 0.708944 -5.43444 1.44443
    endloop
  endfacet
  facet normal -0.690764 0.318469 0.649171
    outer loop
      vertex 0.699722 -5.35653 1.38091
      vertex 0.678425 -5.28101 1.3212
      vertex 0.654285 -5.33337 1.3212
    endloop
  endfacet
  facet normal -0.706045 0.395412 0.587495
    outer loop
      vertex 0.708944 -5.43444 1.44443
      vertex 0.699722 -5.35653 1.38091
      vertex 0.669592 -5.41033 1.38091
    endloop
  endfacet
  facet normal -0.14684 0.054158 0.987676
    outer loop
      vertex 0.185541 -5.06029 1.01921
      vertex 0.111784 -5.03632 1.00693
      vertex 0.10859 -5.04498 1.00693
    endloop
  endfacet
  facet normal -0.0770016 0.0153237 0.996913
    outer loop
      vertex 0.114289 -5.02744 1.00693
      vertex 0.11609 -5.01839 1.00693
      vertex 0.0387764 -5.00614 1.00077
    endloop
  endfacet
  facet normal -0.155426 0.0183732 0.987677
    outer loop
      vertex 0.194489 -5.01531 1.01921
      vertex 0.117174 -5.00922 1.00693
      vertex 0.11609 -5.01839 1.00693
    endloop
  endfacet
  facet normal -0.368585 0.103947 0.923764
    outer loop
      vertex 0.398169 -5.12937 1.09186
      vertex 0.407092 -5.09773 1.09186
      vertex 0.336554 -5.0808 1.06181
    endloop
  endfacet
  facet normal -0.233435 -0.00917302 0.972329
    outer loop
      vertex 0.27144 -5 1.03754
      vertex 0.270603 -4.9787 1.03754
      vertex 0.19509 -5 1.01921
    endloop
  endfacet
  facet normal -0.368582 -0.103952 0.923765
    outer loop
      vertex 0.336554 -4.9192 1.06181
      vertex 0.398169 -4.87063 1.09186
      vertex 0.329176 -4.89304 1.06181
    endloop
  endfacet
  facet normal -0.437132 0.123278 0.890909
    outer loop
      vertex 0.475121 -5.11407 1.1275
      vertex 0.407092 -5.09773 1.09186
      vertex 0.398169 -5.12937 1.09186
    endloop
  endfacet
  facet normal -0.347786 0.160322 0.923765
    outer loop
      vertex 0.38679 -5.16021 1.09186
      vertex 0.31977 -5.13245 1.06181
      vertex 0.308393 -5.15713 1.06181
    endloop
  endfacet
  facet normal -0.078451 -0.00308869 0.996913
    outer loop
      vertex 0.117537 -5 1.00693
      vertex 0.117174 -4.99078 1.00693
      vertex 0.039259 -5 1.00077
    endloop
  endfacet
  facet normal -0.0784512 -0.0030871 0.996913
    outer loop
      vertex 0.039259 -5 1.00077
      vertex 0.117174 -4.99078 1.00693
      vertex 0.0391378 -4.99692 1.00077
    endloop
  endfacet
  facet normal 0.00612998 0.156381 0.987678
    outer loop
      vertex 0 -5.19509 1.01921
      vertex -0.00922108 -5.11717 1.00693
      vertex -0.0153065 -5.19449 1.01921
    endloop
  endfacet
  facet normal -0.183451 0.144626 0.972332
    outer loop
      vertex 0.206405 -5.17629 1.03754
      vertex 0.157831 -5.11467 1.01921
      vertex 0.148347 -5.1267 1.01921
    endloop
  endfacet
  facet normal -0.122907 0.0968956 0.987677
    outer loop
      vertex 0.148347 -5.1267 1.01921
      vertex 0.157831 -5.11467 1.01921
      vertex 0.0893755 -5.07633 1.00693
    endloop
  endfacet
  facet normal -0.0435634 0.0653069 0.996914
    outer loop
      vertex 0.0614128 -5.10022 1.00693
      vertex 0.0230761 -5.03176 1.00077
      vertex 0.0205126 -5.03347 1.00077
    endloop
  endfacet
  facet normal -0.0272462 0.0736284 0.996913
    outer loop
      vertex 0.0449791 -5.10859 1.00693
      vertex 0.0150232 -5.03627 1.00077
      vertex 0.0121317 -5.03734 1.00077
    endloop
  endfacet
  facet normal -0.231997 0.0274705 0.972328
    outer loop
      vertex 0.270603 -5.0213 1.03754
      vertex 0.194489 -5.01531 1.01921
      vertex 0.192688 -5.03052 1.01921
    endloop
  endfacet
  facet normal -0.155427 0.018404 0.987676
    outer loop
      vertex 0.192688 -5.03052 1.01921
      vertex 0.194489 -5.01531 1.01921
      vertex 0.11609 -5.01839 1.00693
    endloop
  endfacet
  facet normal -0.130169 0.0869149 0.987675
    outer loop
      vertex 0.157831 -5.11467 1.01921
      vertex 0.100217 -5.06141 1.00693
      vertex 0.095089 -5.06909 1.00693
    endloop
  endfacet
  facet normal -0.194245 0.129766 0.972332
    outer loop
      vertex 0.231441 -5.14183 1.03754
      vertex 0.166342 -5.10193 1.01921
      vertex 0.157831 -5.11467 1.01921
    endloop
  endfacet
  facet normal -0.153504 -0.0305475 0.987676
    outer loop
      vertex 0.192688 -4.96948 1.01921
      vertex 0.189699 -4.95446 1.01921
      vertex 0.114289 -4.97256 1.00693
    endloop
  endfacet
  facet normal -0.0770016 -0.0153237 0.996913
    outer loop
      vertex 0.11609 -4.98161 1.00693
      vertex 0.114289 -4.97256 1.00693
      vertex 0.0387764 -4.99386 1.00077
    endloop
  endfacet
  facet normal -0.106288 -0.11488 0.987677
    outer loop
      vertex 0.0831108 -4.91689 1.00693
      vertex 0.137949 -4.86205 1.01921
      vertex 0.076334 -4.91062 1.00693
    endloop
  endfacet
  facet normal -0.0328514 -0.0713054 0.996913
    outer loop
      vertex 0.0178232 -4.96502 1.00077
      vertex 0.05336 -4.89527 1.00693
      vertex 0.0150232 -4.96373 1.00077
    endloop
  endfacet
  facet normal -0.13655 -0.0764851 0.987676
    outer loop
      vertex 0.104726 -4.94664 1.00693
      vertex 0.173826 -4.91143 1.01921
      vertex 0.100217 -4.93859 1.00693
    endloop
  endfacet
  facet normal -0.280878 -0.129523 0.950963
    outer loop
      vertex 0.250778 -4.89612 1.03754
      vertex 0.308393 -4.84287 1.06181
      vertex 0.241855 -4.87677 1.03754
    endloop
  endfacet
  facet normal -0.303363 -0.0603245 0.950964
    outer loop
      vertex 0.268098 -4.95754 1.03754
      vertex 0.336554 -4.9192 1.06181
      vertex 0.26394 -4.93663 1.03754
    endloop
  endfacet
  facet normal -0.203832 -0.114124 0.972331
    outer loop
      vertex 0.241855 -4.87677 1.03754
      vertex 0.231441 -4.85817 1.03754
      vertex 0.166342 -4.89807 1.01921
    endloop
  endfacet
  facet normal -0.269882 -0.151105 0.950963
    outer loop
      vertex 0.241855 -4.87677 1.03754
      vertex 0.308393 -4.84287 1.06181
      vertex 0.231441 -4.85817 1.03754
    endloop
  endfacet
  facet normal -0.333579 -0.308283 0.890891
    outer loop
      vertex 0.37155 -4.68267 1.1275
      vertex 0.345507 -4.65449 1.1275
      vertex 0.318351 -4.7281 1.09186
    endloop
  endfacet
  facet normal -0.246181 -0.534037 0.808826
    outer loop
      vertex 0.281062 -4.44838 1.21468
      vertex 0.236917 -4.42803 1.21468
      vertex 0.212607 -4.48672 1.16853
    endloop
  endfacet
  facet normal -0.5192 0.0614592 0.85244
    outer loop
      vertex 0.54873 -5.08691 1.16853
      vertex 0.487115 -5.03834 1.1275
      vertex 0.482605 -5.07644 1.1275
    endloop
  endfacet
  facet normal -0.588157 0.393 0.706839
    outer loop
      vertex 0.594079 -5.43162 1.3212
      vertex 0.626112 -5.38368 1.3212
      vertex 0.578773 -5.35467 1.26568
    endloop
  endfacet
  facet normal -0.269884 -0.151098 0.950964
    outer loop
      vertex 0.308393 -4.84287 1.06181
      vertex 0.295113 -4.81915 1.06181
      vertex 0.231441 -4.85817 1.03754
    endloop
  endfacet
  facet normal -0.3184 -0.21278 0.923767
    outer loop
      vertex 0.356966 -4.78125 1.09186
      vertex 0.338702 -4.75392 1.09186
      vertex 0.280014 -4.79656 1.06181
    endloop
  endfacet
  facet normal -0.597363 -0.470925 0.649144
    outer loop
      vertex 0.594079 -4.56838 1.3212
      vertex 0.597159 -4.48998 1.38091
      vertex 0.558383 -4.5231 1.3212
    endloop
  endfacet
  facet normal -0.597328 -0.470941 0.649164
    outer loop
      vertex 0.635334 -4.5384 1.38091
      vertex 0.597159 -4.48998 1.38091
      vertex 0.594079 -4.56838 1.3212
    endloop
  endfacet
  facet normal -0.672854 -0.449544 0.587518
    outer loop
      vertex 0.708944 -4.56556 1.44443
      vertex 0.672672 -4.51127 1.44443
      vertex 0.635334 -4.5384 1.38091
    endloop
  endfacet
  facet normal 0.338742 -0.734858 0.587569
    outer loop
      vertex -0.356526 -4.30028 1.38091
      vertex -0.31819 -4.23182 1.44443
      vertex -0.377479 -4.25915 1.44443
    endloop
  endfacet
  facet normal 0.357031 -0.774533 0.522137
    outer loop
      vertex -0.31819 -4.23182 1.44443
      vertex -0.341297 -4.20501 1.5
      vertex -0.377479 -4.25915 1.44443
    endloop
  endfacet
  facet normal 0.357357 -0.774351 0.522185
    outer loop
      vertex -0.341297 -4.20501 1.5
      vertex -0.31819 -4.23182 1.44443
      vertex -0.331221 -4.20036 1.5
    endloop
  endfacet
  facet normal 0.295148 -0.800128 0.52219
    outer loop
      vertex -0.31819 -4.23182 1.44443
      vertex -0.320811 -4.19652 1.5
      vertex -0.331221 -4.20036 1.5
    endloop
  endfacet
  facet normal 0.295214 -0.800109 0.522181
    outer loop
      vertex -0.320811 -4.19652 1.5
      vertex -0.31819 -4.23182 1.44443
      vertex -0.256938 -4.20922 1.44443
    endloop
  endfacet
  facet normal 0.126667 -0.637297 0.760137
    outer loop
      vertex -0.144525 -4.39801 1.21468
      vertex -0.106188 -4.32956 1.26568
      vertex -0.158463 -4.33995 1.26568
    endloop
  endfacet
  facet normal 0.137894 -0.693785 0.706858
    outer loop
      vertex -0.106188 -4.32956 1.26568
      vertex -0.114873 -4.27472 1.3212
      vertex -0.158463 -4.33995 1.26568
    endloop
  endfacet
  facet normal -0.590078 -0.272058 0.760127
    outer loop
      vertex 0.62713 -4.74023 1.26568
      vertex 0.604815 -4.69183 1.26568
      vertex 0.551617 -4.71894 1.21468
    endloop
  endfacet
  facet normal -0.566964 -0.317471 0.760108
    outer loop
      vertex 0.551617 -4.71894 1.21468
      vertex 0.578773 -4.64533 1.26568
      vertex 0.527864 -4.67652 1.21468
    endloop
  endfacet
  facet normal -0.566921 -0.3175 0.760128
    outer loop
      vertex 0.604815 -4.69183 1.26568
      vertex 0.578773 -4.64533 1.26568
      vertex 0.551617 -4.71894 1.21468
    endloop
  endfacet
  facet normal -0.540265 -0.360973 0.76014
    outer loop
      vertex 0.578773 -4.64533 1.26568
      vertex 0.549161 -4.60101 1.26568
      vertex 0.500857 -4.63611 1.21468
    endloop
  endfacet
  facet normal -0.14187 -0.503222 0.852432
    outer loop
      vertex 0.150991 -4.53529 1.1275
      vertex 0.17168 -4.47162 1.16853
      vertex 0.114066 -4.52488 1.1275
    endloop
  endfacet
  facet normal -0.237034 -0.300774 0.92377
    outer loop
      vertex 0.224785 -4.73681 1.06181
      vertex 0.246081 -4.6613 1.09186
      vertex 0.203442 -4.71999 1.06181
    endloop
  endfacet
  facet normal -0.190112 -0.41247 0.890913
    outer loop
      vertex 0.190067 -4.62697 1.09186
      vertex 0.186987 -4.54857 1.1275
      vertex 0.160213 -4.61321 1.09186
    endloop
  endfacet
  facet normal -0.132574 -0.359279 0.923765
    outer loop
      vertex 0.132453 -4.68023 1.06181
      vertex 0.160213 -4.61321 1.09186
      vertex 0.129373 -4.60183 1.09186
    endloop
  endfacet
  facet normal -0.114684 -0.576777 0.808811
    outer loop
      vertex 0.144525 -4.39801 1.21468
      vertex 0.0968475 -4.38853 1.21468
      vertex 0.0869102 -4.45127 1.16853
    endloop
  endfacet
  facet normal -0.141903 -0.503194 0.852443
    outer loop
      vertex 0.17168 -4.47162 1.16853
      vertex 0.129695 -4.45978 1.16853
      vertex 0.114066 -4.52488 1.1275
    endloop
  endfacet
  facet normal -0.203489 -0.551756 0.8088
    outer loop
      vertex 0.236917 -4.42803 1.21468
      vertex 0.19131 -4.41121 1.21468
      vertex 0.17168 -4.47162 1.16853
    endloop
  endfacet
  facet normal -0.224825 -0.609607 0.760153
    outer loop
      vertex 0.236917 -4.42803 1.21468
      vertex 0.209761 -4.35442 1.26568
      vertex 0.19131 -4.41121 1.21468
    endloop
  endfacet
  facet normal -0.578877 -0.626222 0.522253
    outer loop
      vertex 0.603869 -4.38045 1.5
      vertex 0.562112 -4.34185 1.5
      vertex 0.539996 -4.36775 1.44443
    endloop
  endfacet
  facet normal -0.52792 -0.669739 0.522255
    outer loop
      vertex 0.539996 -4.36775 1.44443
      vertex 0.562112 -4.34185 1.5
      vertex 0.517456 -4.30665 1.5
    endloop
  endfacet
  facet normal 0.0277381 -0.706829 0.706841
    outer loop
      vertex -0.0532579 -4.32329 1.26568
      vertex 0 -4.3212 1.26568
      vertex -0.0576134 -4.26794 1.3212
    endloop
  endfacet
  facet normal 0.0831777 -0.702466 0.70684
    outer loop
      vertex -0.0532579 -4.32329 1.26568
      vertex -0.0576134 -4.26794 1.3212
      vertex -0.114873 -4.27472 1.3212
    endloop
  endfacet
  facet normal -0.0298525 -0.760067 0.649159
    outer loop
      vertex 0.0576134 -4.26794 1.3212
      vertex 0.061615 -4.2171 1.38091
      vertex 0 -4.21468 1.38091
    endloop
  endfacet
  facet normal -0.0298145 -0.76005 0.64918
    outer loop
      vertex 0.0576134 -4.26794 1.3212
      vertex 0 -4.21468 1.38091
      vertex 0 -4.26568 1.3212
    endloop
  endfacet
  facet normal -0.263195 -0.713674 0.649152
    outer loop
      vertex 0.281013 -4.32157 1.3212
      vertex 0.242676 -4.25312 1.38091
      vertex 0.226917 -4.30162 1.3212
    endloop
  endfacet
  facet normal -0.148411 -0.746024 0.649171
    outer loop
      vertex 0.171424 -4.28597 1.3212
      vertex 0.183328 -4.23638 1.38091
      vertex 0.114873 -4.27472 1.3212
    endloop
  endfacet
  facet normal -0.157878 -0.793693 0.587475
    outer loop
      vertex 0.183328 -4.23638 1.38091
      vertex 0.13007 -4.17877 1.44443
      vertex 0.12285 -4.22435 1.38091
    endloop
  endfacet
  facet normal -0.148398 -0.746034 0.649162
    outer loop
      vertex 0.183328 -4.23638 1.38091
      vertex 0.12285 -4.22435 1.38091
      vertex 0.114873 -4.27472 1.3212
    endloop
  endfacet
  facet normal 0.0691962 -0.583982 0.808812
    outer loop
      vertex -0.0869102 -4.45127 1.16853
      vertex -0.0485735 -4.38281 1.21468
      vertex -0.0968475 -4.38853 1.21468
    endloop
  endfacet
  facet normal -0.0254788 -0.649258 0.760141
    outer loop
      vertex 0.0532579 -4.32329 1.26568
      vertex 0 -4.3212 1.26568
      vertex 0 -4.38091 1.21468
    endloop
  endfacet
  facet normal -0.0614619 -0.519226 0.852424
    outer loop
      vertex 0.076437 -4.51739 1.1275
      vertex 0.0869102 -4.45127 1.16853
      vertex 0.0383368 -4.51288 1.1275
    endloop
  endfacet
  facet normal -0.102071 -0.512793 0.852423
    outer loop
      vertex 0.114066 -4.52488 1.1275
      vertex 0.0869102 -4.45127 1.16853
      vertex 0.076437 -4.51739 1.1275
    endloop
  endfacet
  facet normal -0.0204406 -0.522417 0.852445
    outer loop
      vertex 0.0383368 -4.51288 1.1275
      vertex 0 -4.44443 1.16853
      vertex 0 -4.51138 1.1275
    endloop
  endfacet
  facet normal 0.0204406 -0.522417 0.852445
    outer loop
      vertex 0 -4.51138 1.1275
      vertex 0 -4.44443 1.16853
      vertex -0.0383368 -4.51288 1.1275
    endloop
  endfacet
  facet normal -0.122869 -0.0969632 0.987675
    outer loop
      vertex 0.095089 -4.93091 1.00693
      vertex 0.157831 -4.88533 1.01921
      vertex 0.0893755 -4.92367 1.00693
    endloop
  endfacet
  facet normal -0.19145 -0.242949 0.950959
    outer loop
      vertex 0.176286 -4.79359 1.03754
      vertex 0.224785 -4.73681 1.06181
      vertex 0.159548 -4.7804 1.03754
    endloop
  endfacet
  facet normal 0.00920741 -0.233435 0.972329
    outer loop
      vertex 0 -4.80491 1.01921
      vertex 0 -4.72856 1.03754
      vertex -0.0212965 -4.7294 1.03754
    endloop
  endfacet
  facet normal 0.00305707 -0.0784497 0.996913
    outer loop
      vertex -0.00307941 -4.96086 1.00077
      vertex 0 -4.96074 1.00077
      vertex -0.00922108 -4.88282 1.00693
    endloop
  endfacet
  facet normal -0.0274532 -0.23201 0.972326
    outer loop
      vertex 0.0305185 -4.80731 1.01921
      vertex 0.0212965 -4.7294 1.03754
      vertex 0.0153065 -4.80551 1.01921
    endloop
  endfacet
  facet normal 0.0121772 -0.309048 0.950968
    outer loop
      vertex -0.0212965 -4.7294 1.03754
      vertex 0 -4.65388 1.06181
      vertex -0.0271559 -4.65495 1.06181
    endloop
  endfacet
  facet normal 0.0177579 -0.453854 0.890899
    outer loop
      vertex 0 -4.58134 1.09186
      vertex 0 -4.51138 1.1275
      vertex -0.0383368 -4.51288 1.1275
    endloop
  endfacet
  facet normal -0.0178228 -0.453825 0.890913
    outer loop
      vertex 0.0328474 -4.58263 1.09186
      vertex 0.0383368 -4.51288 1.1275
      vertex 0 -4.58134 1.09186
    endloop
  endfacet
  facet normal -0.129518 -0.280888 0.950961
    outer loop
      vertex 0.157133 -4.69161 1.06181
      vertex 0.132453 -4.68023 1.06181
      vertex 0.103875 -4.74922 1.03754
    endloop
  endfacet
  facet normal 0.0362792 -0.307152 0.950969
    outer loop
      vertex -0.0212965 -4.7294 1.03754
      vertex -0.0271559 -4.65495 1.06181
      vertex -0.0424623 -4.7319 1.03754
    endloop
  endfacet
  facet normal 0.242941 -0.191451 0.950961
    outer loop
      vertex -0.2196 -4.84045 1.03754
      vertex -0.263189 -4.77521 1.06181
      vertex -0.280014 -4.79656 1.06181
    endloop
  endfacet
  facet normal 0.212145 -0.0978278 0.972329
    outer loop
      vertex -0.18024 -4.92534 1.01921
      vertex -0.241855 -4.87677 1.03754
      vertex -0.250778 -4.89612 1.03754
    endloop
  endfacet
  facet normal 0.142129 -0.0655367 0.987676
    outer loop
      vertex -0.10859 -4.95502 1.00693
      vertex -0.173826 -4.91143 1.01921
      vertex -0.18024 -4.92534 1.01921
    endloop
  endfacet
  facet normal 0.280878 -0.129523 0.950963
    outer loop
      vertex -0.250778 -4.89612 1.03754
      vertex -0.241855 -4.87677 1.03754
      vertex -0.308393 -4.84287 1.06181
    endloop
  endfacet
  facet normal 0.0272462 -0.0736284 0.996913
    outer loop
      vertex -0.0150232 -4.96373 1.00077
      vertex -0.0121317 -4.96266 1.00077
      vertex -0.0449791 -4.89141 1.00693
    endloop
  endfacet
  facet normal 0.171534 -0.158589 0.97233
    outer loop
      vertex -0.137949 -4.86205 1.01921
      vertex -0.191936 -4.80806 1.03754
      vertex -0.206405 -4.82371 1.03754
    endloop
  endfacet
  facet normal 0.43469 -0.290452 0.852457
    outer loop
      vertex -0.395303 -4.7128 1.1275
      vertex -0.449466 -4.67344 1.16853
      vertex -0.473701 -4.70971 1.16853
    endloop
  endfacet
  facet normal 0.237034 -0.300774 0.92377
    outer loop
      vertex -0.224785 -4.73681 1.06181
      vertex -0.203442 -4.71999 1.06181
      vertex -0.246081 -4.6613 1.09186
    endloop
  endfacet
  facet normal 0.107099 -0.290175 0.950962
    outer loop
      vertex -0.103875 -4.74922 1.03754
      vertex -0.0838795 -4.74184 1.03754
      vertex -0.132453 -4.68023 1.06181
    endloop
  endfacet
  facet normal 0.080824 -0.219167 0.972334
    outer loop
      vertex -0.0746574 -4.81976 1.01921
      vertex -0.0602856 -4.81446 1.01921
      vertex -0.0838795 -4.74184 1.03754
    endloop
  endfacet
  facet normal 0.0765228 -0.136539 0.987675
    outer loop
      vertex -0.0614128 -4.89978 1.00693
      vertex -0.0885687 -4.82617 1.01921
      vertex -0.101933 -4.83366 1.01921
    endloop
  endfacet
  facet normal 0.097764 -0.212172 0.97233
    outer loop
      vertex -0.0885687 -4.82617 1.01921
      vertex -0.0746574 -4.81976 1.01921
      vertex -0.123231 -4.75814 1.03754
    endloop
  endfacet
  facet normal 0.269884 -0.151098 0.950964
    outer loop
      vertex -0.231441 -4.85817 1.03754
      vertex -0.295113 -4.81915 1.06181
      vertex -0.308393 -4.84287 1.06181
    endloop
  endfacet
  facet normal 0.212148 -0.0978231 0.972329
    outer loop
      vertex -0.18024 -4.92534 1.01921
      vertex -0.173826 -4.91143 1.01921
      vertex -0.241855 -4.87677 1.03754
    endloop
  endfacet
  facet normal 0.359283 -0.132564 0.923765
    outer loop
      vertex -0.31977 -4.86755 1.06181
      vertex -0.38679 -4.83979 1.09186
      vertex -0.398169 -4.87063 1.09186
    endloop
  endfacet
  facet normal 0.412475 -0.190103 0.890912
    outer loop
      vertex -0.38679 -4.83979 1.09186
      vertex -0.373028 -4.80993 1.09186
      vertex -0.451427 -4.81301 1.1275
    endloop
  endfacet
  facet normal 0.281223 -0.259951 0.923764
    outer loop
      vertex -0.263189 -4.77521 1.06181
      vertex -0.296037 -4.70396 1.09186
      vertex -0.318351 -4.7281 1.09186
    endloop
  endfacet
  facet normal 0.333533 -0.308304 0.890901
    outer loop
      vertex -0.318351 -4.7281 1.09186
      vertex -0.296037 -4.70396 1.09186
      vertex -0.345507 -4.65449 1.1275
    endloop
  endfacet
  facet normal 0.103862 -0.368615 0.923762
    outer loop
      vertex -0.106956 -4.67082 1.06181
      vertex -0.0807991 -4.66345 1.06181
      vertex -0.129373 -4.60183 1.09186
    endloop
  endfacet
  facet normal 0.151141 -0.269869 0.950961
    outer loop
      vertex -0.141827 -4.76856 1.03754
      vertex -0.157133 -4.69161 1.06181
      vertex -0.180845 -4.70489 1.06181
    endloop
  endfacet
  facet normal 0.187112 -0.334097 0.923779
    outer loop
      vertex -0.180845 -4.70489 1.06181
      vertex -0.157133 -4.69161 1.06181
      vertex -0.218749 -4.64303 1.09186
    endloop
  endfacet
  facet normal 0.141903 -0.503194 0.852443
    outer loop
      vertex -0.114066 -4.52488 1.1275
      vertex -0.129695 -4.45978 1.16853
      vertex -0.17168 -4.47162 1.16853
    endloop
  endfacet
  facet normal 0.160358 -0.347771 0.923765
    outer loop
      vertex -0.157133 -4.69161 1.06181
      vertex -0.132453 -4.68023 1.06181
      vertex -0.160213 -4.61321 1.09186
    endloop
  endfacet
  facet normal 0.171836 -0.257188 0.950961
    outer loop
      vertex -0.159548 -4.7804 1.03754
      vertex -0.141827 -4.76856 1.03754
      vertex -0.180845 -4.70489 1.06181
    endloop
  endfacet
  facet normal 0.392967 -0.588164 0.706852
    outer loop
      vertex -0.398989 -4.45084 1.26568
      vertex -0.354671 -4.42123 1.26568
      vertex -0.431623 -4.40592 1.3212
    endloop
  endfacet
  facet normal 0.392964 -0.58817 0.706849
    outer loop
      vertex -0.354671 -4.42123 1.26568
      vertex -0.383682 -4.37389 1.3212
      vertex -0.431623 -4.40592 1.3212
    endloop
  endfacet
  facet normal 0.180967 -0.490519 0.852433
    outer loop
      vertex -0.150991 -4.53529 1.1275
      vertex -0.17168 -4.47162 1.16853
      vertex -0.186987 -4.54857 1.1275
    endloop
  endfacet
  facet normal 0.157205 -0.426112 0.890907
    outer loop
      vertex -0.129373 -4.60183 1.09186
      vertex -0.150991 -4.53529 1.1275
      vertex -0.186987 -4.54857 1.1275
    endloop
  endfacet
  facet normal 0.203548 -0.551696 0.808826
    outer loop
      vertex -0.212607 -4.48672 1.16853
      vertex -0.17168 -4.47162 1.16853
      vertex -0.236917 -4.42803 1.21468
    endloop
  endfacet
  facet normal 0.203489 -0.551756 0.8088
    outer loop
      vertex -0.17168 -4.47162 1.16853
      vertex -0.19131 -4.41121 1.21468
      vertex -0.236917 -4.42803 1.21468
    endloop
  endfacet
  facet normal 0.114684 -0.576777 0.808811
    outer loop
      vertex -0.0869102 -4.45127 1.16853
      vertex -0.0968475 -4.38853 1.21468
      vertex -0.144525 -4.39801 1.21468
    endloop
  endfacet
  facet normal 0.0614835 -0.519213 0.85243
    outer loop
      vertex -0.0383368 -4.51288 1.1275
      vertex -0.0435886 -4.44614 1.16853
      vertex -0.0869102 -4.45127 1.16853
    endloop
  endfacet
  facet normal -0.52792 0.669739 0.522255
    outer loop
      vertex 0.562112 -5.65815 1.5
      vertex 0.539996 -5.63225 1.44443
      vertex 0.517456 -5.69335 1.5
    endloop
  endfacet
  facet normal -0.852165 -0.0334747 0.522202
    outer loop
      vertex 0.865523 -5 1.5
      vertex 0.863291 -4.94318 1.5
      vertex 0.83147 -5 1.44443
    endloop
  endfacet
  facet normal -0.808595 -0.0317786 0.587507
    outer loop
      vertex 0.83147 -5 1.44443
      vertex 0.828906 -4.93476 1.44443
      vertex 0.782896 -4.93838 1.38091
    endloop
  endfacet
  facet normal -0.774477 -0.357025 0.522224
    outer loop
      vertex 0.768177 -4.68181 1.44443
      vertex 0.794994 -4.6587 1.5
      vertex 0.740845 -4.62252 1.44443
    endloop
  endfacet
  facet normal -0.774537 -0.356917 0.522209
    outer loop
      vertex 0.794994 -4.6587 1.5
      vertex 0.768177 -4.68181 1.44443
      vertex 0.799639 -4.66878 1.5
    endloop
  endfacet
  facet normal -0.690795 -0.318444 0.64915
    outer loop
      vertex 0.725537 -4.69947 1.38091
      vertex 0.699722 -4.64347 1.38091
      vertex 0.678425 -4.71899 1.3212
    endloop
  endfacet
  facet normal -0.732105 -0.206457 0.649152
    outer loop
      vertex 0.763618 -4.81667 1.38091
      vertex 0.746881 -4.75732 1.38091
      vertex 0.698381 -4.77308 1.3212
    endloop
  endfacet
  facet normal -0.713638 -0.26329 0.649153
    outer loop
      vertex 0.698381 -4.77308 1.3212
      vertex 0.746881 -4.75732 1.38091
      vertex 0.678425 -4.71899 1.3212
    endloop
  endfacet
  facet normal -0.793667 -0.157878 0.587509
    outer loop
      vertex 0.821233 -4.86993 1.44443
      vertex 0.808496 -4.8059 1.44443
      vertex 0.763618 -4.81667 1.38091
    endloop
  endfacet
  facet normal -0.77884 -0.219647 0.587506
    outer loop
      vertex 0.808496 -4.8059 1.44443
      vertex 0.790774 -4.74306 1.44443
      vertex 0.763618 -4.81667 1.38091
    endloop
  endfacet
  facet normal -0.402305 -0.510268 0.760117
    outer loop
      vertex 0.402069 -4.52924 1.21468
      vertex 0.440845 -4.48384 1.26568
      vertex 0.398989 -4.45084 1.26568
    endloop
  endfacet
  facet normal -0.480099 -0.519484 0.706853
    outer loop
      vertex 0.519244 -4.48075 1.3212
      vertex 0.476904 -4.44162 1.3212
      vertex 0.440845 -4.48384 1.26568
    endloop
  endfacet
  facet normal -0.338835 -0.734859 0.587514
    outer loop
      vertex 0.356526 -4.30028 1.38091
      vertex 0.31819 -4.23182 1.44443
      vertex 0.300528 -4.27446 1.38091
    endloop
  endfacet
  facet normal -0.219632 -0.778825 0.587531
    outer loop
      vertex 0.256938 -4.20922 1.44443
      vertex 0.194102 -4.1915 1.44443
      vertex 0.183328 -4.23638 1.38091
    endloop
  endfacet
  facet normal -0.345707 -0.617137 0.706844
    outer loop
      vertex 0.354671 -4.42123 1.26568
      vertex 0.333375 -4.34571 1.3212
      vertex 0.308168 -4.39518 1.26568
    endloop
  endfacet
  facet normal -0.318486 -0.690827 0.649096
    outer loop
      vertex 0.333375 -4.34571 1.3212
      vertex 0.356526 -4.30028 1.38091
      vertex 0.281013 -4.32157 1.3212
    endloop
  endfacet
  facet normal -0.555553 -0.437926 0.706811
    outer loop
      vertex 0.549161 -4.60101 1.26568
      vertex 0.558383 -4.5231 1.3212
      vertex 0.516164 -4.55915 1.26568
    endloop
  endfacet
  facet normal -0.558631 -0.516275 0.649146
    outer loop
      vertex 0.558383 -4.5231 1.3212
      vertex 0.597159 -4.48998 1.38091
      vertex 0.519244 -4.48075 1.3212
    endloop
  endfacet
  facet normal 0.846908 0.100215 0.522211
    outer loop
      vertex -0.861551 -5.07893 1.5
      vertex -0.828906 -5.06524 1.44443
      vertex -0.862855 -5.06791 1.5
    endloop
  endfacet
  facet normal 0.846904 0.100236 0.522213
    outer loop
      vertex -0.828906 -5.06524 1.44443
      vertex -0.861551 -5.07893 1.5
      vertex -0.821233 -5.13007 1.44443
    endloop
  endfacet
  facet normal 0.852157 -0.0335023 0.522212
    outer loop
      vertex -0.863291 -4.94318 1.5
      vertex -0.828906 -4.93476 1.44443
      vertex -0.862855 -4.93209 1.5
    endloop
  endfacet
  facet normal 0.852157 -0.0334906 0.522214
    outer loop
      vertex -0.828906 -4.93476 1.44443
      vertex -0.863291 -4.94318 1.5
      vertex -0.83147 -5 1.44443
    endloop
  endfacet
  facet normal 0.836428 -0.166386 0.522211
    outer loop
      vertex -0.821233 -4.86993 1.44443
      vertex -0.843773 -4.80883 1.5
      vertex -0.854867 -4.8646 1.5
    endloop
  endfacet
  facet normal 0.778847 -0.219639 0.5875
    outer loop
      vertex -0.763618 -4.81667 1.38091
      vertex -0.746881 -4.75732 1.38091
      vertex -0.790774 -4.74306 1.44443
    endloop
  endfacet
  facet normal 0.820798 -0.231483 0.522213
    outer loop
      vertex -0.808496 -4.8059 1.44443
      vertex -0.838597 -4.78727 1.5
      vertex -0.841609 -4.79795 1.5
    endloop
  endfacet
  facet normal 0.820799 -0.23148 0.522212
    outer loop
      vertex -0.838597 -4.78727 1.5
      vertex -0.808496 -4.8059 1.44443
      vertex -0.790774 -4.74306 1.44443
    endloop
  endfacet
  facet normal 0.626292 -0.578885 0.522159
    outer loop
      vertex -0.632254 -4.46 1.44443
      vertex -0.619549 -4.39613 1.5
      vertex -0.658148 -4.43789 1.5
    endloop
  endfacet
  facet normal 0.590078 -0.272059 0.760126
    outer loop
      vertex -0.571968 -4.76308 1.21468
      vertex -0.551617 -4.71894 1.21468
      vertex -0.62713 -4.74023 1.26568
    endloop
  endfacet
  facet normal 0.5131 -0.287309 0.808815
    outer loop
      vertex -0.473701 -4.70971 1.16853
      vertex -0.527864 -4.67652 1.21468
      vertex -0.551617 -4.71894 1.21468
    endloop
  endfacet
  facet normal 0.3184 -0.21278 0.923767
    outer loop
      vertex -0.280014 -4.79656 1.06181
      vertex -0.338702 -4.75392 1.09186
      vertex -0.356966 -4.78125 1.09186
    endloop
  endfacet
  facet normal 0.609626 -0.224884 0.76012
    outer loop
      vertex -0.588793 -4.80869 1.21468
      vertex -0.571968 -4.76308 1.21468
      vertex -0.645577 -4.79024 1.26568
    endloop
  endfacet
  facet normal 0.474792 -0.218903 0.85244
    outer loop
      vertex -0.451427 -4.81301 1.1275
      vertex -0.435364 -4.77817 1.1275
      vertex -0.51328 -4.78739 1.16853
    endloop
  endfacet
  facet normal 0.456198 -0.255421 0.852434
    outer loop
      vertex -0.435364 -4.77817 1.1275
      vertex -0.473701 -4.70971 1.16853
      vertex -0.495016 -4.74778 1.16853
    endloop
  endfacet
  facet normal 0.702472 -0.083134 0.70684
    outer loop
      vertex -0.676708 -4.94674 1.26568
      vertex -0.670444 -4.89381 1.26568
      vertex -0.725282 -4.88513 1.3212
    endloop
  endfacet
  facet normal 0.732105 -0.206457 0.649152
    outer loop
      vertex -0.698381 -4.77308 1.3212
      vertex -0.746881 -4.75732 1.38091
      vertex -0.763618 -4.81667 1.38091
    endloop
  endfacet
  facet normal 0.345707 -0.617137 0.706844
    outer loop
      vertex -0.308168 -4.39518 1.26568
      vertex -0.333375 -4.34571 1.3212
      vertex -0.354671 -4.42123 1.26568
    endloop
  endfacet
  facet normal 0.31756 -0.566891 0.760125
    outer loop
      vertex -0.281062 -4.44838 1.21468
      vertex -0.308168 -4.39518 1.26568
      vertex -0.354671 -4.42123 1.26568
    endloop
  endfacet
  facet normal 0.51627 -0.558622 0.649158
    outer loop
      vertex -0.476904 -4.44162 1.3212
      vertex -0.510022 -4.40284 1.38091
      vertex -0.519244 -4.48075 1.3212
    endloop
  endfacet
  facet normal 0.516386 -0.558588 0.649095
    outer loop
      vertex -0.519244 -4.48075 1.3212
      vertex -0.510022 -4.40284 1.38091
      vertex -0.555303 -4.4447 1.38091
    endloop
  endfacet
  facet normal 0.527983 -0.669723 0.522212
    outer loop
      vertex -0.488725 -4.32733 1.44443
      vertex -0.517456 -4.30665 1.5
      vertex -0.539996 -4.36775 1.44443
    endloop
  endfacet
  facet normal 0.527993 -0.669713 0.522214
    outer loop
      vertex -0.517456 -4.30665 1.5
      vertex -0.488725 -4.32733 1.44443
      vertex -0.508742 -4.29978 1.5
    endloop
  endfacet
  facet normal 0.474082 -0.708895 0.52222
    outer loop
      vertex -0.488725 -4.32733 1.44443
      vertex -0.499516 -4.29361 1.5
      vertex -0.508742 -4.29978 1.5
    endloop
  endfacet
  facet normal 0.473869 -0.709015 0.522251
    outer loop
      vertex -0.499516 -4.29361 1.5
      vertex -0.488725 -4.32733 1.44443
      vertex -0.434442 -4.29105 1.44443
    endloop
  endfacet
  facet normal 0.708984 -0.473989 0.522184
    outer loop
      vertex -0.706387 -4.50048 1.5
      vertex -0.672672 -4.51127 1.44443
      vertex -0.700223 -4.49126 1.5
    endloop
  endfacet
  facet normal 0.709109 -0.473767 0.522216
    outer loop
      vertex -0.672672 -4.51127 1.44443
      vertex -0.706387 -4.50048 1.5
      vertex -0.708944 -4.56556 1.44443
    endloop
  endfacet
  facet normal 0.709057 -0.473799 0.522257
    outer loop
      vertex -0.708944 -4.56556 1.44443
      vertex -0.706387 -4.50048 1.5
      vertex -0.73798 -4.54776 1.5
    endloop
  endfacet
  facet normal 0.354882 -0.383934 0.852439
    outer loop
      vertex -0.345507 -4.65449 1.1275
      vertex -0.360813 -4.57754 1.16853
      vertex -0.392847 -4.60715 1.16853
    endloop
  endfacet
  facet normal 0.399171 -0.431848 0.808808
    outer loop
      vertex -0.392847 -4.60715 1.16853
      vertex -0.360813 -4.57754 1.16853
      vertex -0.402069 -4.52924 1.21468
    endloop
  endfacet
  facet normal 0.461759 -0.364109 0.808829
    outer loop
      vertex -0.449466 -4.67344 1.16853
      vertex -0.422459 -4.63919 1.16853
      vertex -0.470762 -4.59793 1.21468
    endloop
  endfacet
  facet normal 0.43185 -0.399124 0.80883
    outer loop
      vertex -0.422459 -4.63919 1.16853
      vertex -0.392847 -4.60715 1.16853
      vertex -0.470762 -4.59793 1.21468
    endloop
  endfacet
  facet normal 0.555553 -0.437926 0.706811
    outer loop
      vertex -0.549161 -4.60101 1.26568
      vertex -0.516164 -4.55915 1.26568
      vertex -0.558383 -4.5231 1.3212
    endloop
  endfacet
  facet normal 0.51944 -0.480156 0.706847
    outer loop
      vertex -0.516164 -4.55915 1.26568
      vertex -0.479984 -4.52001 1.26568
      vertex -0.519244 -4.48075 1.3212
    endloop
  endfacet
  facet normal 0.488924 -0.32676 0.808814
    outer loop
      vertex -0.473701 -4.70971 1.16853
      vertex -0.500857 -4.63611 1.21468
      vertex -0.527864 -4.67652 1.21468
    endloop
  endfacet
  facet normal 0.540253 -0.361064 0.760105
    outer loop
      vertex -0.527864 -4.67652 1.21468
      vertex -0.500857 -4.63611 1.21468
      vertex -0.578773 -4.64533 1.26568
    endloop
  endfacet
  facet normal 0.477138 -0.441054 0.760139
    outer loop
      vertex -0.470762 -4.59793 1.21468
      vertex -0.479984 -4.52001 1.26568
      vertex -0.516164 -4.55915 1.26568
    endloop
  endfacet
  facet normal 0.47717 -0.441041 0.760126
    outer loop
      vertex -0.470762 -4.59793 1.21468
      vertex -0.437765 -4.56223 1.21468
      vertex -0.479984 -4.52001 1.26568
    endloop
  endfacet
  facet normal 0.642424 -0.296126 0.706824
    outer loop
      vertex -0.62713 -4.74023 1.26568
      vertex -0.654285 -4.66662 1.3212
      vertex -0.678425 -4.71899 1.3212
    endloop
  endfacet
  facet normal 0.512783 -0.101984 0.852439
    outer loop
      vertex -0.482605 -4.92356 1.1275
      vertex -0.475121 -4.88593 1.1275
      vertex -0.54873 -4.91309 1.16853
    endloop
  endfacet
  facet normal 0.297689 0.0839653 0.950963
    outer loop
      vertex -0.258155 -5.08388 1.03754
      vertex -0.26394 -5.06337 1.03754
      vertex -0.336554 -5.0808 1.06181
    endloop
  endfacet
  facet normal 0.297689 0.0839582 0.950964
    outer loop
      vertex -0.329176 -5.10696 1.06181
      vertex -0.258155 -5.08388 1.03754
      vertex -0.336554 -5.0808 1.06181
    endloop
  endfacet
  facet normal 0.280878 0.129523 0.950963
    outer loop
      vertex -0.241855 -5.12323 1.03754
      vertex -0.250778 -5.10388 1.03754
      vertex -0.308393 -5.15713 1.06181
    endloop
  endfacet
  facet normal 0.359283 0.132564 0.923765
    outer loop
      vertex -0.38679 -5.16021 1.09186
      vertex -0.31977 -5.13245 1.06181
      vertex -0.398169 -5.12937 1.09186
    endloop
  endfacet
  facet normal 0.0712962 0.0328745 0.996913
    outer loop
      vertex -0.104726 -5.05336 1.00693
      vertex -0.0362711 -5.01502 1.00077
      vertex -0.10859 -5.04498 1.00693
    endloop
  endfacet
  facet normal 0.377634 0.252364 0.890901
    outer loop
      vertex -0.338702 -5.24608 1.09186
      vertex -0.356966 -5.21875 1.09186
      vertex -0.395303 -5.2872 1.1275
    endloop
  endfacet
  facet normal 0.129569 0.280844 0.950967
    outer loop
      vertex -0.103875 -5.25078 1.03754
      vertex -0.123231 -5.24185 1.03754
      vertex -0.157133 -5.30839 1.06181
    endloop
  endfacet
  facet normal 0.0869497 0.130149 0.987675
    outer loop
      vertex -0.101933 -5.16634 1.01921
      vertex -0.0614128 -5.10022 1.00693
      vertex -0.114671 -5.15783 1.01921
    endloop
  endfacet
  facet normal 0.555523 0.43794 0.706826
    outer loop
      vertex -0.558383 -5.4769 1.3212
      vertex -0.549161 -5.39899 1.26568
      vertex -0.594079 -5.43162 1.3212
    endloop
  endfacet
  facet normal 0.632455 0.422599 0.649162
    outer loop
      vertex -0.635334 -5.4616 1.38091
      vertex -0.594079 -5.43162 1.3212
      vertex -0.669592 -5.41033 1.38091
    endloop
  endfacet
  facet normal 0.663665 0.371645 0.649175
    outer loop
      vertex -0.626112 -5.38368 1.3212
      vertex -0.654285 -5.33337 1.3212
      vertex -0.699722 -5.35653 1.38091
    endloop
  endfacet
  facet normal 0.588157 0.393 0.706839
    outer loop
      vertex -0.594079 -5.43162 1.3212
      vertex -0.578773 -5.35467 1.26568
      vertex -0.626112 -5.38368 1.3212
    endloop
  endfacet
  facet normal 0.77884 0.219647 0.587506
    outer loop
      vertex -0.790774 -5.25694 1.44443
      vertex -0.763618 -5.18333 1.38091
      vertex -0.808496 -5.1941 1.44443
    endloop
  endfacet
  facet normal 0.7554 0.0894046 0.649136
    outer loop
      vertex -0.775648 -5.12285 1.38091
      vertex -0.725282 -5.11487 1.3212
      vertex -0.782896 -5.06161 1.38091
    endloop
  endfacet
  facet normal 0.663638 0.244843 0.706849
    outer loop
      vertex -0.678425 -5.28101 1.3212
      vertex -0.645577 -5.20976 1.26568
      vertex -0.698381 -5.22692 1.3212
    endloop
  endfacet
  facet normal 0.609626 0.224884 0.76012
    outer loop
      vertex -0.571968 -5.23692 1.21468
      vertex -0.588793 -5.19131 1.21468
      vertex -0.645577 -5.20976 1.26568
    endloop
  endfacet
  facet normal 0.395404 0.706045 0.5875
    outer loop
      vertex -0.356526 -5.69972 1.38091
      vertex -0.410327 -5.66959 1.38091
      vertex -0.434442 -5.70894 1.44443
    endloop
  endfacet
  facet normal 0.35693 0.774478 0.522288
    outer loop
      vertex -0.341297 -5.79499 1.5
      vertex -0.377479 -5.74084 1.44443
      vertex -0.392939 -5.77119 1.5
    endloop
  endfacet
  facet normal 0.626292 0.578885 0.522159
    outer loop
      vertex -0.619549 -5.60387 1.5
      vertex -0.632254 -5.54 1.44443
      vertex -0.658148 -5.56211 1.5
    endloop
  endfacet
  facet normal 0.395398 0.706053 0.587495
    outer loop
      vertex -0.377479 -5.74084 1.44443
      vertex -0.356526 -5.69972 1.38091
      vertex -0.434442 -5.70894 1.44443
    endloop
  endfacet
  facet normal 0.417175 0.743769 0.522277
    outer loop
      vertex -0.377479 -5.74084 1.44443
      vertex -0.40262 -5.76576 1.5
      vertex -0.392939 -5.77119 1.5
    endloop
  endfacet
  facet normal 0.416698 0.744087 0.522204
    outer loop
      vertex -0.40262 -5.76576 1.5
      vertex -0.377479 -5.74084 1.44443
      vertex -0.434442 -5.70894 1.44443
    endloop
  endfacet
  facet normal 0.774477 0.357063 0.522199
    outer loop
      vertex -0.771186 -5.39294 1.5
      vertex -0.740845 -5.37748 1.44443
      vertex -0.794994 -5.3413 1.5
    endloop
  endfacet
  facet normal 0.706033 0.39542 0.587504
    outer loop
      vertex -0.708944 -5.43444 1.44443
      vertex -0.699722 -5.35653 1.38091
      vertex -0.740845 -5.37748 1.44443
    endloop
  endfacet
  facet normal 0.744087 0.416704 0.522199
    outer loop
      vertex -0.765765 -5.40262 1.5
      vertex -0.740845 -5.37748 1.44443
      vertex -0.771186 -5.39294 1.5
    endloop
  endfacet
  facet normal 0.744073 0.416725 0.522202
    outer loop
      vertex -0.740845 -5.37748 1.44443
      vertex -0.765765 -5.40262 1.5
      vertex -0.708944 -5.43444 1.44443
    endloop
  endfacet
  facet normal 0.706045 0.395412 0.587495
    outer loop
      vertex -0.669592 -5.41033 1.38091
      vertex -0.699722 -5.35653 1.38091
      vertex -0.708944 -5.43444 1.44443
    endloop
  endfacet
  facet normal 0.663664 0.371676 0.649159
    outer loop
      vertex -0.669592 -5.41033 1.38091
      vertex -0.626112 -5.38368 1.3212
      vertex -0.699722 -5.35653 1.38091
    endloop
  endfacet
  facet normal 0.57885 0.626284 0.522208
    outer loop
      vertex -0.587937 -5.58794 1.44443
      vertex -0.603869 -5.61955 1.5
      vertex -0.539996 -5.63225 1.44443
    endloop
  endfacet
  facet normal 0.578811 0.626315 0.522214
    outer loop
      vertex -0.603869 -5.61955 1.5
      vertex -0.587937 -5.58794 1.44443
      vertex -0.612017 -5.61202 1.5
    endloop
  endfacet
  facet normal 0.209962 0.227101 0.950969
    outer loop
      vertex -0.224785 -5.26319 1.06181
      vertex -0.176286 -5.2064 1.03754
      vertex -0.244741 -5.24474 1.06181
    endloop
  endfacet
  facet normal 0.333533 0.308304 0.890901
    outer loop
      vertex -0.296037 -5.29604 1.09186
      vertex -0.318351 -5.2719 1.09186
      vertex -0.345507 -5.34551 1.1275
    endloop
  endfacet
  facet normal 0.237034 0.300774 0.92377
    outer loop
      vertex -0.203442 -5.28001 1.06181
      vertex -0.224785 -5.26319 1.06181
      vertex -0.246081 -5.3387 1.09186
    endloop
  endfacet
  facet normal 0.191456 0.24294 0.95096
    outer loop
      vertex -0.203442 -5.28001 1.06181
      vertex -0.159548 -5.2196 1.03754
      vertex -0.224785 -5.26319 1.06181
    endloop
  endfacet
  facet normal 0.354882 0.383934 0.852439
    outer loop
      vertex -0.360813 -5.42246 1.16853
      vertex -0.345507 -5.34551 1.1275
      vertex -0.392847 -5.39285 1.16853
    endloop
  endfacet
  facet normal 0.354861 0.383942 0.852445
    outer loop
      vertex -0.317333 -5.37155 1.1275
      vertex -0.345507 -5.34551 1.1275
      vertex -0.360813 -5.42246 1.16853
    endloop
  endfacet
  facet normal 0.382663 -0.015027 0.923766
    outer loop
      vertex -0.346117 -5 1.06181
      vertex -0.417369 -4.96715 1.09186
      vertex -0.418659 -5 1.09186
    endloop
  endfacet
  facet normal 0.512783 0.101984 0.852439
    outer loop
      vertex -0.475121 -5.11407 1.1275
      vertex -0.482605 -5.07644 1.1275
      vertex -0.54873 -5.08691 1.16853
    endloop
  endfacet
  facet normal 0.680813 0.191989 0.706848
    outer loop
      vertex -0.698381 -5.22692 1.3212
      vertex -0.645577 -5.20976 1.26568
      vertex -0.714032 -5.17142 1.3212
    endloop
  endfacet
  facet normal 0.663676 0.244808 0.706826
    outer loop
      vertex -0.62713 -5.25977 1.26568
      vertex -0.645577 -5.20976 1.26568
      vertex -0.678425 -5.28101 1.3212
    endloop
  endfacet
  facet normal 0.356715 0.281159 0.890901
    outer loop
      vertex -0.318351 -5.2719 1.09186
      vertex -0.338702 -5.24608 1.09186
      vertex -0.395303 -5.2872 1.1275
    endloop
  endfacet
  facet normal 0.410578 0.323679 0.852442
    outer loop
      vertex -0.37155 -5.31733 1.1275
      vertex -0.395303 -5.2872 1.1275
      vertex -0.422459 -5.36081 1.16853
    endloop
  endfacet
  facet normal 0.51307 0.28736 0.808816
    outer loop
      vertex -0.527864 -5.32347 1.21468
      vertex -0.473701 -5.29028 1.16853
      vertex -0.551617 -5.28106 1.21468
    endloop
  endfacet
  facet normal 0.48896 0.326703 0.808816
    outer loop
      vertex -0.500857 -5.36389 1.21468
      vertex -0.473701 -5.29028 1.16853
      vertex -0.527864 -5.32347 1.21468
    endloop
  endfacet
  facet normal 0.534016 0.246233 0.808824
    outer loop
      vertex -0.495016 -5.25222 1.16853
      vertex -0.51328 -5.21261 1.16853
      vertex -0.551617 -5.28106 1.21468
    endloop
  endfacet
  facet normal 0.474792 0.218903 0.85244
    outer loop
      vertex -0.435364 -5.22183 1.1275
      vertex -0.451427 -5.18699 1.1275
      vertex -0.51328 -5.21261 1.16853
    endloop
  endfacet
  facet normal 0.453846 -0.0178222 0.890902
    outer loop
      vertex -0.418659 -5 1.09186
      vertex -0.417369 -4.96715 1.09186
      vertex -0.487115 -4.96166 1.1275
    endloop
  endfacet
  facet normal 0.451046 -0.0533915 0.890902
    outer loop
      vertex -0.417369 -4.96715 1.09186
      vertex -0.482605 -4.92356 1.1275
      vertex -0.487115 -4.96166 1.1275
    endloop
  endfacet
  facet normal 0.297689 -0.0839582 0.950964
    outer loop
      vertex -0.258155 -4.91612 1.03754
      vertex -0.329176 -4.89304 1.06181
      vertex -0.336554 -4.9192 1.06181
    endloop
  endfacet
  facet normal 0.445464 -0.0886092 0.890904
    outer loop
      vertex -0.413505 -4.93451 1.09186
      vertex -0.407092 -4.90227 1.09186
      vertex -0.482605 -4.92356 1.1275
    endloop
  endfacet
  facet normal 0.0779695 0.00920856 0.996913
    outer loop
      vertex -0.0387764 -5.00614 1.00077
      vertex -0.0391378 -5.00308 1.00077
      vertex -0.117174 -5.00922 1.00693
    endloop
  endfacet
  facet normal 0.233438 -0.0091637 0.972329
    outer loop
      vertex -0.19509 -5 1.01921
      vertex -0.194489 -4.98469 1.01921
      vertex -0.270603 -4.9787 1.03754
    endloop
  endfacet
  facet normal 0.233435 -0.00917302 0.972329
    outer loop
      vertex -0.19509 -5 1.01921
      vertex -0.270603 -4.9787 1.03754
      vertex -0.27144 -5 1.03754
    endloop
  endfacet
  facet normal 0.382661 -0.0150331 0.923767
    outer loop
      vertex -0.346117 -5 1.06181
      vertex -0.34505 -4.97284 1.06181
      vertex -0.417369 -4.96715 1.09186
    endloop
  endfacet
  facet normal 0.153504 -0.0305482 0.987676
    outer loop
      vertex -0.11609 -4.98161 1.00693
      vertex -0.114289 -4.97256 1.00693
      vertex -0.192688 -4.96948 1.01921
    endloop
  endfacet
  facet normal 0.303363 -0.0603245 0.950964
    outer loop
      vertex -0.268098 -4.95754 1.03754
      vertex -0.26394 -4.93663 1.03754
      vertex -0.336554 -4.9192 1.06181
    endloop
  endfacet
  facet normal 0.347786 0.160322 0.923765
    outer loop
      vertex -0.308393 -5.15713 1.06181
      vertex -0.31977 -5.13245 1.06181
      vertex -0.38679 -5.16021 1.09186
    endloop
  endfacet
  facet normal 0.334116 0.187119 0.923771
    outer loop
      vertex -0.356966 -5.21875 1.09186
      vertex -0.308393 -5.15713 1.06181
      vertex -0.373028 -5.19007 1.09186
    endloop
  endfacet
  facet normal 0.490516 0.180919 0.852445
    outer loop
      vertex -0.451427 -5.18699 1.1275
      vertex -0.464705 -5.15099 1.1275
      vertex -0.528378 -5.17168 1.16853
    endloop
  endfacet
  facet normal 0.503176 0.141958 0.852445
    outer loop
      vertex -0.464705 -5.15099 1.1275
      vertex -0.475121 -5.11407 1.1275
      vertex -0.528378 -5.17168 1.16853
    endloop
  endfacet
  facet normal 0.437132 0.123278 0.890909
    outer loop
      vertex -0.398169 -5.12937 1.09186
      vertex -0.407092 -5.09773 1.09186
      vertex -0.475121 -5.11407 1.1275
    endloop
  endfacet
  facet normal 0.5192 0.0614592 0.85244
    outer loop
      vertex -0.482605 -5.07644 1.1275
      vertex -0.487115 -5.03834 1.1275
      vertex -0.54873 -5.08691 1.16853
    endloop
  endfacet
  facet normal 0.309062 0.0121417 0.950964
    outer loop
      vertex -0.34505 -5.02716 1.06181
      vertex -0.270603 -5.0213 1.03754
      vertex -0.346117 -5 1.06181
    endloop
  endfacet
  facet normal 0.307156 0.0363622 0.950964
    outer loop
      vertex -0.268098 -5.04246 1.03754
      vertex -0.270603 -5.0213 1.03754
      vertex -0.34505 -5.02716 1.06181
    endloop
  endfacet
  facet normal 0.21918 0.0808445 0.972329
    outer loop
      vertex -0.250778 -5.10388 1.03754
      vertex -0.18024 -5.07466 1.01921
      vertex -0.258155 -5.08388 1.03754
    endloop
  endfacet
  facet normal 0.229131 0.0455632 0.972329
    outer loop
      vertex -0.26394 -5.06337 1.03754
      vertex -0.192688 -5.03052 1.01921
      vertex -0.268098 -5.04246 1.03754
    endloop
  endfacet
  facet normal -0.14187 0.503222 0.852432
    outer loop
      vertex 0.17168 -5.52838 1.16853
      vertex 0.150991 -5.46471 1.1275
      vertex 0.114066 -5.47512 1.1275
    endloop
  endfacet
  facet normal -0.0614769 0.519157 0.852465
    outer loop
      vertex 0.0435886 -5.55386 1.16853
      vertex 0.0869102 -5.54873 1.16853
      vertex 0.0383368 -5.48711 1.1275
    endloop
  endfacet
  facet normal 0.114717 0.576752 0.808824
    outer loop
      vertex -0.0869102 -5.54873 1.16853
      vertex -0.129695 -5.54022 1.16853
      vertex -0.144525 -5.60199 1.21468
    endloop
  endfacet
  facet normal 0.159689 0.565989 0.808799
    outer loop
      vertex -0.144525 -5.60199 1.21468
      vertex -0.17168 -5.52838 1.16853
      vertex -0.19131 -5.58879 1.21468
    endloop
  endfacet
  facet normal 0.129518 0.280888 0.950961
    outer loop
      vertex -0.132453 -5.31977 1.06181
      vertex -0.103875 -5.25078 1.03754
      vertex -0.157133 -5.30839 1.06181
    endloop
  endfacet
  facet normal 0.246162 0.53406 0.808816
    outer loop
      vertex -0.212607 -5.51328 1.16853
      vertex -0.252223 -5.49502 1.16853
      vertex -0.281062 -5.55162 1.21468
    endloop
  endfacet
  facet normal 0.0885525 0.445474 0.890905
    outer loop
      vertex -0.076437 -5.4826 1.1275
      vertex -0.0977335 -5.40709 1.09186
      vertex -0.114066 -5.47512 1.1275
    endloop
  endfacet
  facet normal 0.218984 0.474774 0.852429
    outer loop
      vertex -0.212607 -5.51328 1.16853
      vertex -0.186987 -5.45143 1.1275
      vertex -0.221828 -5.43536 1.1275
    endloop
  endfacet
  facet normal 0.323683 0.410542 0.852458
    outer loop
      vertex -0.326555 -5.44947 1.16853
      vertex -0.287204 -5.3953 1.1275
      vertex -0.360813 -5.42246 1.16853
    endloop
  endfacet
  facet normal 0.3641 0.461804 0.808807
    outer loop
      vertex -0.326555 -5.44947 1.16853
      vertex -0.360813 -5.42246 1.16853
      vertex -0.402069 -5.47076 1.21468
    endloop
  endfacet
  facet normal -0.15108 0.269883 0.950967
    outer loop
      vertex 0.157133 -5.30839 1.06181
      vertex 0.141827 -5.23144 1.03754
      vertex 0.123231 -5.24185 1.03754
    endloop
  endfacet
  facet normal -0.129569 0.280844 0.950967
    outer loop
      vertex 0.157133 -5.30839 1.06181
      vertex 0.123231 -5.24185 1.03754
      vertex 0.103875 -5.25078 1.03754
    endloop
  endfacet
  facet normal 0.0274532 0.23201 0.972326
    outer loop
      vertex -0.0212965 -5.2706 1.03754
      vertex -0.0153065 -5.19449 1.01921
      vertex -0.0305185 -5.19269 1.01921
    endloop
  endfacet
  facet normal 0.160294 0.347777 0.923773
    outer loop
      vertex -0.160213 -5.38679 1.09186
      vertex -0.157133 -5.30839 1.06181
      vertex -0.190067 -5.37303 1.09186
    endloop
  endfacet
  facet normal -0.212814 0.31837 0.92377
    outer loop
      vertex 0.218749 -5.35697 1.09186
      vertex 0.246081 -5.3387 1.09186
      vertex 0.203442 -5.28001 1.06181
    endloop
  endfacet
  facet normal -0.171856 0.257181 0.950959
    outer loop
      vertex 0.180845 -5.29511 1.06181
      vertex 0.203442 -5.28001 1.06181
      vertex 0.159548 -5.2196 1.03754
    endloop
  endfacet
  facet normal -0.412472 0.19017 0.8909
    outer loop
      vertex 0.435364 -5.22183 1.1275
      vertex 0.451427 -5.18699 1.1275
      vertex 0.373028 -5.19007 1.09186
    endloop
  endfacet
  facet normal -0.426099 0.157217 0.890911
    outer loop
      vertex 0.451427 -5.18699 1.1275
      vertex 0.398169 -5.12937 1.09186
      vertex 0.38679 -5.16021 1.09186
    endloop
  endfacet
  facet normal -0.221916 0.396325 0.890887
    outer loop
      vertex 0.221828 -5.43536 1.1275
      vertex 0.218749 -5.35697 1.09186
      vertex 0.190067 -5.37303 1.09186
    endloop
  endfacet
  facet normal -0.434718 0.290457 0.852441
    outer loop
      vertex 0.473701 -5.29028 1.16853
      vertex 0.416617 -5.2553 1.1275
      vertex 0.395303 -5.2872 1.1275
    endloop
  endfacet
  facet normal -0.69378 0.138026 0.706837
    outer loop
      vertex 0.725282 -5.11487 1.3212
      vertex 0.670444 -5.10619 1.26568
      vertex 0.660045 -5.15846 1.26568
    endloop
  endfacet
  facet normal -0.649276 -0.0255151 0.760124
    outer loop
      vertex 0.678801 -5 1.26568
      vertex 0.676708 -4.94674 1.26568
      vertex 0.619094 -5 1.21468
    endloop
  endfacet
  facet normal -0.490517 0.180939 0.85244
    outer loop
      vertex 0.51328 -5.21261 1.16853
      vertex 0.528378 -5.17168 1.16853
      vertex 0.451427 -5.18699 1.1275
    endloop
  endfacet
  facet normal -0.512783 -0.101984 0.852439
    outer loop
      vertex 0.482605 -4.92356 1.1275
      vertex 0.54873 -4.91309 1.16853
      vertex 0.475121 -4.88593 1.1275
    endloop
  endfacet
  facet normal -0.437132 -0.123278 0.890909
    outer loop
      vertex 0.407092 -4.90227 1.09186
      vertex 0.475121 -4.88593 1.1275
      vertex 0.398169 -4.87063 1.09186
    endloop
  endfacet
  facet normal -0.437137 -0.123327 0.8909
    outer loop
      vertex 0.475121 -4.88593 1.1275
      vertex 0.464705 -4.84901 1.1275
      vertex 0.398169 -4.87063 1.09186
    endloop
  endfacet
  facet normal -0.309062 -0.0121417 0.950964
    outer loop
      vertex 0.346117 -5 1.06181
      vertex 0.34505 -4.97284 1.06181
      vertex 0.270603 -4.9787 1.03754
    endloop
  endfacet
  facet normal -0.583986 -0.0691158 0.808816
    outer loop
      vertex 0.553857 -4.95641 1.16853
      vertex 0.617185 -4.95143 1.21468
      vertex 0.54873 -4.91309 1.16853
    endloop
  endfacet
  facet normal -0.713638 0.26329 0.649153
    outer loop
      vertex 0.746881 -5.24268 1.38091
      vertex 0.698381 -5.22692 1.3212
      vertex 0.678425 -5.28101 1.3212
    endloop
  endfacet
  facet normal -0.609625 0.22487 0.760126
    outer loop
      vertex 0.62713 -5.25977 1.26568
      vertex 0.645577 -5.20976 1.26568
      vertex 0.571968 -5.23692 1.21468
    endloop
  endfacet
  facet normal -0.632455 0.4226 0.649161
    outer loop
      vertex 0.669592 -5.41033 1.38091
      vertex 0.626112 -5.38368 1.3212
      vertex 0.594079 -5.43162 1.3212
    endloop
  endfacet
  facet normal -0.399125 0.431863 0.808823
    outer loop
      vertex 0.402069 -5.47076 1.21468
      vertex 0.437765 -5.43777 1.21468
      vertex 0.392847 -5.39285 1.16853
    endloop
  endfacet
  facet normal 0.0205768 0.522416 0.852443
    outer loop
      vertex 0 -5.55557 1.16853
      vertex 0 -5.48862 1.1275
      vertex -0.0383368 -5.48711 1.1275
    endloop
  endfacet
  facet normal -0.0748275 0.37562 0.923748
    outer loop
      vertex 0.0654926 -5.4135 1.09186
      vertex 0.0807991 -5.33655 1.06181
      vertex 0.0541439 -5.34186 1.06181
    endloop
  endfacet
  facet normal -0.126796 0.637332 0.760086
    outer loop
      vertex 0.158463 -5.66004 1.26568
      vertex 0.144525 -5.60199 1.21468
      vertex 0.106188 -5.67044 1.26568
    endloop
  endfacet
  facet normal -0.12672 0.637312 0.760116
    outer loop
      vertex 0.106188 -5.67044 1.26568
      vertex 0.144525 -5.60199 1.21468
      vertex 0.0968475 -5.61147 1.21468
    endloop
  endfacet
  facet normal -0.399171 0.431848 0.808808
    outer loop
      vertex 0.402069 -5.47076 1.21468
      vertex 0.392847 -5.39285 1.16853
      vertex 0.360813 -5.42246 1.16853
    endloop
  endfacet
  facet normal -0.190244 0.412464 0.890888
    outer loop
      vertex 0.221828 -5.43536 1.1275
      vertex 0.190067 -5.37303 1.09186
      vertex 0.186987 -5.45143 1.1275
    endloop
  endfacet
  facet normal -0.287389 0.513054 0.808816
    outer loop
      vertex 0.281062 -5.55162 1.21468
      vertex 0.290284 -5.4737 1.16853
      vertex 0.252223 -5.49502 1.16853
    endloop
  endfacet
  facet normal -0.354861 0.383942 0.852445
    outer loop
      vertex 0.360813 -5.42246 1.16853
      vertex 0.345507 -5.34551 1.1275
      vertex 0.317333 -5.37155 1.1275
    endloop
  endfacet
  facet normal -0.255401 0.456219 0.852429
    outer loop
      vertex 0.290284 -5.4737 1.16853
      vertex 0.255303 -5.41662 1.1275
      vertex 0.221828 -5.43536 1.1275
    endloop
  endfacet
  facet normal -0.323658 0.41059 0.852444
    outer loop
      vertex 0.360813 -5.42246 1.16853
      vertex 0.317333 -5.37155 1.1275
      vertex 0.287204 -5.3953 1.1275
    endloop
  endfacet
  facet normal -0.255488 0.456103 0.852465
    outer loop
      vertex 0.252223 -5.49502 1.16853
      vertex 0.290284 -5.4737 1.16853
      vertex 0.221828 -5.43536 1.1275
    endloop
  endfacet
  facet normal -0.290517 0.434699 0.85243
    outer loop
      vertex 0.290284 -5.4737 1.16853
      vertex 0.287204 -5.3953 1.1275
      vertex 0.255303 -5.41662 1.1275
    endloop
  endfacet
  facet normal -0.203548 0.551696 0.808826
    outer loop
      vertex 0.236917 -5.57197 1.21468
      vertex 0.212607 -5.51328 1.16853
      vertex 0.17168 -5.52838 1.16853
    endloop
  endfacet
  facet normal -0.246181 0.534037 0.808826
    outer loop
      vertex 0.236917 -5.57197 1.21468
      vertex 0.281062 -5.55162 1.21468
      vertex 0.212607 -5.51328 1.16853
    endloop
  endfacet
  facet normal -0.663638 0.244843 0.706849
    outer loop
      vertex 0.678425 -5.28101 1.3212
      vertex 0.698381 -5.22692 1.3212
      vertex 0.645577 -5.20976 1.26568
    endloop
  endfacet
  facet normal -0.706828 0.0277652 0.706841
    outer loop
      vertex 0.732059 -5.05761 1.3212
      vertex 0.734322 -5 1.3212
      vertex 0.678801 -5 1.26568
    endloop
  endfacet
  facet normal -0.803604 0.0951098 0.587516
    outer loop
      vertex 0.821233 -5.13007 1.44443
      vertex 0.782896 -5.06161 1.38091
      vertex 0.775648 -5.12285 1.38091
    endloop
  endfacet
  facet normal -0.793665 0.157867 0.587516
    outer loop
      vertex 0.821233 -5.13007 1.44443
      vertex 0.775648 -5.12285 1.38091
      vertex 0.763618 -5.18333 1.38091
    endloop
  endfacet
  facet normal -0.477083 0.441116 0.760137
    outer loop
      vertex 0.479984 -5.47998 1.26568
      vertex 0.516164 -5.44085 1.26568
      vertex 0.470762 -5.40207 1.21468
    endloop
  endfacet
  facet normal -0.519377 0.480221 0.706849
    outer loop
      vertex 0.519244 -5.51924 1.3212
      vertex 0.516164 -5.44085 1.26568
      vertex 0.479984 -5.47998 1.26568
    endloop
  endfacet
  facet normal -0.637284 0.126775 0.76013
    outer loop
      vertex 0.670444 -5.10619 1.26568
      vertex 0.611471 -5.09685 1.21468
      vertex 0.601988 -5.14452 1.21468
    endloop
  endfacet
  facet normal -0.490516 0.180919 0.852445
    outer loop
      vertex 0.528378 -5.17168 1.16853
      vertex 0.464705 -5.15099 1.1275
      vertex 0.451427 -5.18699 1.1275
    endloop
  endfacet
  facet normal -0.280051 0.759209 0.587515
    outer loop
      vertex 0.31819 -5.76818 1.44443
      vertex 0.300528 -5.72554 1.38091
      vertex 0.242676 -5.74688 1.38091
    endloop
  endfacet
  facet normal -0.338835 0.734859 0.587514
    outer loop
      vertex 0.31819 -5.76818 1.44443
      vertex 0.356526 -5.69972 1.38091
      vertex 0.300528 -5.72554 1.38091
    endloop
  endfacet
  facet normal -0.138013 0.693759 0.70686
    outer loop
      vertex 0.171424 -5.71403 1.3212
      vertex 0.158463 -5.66004 1.26568
      vertex 0.114873 -5.72528 1.3212
    endloop
  endfacet
  facet normal -0.148411 0.746024 0.649171
    outer loop
      vertex 0.183328 -5.76362 1.38091
      vertex 0.171424 -5.71403 1.3212
      vertex 0.114873 -5.72528 1.3212
    endloop
  endfacet
  facet normal -0.0691585 0.584027 0.808783
    outer loop
      vertex 0.0485735 -5.61718 1.21468
      vertex 0.0869102 -5.54873 1.16853
      vertex 0.0435886 -5.55386 1.16853
    endloop
  endfacet
  facet normal -0.0690773 0.583999 0.80881
    outer loop
      vertex 0.0968475 -5.61147 1.21468
      vertex 0.0869102 -5.54873 1.16853
      vertex 0.0485735 -5.61718 1.21468
    endloop
  endfacet
  facet normal 0.0832103 0.702445 0.706858
    outer loop
      vertex -0.0532579 -5.67671 1.26568
      vertex -0.106188 -5.67044 1.26568
      vertex -0.114873 -5.72528 1.3212
    endloop
  endfacet
  facet normal 0.0690773 0.583999 0.80881
    outer loop
      vertex -0.0485735 -5.61718 1.21468
      vertex -0.0869102 -5.54873 1.16853
      vertex -0.0968475 -5.61147 1.21468
    endloop
  endfacet
  facet normal 0.0277381 0.706829 0.706841
    outer loop
      vertex 0 -5.6788 1.26568
      vertex -0.0532579 -5.67671 1.26568
      vertex -0.0576134 -5.73206 1.3212
    endloop
  endfacet
  facet normal -0.0298145 0.76005 0.64918
    outer loop
      vertex 0.0576134 -5.73206 1.3212
      vertex 0 -5.73432 1.3212
      vertex 0 -5.78532 1.38091
    endloop
  endfacet
  facet normal 0.0764382 0.645276 0.760116
    outer loop
      vertex -0.0532579 -5.67671 1.26568
      vertex -0.0968475 -5.61147 1.21468
      vertex -0.106188 -5.67044 1.26568
    endloop
  endfacet
  facet normal 0.0763203 0.645234 0.760163
    outer loop
      vertex -0.0532579 -5.67671 1.26568
      vertex -0.0485735 -5.61718 1.21468
      vertex -0.0968475 -5.61147 1.21468
    endloop
  endfacet
  facet normal 0.0334452 0.852186 0.522169
    outer loop
      vertex 0 -5.86552 1.5
      vertex 0 -5.83147 1.44443
      vertex -0.0568205 -5.86329 1.5
    endloop
  endfacet
  facet normal 0.272028 0.590107 0.760115
    outer loop
      vertex -0.259766 -5.62713 1.26568
      vertex -0.236917 -5.57197 1.21468
      vertex -0.281062 -5.55162 1.21468
    endloop
  endfacet
  facet normal 0.224926 0.609618 0.760115
    outer loop
      vertex -0.209761 -5.64558 1.26568
      vertex -0.236917 -5.57197 1.21468
      vertex -0.259766 -5.62713 1.26568
    endloop
  endfacet
  facet normal -0.122869 0.0969632 0.987675
    outer loop
      vertex 0.157831 -5.11467 1.01921
      vertex 0.095089 -5.06909 1.00693
      vertex 0.0893755 -5.07633 1.00693
    endloop
  endfacet
  facet normal -0.212148 0.0978231 0.972329
    outer loop
      vertex 0.241855 -5.12323 1.03754
      vertex 0.18024 -5.07466 1.01921
      vertex 0.173826 -5.08857 1.01921
    endloop
  endfacet
  facet normal -0.203817 0.114174 0.972328
    outer loop
      vertex 0.241855 -5.12323 1.03754
      vertex 0.173826 -5.08857 1.01921
      vertex 0.166342 -5.10193 1.01921
    endloop
  endfacet
  facet normal -0.203832 0.114124 0.972331
    outer loop
      vertex 0.231441 -5.14183 1.03754
      vertex 0.241855 -5.12323 1.03754
      vertex 0.166342 -5.10193 1.01921
    endloop
  endfacet
  facet normal -0.290202 0.107041 0.95096
    outer loop
      vertex 0.31977 -5.13245 1.06181
      vertex 0.258155 -5.08388 1.03754
      vertex 0.250778 -5.10388 1.03754
    endloop
  endfacet
  facet normal -0.21918 0.0808445 0.972329
    outer loop
      vertex 0.250778 -5.10388 1.03754
      vertex 0.258155 -5.08388 1.03754
      vertex 0.18024 -5.07466 1.01921
    endloop
  endfacet
  facet normal -0.229117 0.0455946 0.97233
    outer loop
      vertex 0.26394 -5.06337 1.03754
      vertex 0.192688 -5.03052 1.01921
      vertex 0.189699 -5.04554 1.01921
    endloop
  endfacet
  facet normal -0.224837 0.0634169 0.972331
    outer loop
      vertex 0.258155 -5.08388 1.03754
      vertex 0.26394 -5.06337 1.03754
      vertex 0.189699 -5.04554 1.01921
    endloop
  endfacet
  facet normal -0.21918 -0.0808445 0.972329
    outer loop
      vertex 0.258155 -4.91612 1.03754
      vertex 0.250778 -4.89612 1.03754
      vertex 0.18024 -4.92534 1.01921
    endloop
  endfacet
  facet normal -0.453843 0.017827 0.890903
    outer loop
      vertex 0.487115 -5.03834 1.1275
      vertex 0.488621 -5 1.1275
      vertex 0.418659 -5 1.09186
    endloop
  endfacet
  facet normal -0.15639 -0.00613914 0.987676
    outer loop
      vertex 0.19509 -5 1.01921
      vertex 0.194489 -4.98469 1.01921
      vertex 0.117174 -4.99078 1.00693
    endloop
  endfacet
  facet normal -0.368585 -0.103947 0.923764
    outer loop
      vertex 0.407092 -4.90227 1.09186
      vertex 0.398169 -4.87063 1.09186
      vertex 0.336554 -4.9192 1.06181
    endloop
  endfacet
  facet normal -0.231997 -0.0274646 0.972329
    outer loop
      vertex 0.270603 -4.9787 1.03754
      vertex 0.268098 -4.95754 1.03754
      vertex 0.192688 -4.96948 1.01921
    endloop
  endfacet
  facet normal -0.359283 0.132564 0.923765
    outer loop
      vertex 0.38679 -5.16021 1.09186
      vertex 0.398169 -5.12937 1.09186
      vertex 0.31977 -5.13245 1.06181
    endloop
  endfacet
  facet normal -0.445464 0.0886092 0.890904
    outer loop
      vertex 0.482605 -5.07644 1.1275
      vertex 0.413505 -5.06549 1.09186
      vertex 0.407092 -5.09773 1.09186
    endloop
  endfacet
  facet normal -0.426099 -0.157217 0.890911
    outer loop
      vertex 0.398169 -4.87063 1.09186
      vertex 0.451427 -4.81301 1.1275
      vertex 0.38679 -4.83979 1.09186
    endloop
  endfacet
  facet normal -0.297689 -0.0839582 0.950964
    outer loop
      vertex 0.336554 -4.9192 1.06181
      vertex 0.329176 -4.89304 1.06181
      vertex 0.258155 -4.91612 1.03754
    endloop
  endfacet
  facet normal -0.0978657 0.212126 0.97233
    outer loop
      vertex 0.103875 -5.25078 1.03754
      vertex 0.123231 -5.24185 1.03754
      vertex 0.0746574 -5.18024 1.01921
    endloop
  endfacet
  facet normal -0.0274532 0.23201 0.972326
    outer loop
      vertex 0.0212965 -5.2706 1.03754
      vertex 0.0305185 -5.19269 1.01921
      vertex 0.0153065 -5.19449 1.01921
    endloop
  endfacet
  facet normal -0.144662 0.183436 0.972329
    outer loop
      vertex 0.159548 -5.2196 1.03754
      vertex 0.176286 -5.2064 1.03754
      vertex 0.114671 -5.15783 1.01921
    endloop
  endfacet
  facet normal -0.129782 0.194246 0.97233
    outer loop
      vertex 0.141827 -5.23144 1.03754
      vertex 0.159548 -5.2196 1.03754
      vertex 0.114671 -5.15783 1.01921
    endloop
  endfacet
  facet normal -0.13655 0.0764851 0.987676
    outer loop
      vertex 0.173826 -5.08857 1.01921
      vertex 0.104726 -5.05336 1.00693
      vertex 0.100217 -5.06141 1.00693
    endloop
  endfacet
  facet normal -0.0616535 0.0486171 0.996913
    outer loop
      vertex 0.0893755 -5.07633 1.00693
      vertex 0.0317612 -5.02308 1.00077
      vertex 0.0298529 -5.0255 1.00077
    endloop
  endfacet
  facet normal -0.233438 0.0091637 0.972329
    outer loop
      vertex 0.270603 -5.0213 1.03754
      vertex 0.19509 -5 1.01921
      vertex 0.194489 -5.01531 1.01921
    endloop
  endfacet
  facet normal -0.229131 0.0455632 0.972329
    outer loop
      vertex 0.26394 -5.06337 1.03754
      vertex 0.268098 -5.04246 1.03754
      vertex 0.192688 -5.03052 1.01921
    endloop
  endfacet
  facet normal -0.0779692 -0.00921686 0.996913
    outer loop
      vertex 0.117174 -4.99078 1.00693
      vertex 0.11609 -4.98161 1.00693
      vertex 0.0387764 -4.99386 1.00077
    endloop
  endfacet
  facet normal -0.0736485 -0.0271964 0.996913
    outer loop
      vertex 0.0373383 -4.98787 1.00077
      vertex 0.10859 -4.95502 1.00693
      vertex 0.0362711 -4.98498 1.00077
    endloop
  endfacet
  facet normal 0.0541534 0.146846 0.987676
    outer loop
      vertex -0.0602856 -5.18554 1.01921
      vertex -0.0449791 -5.10859 1.00693
      vertex -0.0746574 -5.18024 1.01921
    endloop
  endfacet
  facet normal 0.224837 -0.0634169 0.972331
    outer loop
      vertex -0.189699 -4.95446 1.01921
      vertex -0.258155 -4.91612 1.03754
      vertex -0.26394 -4.93663 1.03754
    endloop
  endfacet
  facet normal 0.0712937 0.0328791 0.996913
    outer loop
      vertex -0.0349798 -5.01782 1.00077
      vertex -0.0362711 -5.01502 1.00077
      vertex -0.104726 -5.05336 1.00693
    endloop
  endfacet
  facet normal -0.130169 -0.0869149 0.987675
    outer loop
      vertex 0.100217 -4.93859 1.00693
      vertex 0.157831 -4.88533 1.01921
      vertex 0.095089 -4.93091 1.00693
    endloop
  endfacet
  facet normal -0.0869497 -0.130149 0.987675
    outer loop
      vertex 0.114671 -4.84217 1.01921
      vertex 0.101933 -4.83366 1.01921
      vertex 0.0614128 -4.89978 1.00693
    endloop
  endfacet
  facet normal -0.0576169 -0.053344 0.996913
    outer loop
      vertex 0.0298529 -4.9745 1.00077
      vertex 0.0893755 -4.92367 1.00693
      vertex 0.0277605 -4.97224 1.00077
    endloop
  endfacet
  facet normal -0.0533191 -0.0576289 0.996913
    outer loop
      vertex 0.0831108 -4.91689 1.00693
      vertex 0.076334 -4.91062 1.00693
      vertex 0.0277605 -4.97224 1.00077
    endloop
  endfacet
  facet normal -0.0712962 -0.0328745 0.996913
    outer loop
      vertex 0.10859 -4.95502 1.00693
      vertex 0.104726 -4.94664 1.00693
      vertex 0.0362711 -4.98498 1.00077
    endloop
  endfacet
  facet normal -0.257168 -0.171847 0.950964
    outer loop
      vertex 0.231441 -4.85817 1.03754
      vertex 0.295113 -4.81915 1.06181
      vertex 0.2196 -4.84045 1.03754
    endloop
  endfacet
  facet normal -0.183451 -0.144626 0.972332
    outer loop
      vertex 0.157831 -4.88533 1.01921
      vertex 0.206405 -4.82371 1.03754
      vertex 0.148347 -4.8733 1.01921
    endloop
  endfacet
  facet normal -0.359283 -0.132564 0.923765
    outer loop
      vertex 0.398169 -4.87063 1.09186
      vertex 0.38679 -4.83979 1.09186
      vertex 0.31977 -4.86755 1.06181
    endloop
  endfacet
  facet normal -0.242941 -0.191451 0.950961
    outer loop
      vertex 0.280014 -4.79656 1.06181
      vertex 0.263189 -4.77521 1.06181
      vertex 0.2196 -4.84045 1.03754
    endloop
  endfacet
  facet normal -0.287415 -0.513052 0.808808
    outer loop
      vertex 0.290284 -4.5263 1.16853
      vertex 0.323475 -4.47214 1.21468
      vertex 0.281062 -4.44838 1.21468
    endloop
  endfacet
  facet normal -0.326662 -0.488995 0.808812
    outer loop
      vertex 0.326555 -4.55053 1.16853
      vertex 0.363894 -4.49914 1.21468
      vertex 0.290284 -4.5263 1.16853
    endloop
  endfacet
  facet normal -0.43469 -0.290452 0.852457
    outer loop
      vertex 0.473701 -4.70971 1.16853
      vertex 0.449466 -4.67344 1.16853
      vertex 0.395303 -4.7128 1.1275
    endloop
  endfacet
  facet normal -0.431843 -0.399146 0.808823
    outer loop
      vertex 0.470762 -4.59793 1.21468
      vertex 0.437765 -4.56223 1.21468
      vertex 0.392847 -4.60715 1.16853
    endloop
  endfacet
  facet normal -0.30078 -0.237032 0.923768
    outer loop
      vertex 0.280014 -4.79656 1.06181
      vertex 0.338702 -4.75392 1.09186
      vertex 0.263189 -4.77521 1.06181
    endloop
  endfacet
  facet normal -0.412472 -0.19017 0.8909
    outer loop
      vertex 0.451427 -4.81301 1.1275
      vertex 0.435364 -4.77817 1.1275
      vertex 0.373028 -4.80993 1.09186
    endloop
  endfacet
  facet normal -0.503176 -0.141958 0.852445
    outer loop
      vertex 0.475121 -4.88593 1.1275
      vertex 0.528378 -4.82832 1.16853
      vertex 0.464705 -4.84901 1.1275
    endloop
  endfacet
  facet normal -0.503196 -0.141933 0.852437
    outer loop
      vertex 0.540219 -4.8703 1.16853
      vertex 0.528378 -4.82832 1.16853
      vertex 0.475121 -4.88593 1.1275
    endloop
  endfacet
  facet normal -0.380301 -0.045021 0.923766
    outer loop
      vertex 0.417369 -4.96715 1.09186
      vertex 0.413505 -4.93451 1.09186
      vertex 0.34505 -4.97284 1.06181
    endloop
  endfacet
  facet normal -0.451044 -0.0533956 0.890903
    outer loop
      vertex 0.417369 -4.96715 1.09186
      vertex 0.482605 -4.92356 1.1275
      vertex 0.413505 -4.93451 1.09186
    endloop
  endfacet
  facet normal -0.359283 -0.132578 0.923763
    outer loop
      vertex 0.329176 -4.89304 1.06181
      vertex 0.398169 -4.87063 1.09186
      vertex 0.31977 -4.86755 1.06181
    endloop
  endfacet
  facet normal -0.290176 -0.107077 0.950964
    outer loop
      vertex 0.329176 -4.89304 1.06181
      vertex 0.31977 -4.86755 1.06181
      vertex 0.258155 -4.91612 1.03754
    endloop
  endfacet
  facet normal -0.212145 -0.0978278 0.972329
    outer loop
      vertex 0.250778 -4.89612 1.03754
      vertex 0.241855 -4.87677 1.03754
      vertex 0.18024 -4.92534 1.01921
    endloop
  endfacet
  facet normal -0.212148 -0.0978231 0.972329
    outer loop
      vertex 0.18024 -4.92534 1.01921
      vertex 0.241855 -4.87677 1.03754
      vertex 0.173826 -4.91143 1.01921
    endloop
  endfacet
  facet normal -0.669726 -0.527969 0.522221
    outer loop
      vertex 0.672672 -4.51127 1.44443
      vertex 0.693354 -4.48254 1.5
      vertex 0.632254 -4.46 1.44443
    endloop
  endfacet
  facet normal -0.669943 -0.527734 0.522181
    outer loop
      vertex 0.693354 -4.48254 1.5
      vertex 0.672672 -4.51127 1.44443
      vertex 0.700223 -4.49126 1.5
    endloop
  endfacet
  facet normal -0.626292 -0.578885 0.522159
    outer loop
      vertex 0.632254 -4.46 1.44443
      vertex 0.658148 -4.43789 1.5
      vertex 0.619549 -4.39613 1.5
    endloop
  endfacet
  facet normal 0.416698 -0.744087 0.522204
    outer loop
      vertex -0.377479 -4.25915 1.44443
      vertex -0.40262 -4.23423 1.5
      vertex -0.434442 -4.29105 1.44443
    endloop
  endfacet
  facet normal 0.416615 -0.744143 0.522191
    outer loop
      vertex -0.40262 -4.23423 1.5
      vertex -0.377479 -4.25915 1.44443
      vertex -0.392939 -4.22881 1.5
    endloop
  endfacet
  facet normal 0.395373 -0.706006 0.587567
    outer loop
      vertex -0.356526 -4.30028 1.38091
      vertex -0.377479 -4.25915 1.44443
      vertex -0.434442 -4.29105 1.44443
    endloop
  endfacet
  facet normal -0.693778 -0.13802 0.70684
    outer loop
      vertex 0.725282 -4.88513 1.3212
      vertex 0.714032 -4.82858 1.3212
      vertex 0.660045 -4.84154 1.26568
    endloop
  endfacet
  facet normal -0.637288 -0.126749 0.76013
    outer loop
      vertex 0.611471 -4.90315 1.21468
      vertex 0.670444 -4.89381 1.26568
      vertex 0.601988 -4.85547 1.21468
    endloop
  endfacet
  facet normal -0.590078 -0.272059 0.760126
    outer loop
      vertex 0.571968 -4.76308 1.21468
      vertex 0.62713 -4.74023 1.26568
      vertex 0.551617 -4.71894 1.21468
    endloop
  endfacet
  facet normal -0.609625 -0.22487 0.760126
    outer loop
      vertex 0.645577 -4.79024 1.26568
      vertex 0.62713 -4.74023 1.26568
      vertex 0.571968 -4.76308 1.21468
    endloop
  endfacet
  facet normal -0.540253 -0.361064 0.760105
    outer loop
      vertex 0.527864 -4.67652 1.21468
      vertex 0.578773 -4.64533 1.26568
      vertex 0.500857 -4.63611 1.21468
    endloop
  endfacet
  facet normal -0.617162 -0.345672 0.70684
    outer loop
      vertex 0.654285 -4.66662 1.3212
      vertex 0.626112 -4.61632 1.3212
      vertex 0.578773 -4.64533 1.26568
    endloop
  endfacet
  facet normal -0.588157 -0.393 0.706839
    outer loop
      vertex 0.626112 -4.61632 1.3212
      vertex 0.594079 -4.56838 1.3212
      vertex 0.578773 -4.64533 1.26568
    endloop
  endfacet
  facet normal -0.663662 -0.371716 0.649138
    outer loop
      vertex 0.654285 -4.66662 1.3212
      vertex 0.699722 -4.64347 1.38091
      vertex 0.626112 -4.61632 1.3212
    endloop
  endfacet
  facet normal -0.255401 -0.456219 0.852429
    outer loop
      vertex 0.255303 -4.58338 1.1275
      vertex 0.290284 -4.5263 1.16853
      vertex 0.221828 -4.56464 1.1275
    endloop
  endfacet
  facet normal -0.221916 -0.396325 0.890887
    outer loop
      vertex 0.218749 -4.64303 1.09186
      vertex 0.221828 -4.56464 1.1275
      vertex 0.190067 -4.62697 1.09186
    endloop
  endfacet
  facet normal -0.103912 -0.36858 0.92377
    outer loop
      vertex 0.129373 -4.60183 1.09186
      vertex 0.0977335 -4.59291 1.09186
      vertex 0.0807991 -4.66345 1.06181
    endloop
  endfacet
  facet normal -0.123243 -0.437146 0.890907
    outer loop
      vertex 0.129373 -4.60183 1.09186
      vertex 0.114066 -4.52488 1.1275
      vertex 0.0977335 -4.59291 1.09186
    endloop
  endfacet
  facet normal -0.180967 -0.490519 0.852433
    outer loop
      vertex 0.186987 -4.54857 1.1275
      vertex 0.17168 -4.47162 1.16853
      vertex 0.150991 -4.53529 1.1275
    endloop
  endfacet
  facet normal -0.157205 -0.426112 0.890907
    outer loop
      vertex 0.186987 -4.54857 1.1275
      vertex 0.150991 -4.53529 1.1275
      vertex 0.129373 -4.60183 1.09186
    endloop
  endfacet
  facet normal -0.323683 -0.410542 0.852458
    outer loop
      vertex 0.360813 -4.57754 1.16853
      vertex 0.326555 -4.55053 1.16853
      vertex 0.287204 -4.6047 1.1275
    endloop
  endfacet
  facet normal -0.187088 -0.334125 0.923774
    outer loop
      vertex 0.218749 -4.64303 1.09186
      vertex 0.190067 -4.62697 1.09186
      vertex 0.157133 -4.69161 1.06181
    endloop
  endfacet
  facet normal -0.218836 -0.474776 0.852466
    outer loop
      vertex 0.221828 -4.56464 1.1275
      vertex 0.252223 -4.50498 1.16853
      vertex 0.212607 -4.48672 1.16853
    endloop
  endfacet
  facet normal -0.246162 -0.53406 0.808816
    outer loop
      vertex 0.252223 -4.50498 1.16853
      vertex 0.281062 -4.44838 1.21468
      vertex 0.212607 -4.48672 1.16853
    endloop
  endfacet
  facet normal -0.500953 -0.635542 0.58748
    outer loop
      vertex 0.510022 -4.40284 1.38091
      vertex 0.539996 -4.36775 1.44443
      vertex 0.461597 -4.36467 1.38091
    endloop
  endfacet
  facet normal -0.500985 -0.635477 0.587523
    outer loop
      vertex 0.539996 -4.36775 1.44443
      vertex 0.488725 -4.32733 1.44443
      vertex 0.461597 -4.36467 1.38091
    endloop
  endfacet
  facet normal -0.126667 -0.637297 0.760137
    outer loop
      vertex 0.144525 -4.39801 1.21468
      vertex 0.158463 -4.33995 1.26568
      vertex 0.106188 -4.32956 1.26568
    endloop
  endfacet
  facet normal -0.1764 -0.625359 0.760138
    outer loop
      vertex 0.209761 -4.35442 1.26568
      vertex 0.158463 -4.33995 1.26568
      vertex 0.144525 -4.39801 1.21468
    endloop
  endfacet
  facet normal 0.023053 -0.587629 0.808802
    outer loop
      vertex 0 -4.44443 1.16853
      vertex 0 -4.38091 1.21468
      vertex -0.0435886 -4.44614 1.16853
    endloop
  endfacet
  facet normal -0.0253981 -0.649302 0.760106
    outer loop
      vertex 0.0485735 -4.38281 1.21468
      vertex 0.0532579 -4.32329 1.26568
      vertex 0 -4.38091 1.21468
    endloop
  endfacet
  facet normal -0.027727 -0.706835 0.706835
    outer loop
      vertex 0.0576134 -4.26794 1.3212
      vertex 0 -4.26568 1.3212
      vertex 0 -4.3212 1.26568
    endloop
  endfacet
  facet normal -0.0277381 -0.706829 0.706841
    outer loop
      vertex 0.0532579 -4.32329 1.26568
      vertex 0.0576134 -4.26794 1.3212
      vertex 0 -4.3212 1.26568
    endloop
  endfacet
  facet normal -0.129774 -0.194249 0.97233
    outer loop
      vertex 0.114671 -4.84217 1.01921
      vertex 0.141827 -4.76856 1.03754
      vertex 0.101933 -4.83366 1.01921
    endloop
  endfacet
  facet normal -0.209987 -0.227111 0.950961
    outer loop
      vertex 0.191936 -4.80806 1.03754
      vertex 0.244741 -4.75526 1.06181
      vertex 0.176286 -4.79359 1.03754
    endloop
  endfacet
  facet normal 0.0328433 -0.07131 0.996913
    outer loop
      vertex -0.0150232 -4.96373 1.00077
      vertex -0.0449791 -4.89141 1.00693
      vertex -0.05336 -4.89527 1.00693
    endloop
  endfacet
  facet normal 0.0838867 -0.297719 0.950961
    outer loop
      vertex -0.0633659 -4.73606 1.03754
      vertex -0.0807991 -4.66345 1.06181
      vertex -0.0838795 -4.74184 1.03754
    endloop
  endfacet
  facet normal -0.00920741 -0.233435 0.972329
    outer loop
      vertex 0.0212965 -4.7294 1.03754
      vertex 0 -4.72856 1.03754
      vertex 0 -4.80491 1.01921
    endloop
  endfacet
  facet normal 0.0603723 -0.303365 0.95096
    outer loop
      vertex -0.0633659 -4.73606 1.03754
      vertex -0.0424623 -4.7319 1.03754
      vertex -0.0807991 -4.66345 1.06181
    endloop
  endfacet
  facet normal 0.0455975 -0.229123 0.972329
    outer loop
      vertex -0.0305185 -4.80731 1.01921
      vertex -0.0424623 -4.7319 1.03754
      vertex -0.0633659 -4.73606 1.03754
    endloop
  endfacet
  facet normal 0.0604277 -0.303336 0.950966
    outer loop
      vertex -0.0424623 -4.7319 1.03754
      vertex -0.0541439 -4.65814 1.06181
      vertex -0.0807991 -4.66345 1.06181
    endloop
  endfacet
  facet normal 0.0178228 -0.453825 0.890913
    outer loop
      vertex -0.0328474 -4.58263 1.09186
      vertex 0 -4.58134 1.09186
      vertex -0.0383368 -4.51288 1.1275
    endloop
  endfacet
  facet normal -0.0604277 -0.303336 0.950966
    outer loop
      vertex 0.0807991 -4.66345 1.06181
      vertex 0.0541439 -4.65814 1.06181
      vertex 0.0424623 -4.7319 1.03754
    endloop
  endfacet
  facet normal -0.0184837 -0.155428 0.987674
    outer loop
      vertex 0.0183868 -4.88391 1.00693
      vertex 0.0153065 -4.80551 1.01921
      vertex 0.00922108 -4.88282 1.00693
    endloop
  endfacet
  facet normal -0.0150773 -0.382653 0.923769
    outer loop
      vertex 0.0271559 -4.65495 1.06181
      vertex 0.0328474 -4.58263 1.09186
      vertex 0 -4.65388 1.06181
    endloop
  endfacet
  facet normal -0.0533333 -0.451056 0.890901
    outer loop
      vertex 0.0654926 -4.58649 1.09186
      vertex 0.076437 -4.51739 1.1275
      vertex 0.0328474 -4.58263 1.09186
    endloop
  endfacet
  facet normal -0.0177579 -0.453854 0.890899
    outer loop
      vertex 0.0383368 -4.51288 1.1275
      vertex 0 -4.51138 1.1275
      vertex 0 -4.58134 1.09186
    endloop
  endfacet
  facet normal 0.0150773 -0.382653 0.923769
    outer loop
      vertex -0.0271559 -4.65495 1.06181
      vertex 0 -4.65388 1.06181
      vertex -0.0328474 -4.58263 1.09186
    endloop
  endfacet
  facet normal -0.0603723 -0.303365 0.95096
    outer loop
      vertex 0.0633659 -4.73606 1.03754
      vertex 0.0807991 -4.66345 1.06181
      vertex 0.0424623 -4.7319 1.03754
    endloop
  endfacet
  facet normal -0.0449526 -0.380308 0.923767
    outer loop
      vertex 0.0541439 -4.65814 1.06181
      vertex 0.0654926 -4.58649 1.09186
      vertex 0.0271559 -4.65495 1.06181
    endloop
  endfacet
  facet normal 0.30078 -0.237032 0.923768
    outer loop
      vertex -0.280014 -4.79656 1.06181
      vertex -0.263189 -4.77521 1.06181
      vertex -0.338702 -4.75392 1.09186
    endloop
  endfacet
  facet normal 0.158586 -0.171532 0.972331
    outer loop
      vertex -0.137949 -4.86205 1.01921
      vertex -0.1267 -4.85165 1.01921
      vertex -0.176286 -4.79359 1.03754
    endloop
  endfacet
  facet normal 0.194235 -0.129793 0.97233
    outer loop
      vertex -0.157831 -4.88533 1.01921
      vertex -0.2196 -4.84045 1.03754
      vertex -0.231441 -4.85817 1.03754
    endloop
  endfacet
  facet normal 0.242912 -0.191471 0.950964
    outer loop
      vertex -0.2196 -4.84045 1.03754
      vertex -0.206405 -4.82371 1.03754
      vertex -0.263189 -4.77521 1.06181
    endloop
  endfacet
  facet normal 0.194245 -0.129766 0.972332
    outer loop
      vertex -0.166342 -4.89807 1.01921
      vertex -0.157831 -4.88533 1.01921
      vertex -0.231441 -4.85817 1.03754
    endloop
  endfacet
  facet normal 0.114953 -0.106216 0.987676
    outer loop
      vertex -0.0893755 -4.92367 1.00693
      vertex -0.0831108 -4.91689 1.00693
      vertex -0.137949 -4.86205 1.01921
    endloop
  endfacet
  facet normal 0.106252 -0.114926 0.987675
    outer loop
      vertex -0.076334 -4.91062 1.00693
      vertex -0.1267 -4.85165 1.01921
      vertex -0.137949 -4.86205 1.01921
    endloop
  endfacet
  facet normal 0.130143 -0.0869428 0.987676
    outer loop
      vertex -0.100217 -4.93859 1.00693
      vertex -0.157831 -4.88533 1.01921
      vertex -0.166342 -4.89807 1.01921
    endloop
  endfacet
  facet normal 0.0869497 -0.130149 0.987675
    outer loop
      vertex -0.0614128 -4.89978 1.00693
      vertex -0.101933 -4.83366 1.01921
      vertex -0.114671 -4.84217 1.01921
    endloop
  endfacet
  facet normal 0.114214 -0.203791 0.972329
    outer loop
      vertex -0.101933 -4.83366 1.01921
      vertex -0.0885687 -4.82617 1.01921
      vertex -0.123231 -4.75814 1.03754
    endloop
  endfacet
  facet normal 0.191456 -0.24294 0.95096
    outer loop
      vertex -0.159548 -4.7804 1.03754
      vertex -0.203442 -4.71999 1.06181
      vertex -0.224785 -4.73681 1.06181
    endloop
  endfacet
  facet normal 0.227118 -0.209979 0.950961
    outer loop
      vertex -0.206405 -4.82371 1.03754
      vertex -0.191936 -4.80806 1.03754
      vertex -0.244741 -4.75526 1.06181
    endloop
  endfacet
  facet normal 0.144592 -0.183486 0.97233
    outer loop
      vertex -0.114671 -4.84217 1.01921
      vertex -0.159548 -4.7804 1.03754
      vertex -0.176286 -4.79359 1.03754
    endloop
  endfacet
  facet normal 0.209987 -0.227111 0.950961
    outer loop
      vertex -0.191936 -4.80806 1.03754
      vertex -0.176286 -4.79359 1.03754
      vertex -0.244741 -4.75526 1.06181
    endloop
  endfacet
  facet normal 0.0977738 -0.212165 0.97233
    outer loop
      vertex -0.0746574 -4.81976 1.01921
      vertex -0.103875 -4.74922 1.03754
      vertex -0.123231 -4.75814 1.03754
    endloop
  endfacet
  facet normal 0.0654754 -0.142161 0.987676
    outer loop
      vertex -0.05336 -4.89527 1.00693
      vertex -0.0449791 -4.89141 1.00693
      vertex -0.0885687 -4.82617 1.01921
    endloop
  endfacet
  facet normal 0.426099 -0.157217 0.890911
    outer loop
      vertex -0.398169 -4.87063 1.09186
      vertex -0.38679 -4.83979 1.09186
      vertex -0.451427 -4.81301 1.1275
    endloop
  endfacet
  facet normal 0.280905 -0.129492 0.95096
    outer loop
      vertex -0.250778 -4.89612 1.03754
      vertex -0.308393 -4.84287 1.06181
      vertex -0.31977 -4.86755 1.06181
    endloop
  endfacet
  facet normal 0.269882 -0.151105 0.950963
    outer loop
      vertex -0.241855 -4.87677 1.03754
      vertex -0.231441 -4.85817 1.03754
      vertex -0.308393 -4.84287 1.06181
    endloop
  endfacet
  facet normal 0.203832 -0.114124 0.972331
    outer loop
      vertex -0.166342 -4.89807 1.01921
      vertex -0.231441 -4.85817 1.03754
      vertex -0.241855 -4.87677 1.03754
    endloop
  endfacet
  facet normal 0.334116 -0.187119 0.923771
    outer loop
      vertex -0.308393 -4.84287 1.06181
      vertex -0.356966 -4.78125 1.09186
      vertex -0.373028 -4.80993 1.09186
    endloop
  endfacet
  facet normal 0.396287 -0.221937 0.890899
    outer loop
      vertex -0.373028 -4.80993 1.09186
      vertex -0.356966 -4.78125 1.09186
      vertex -0.435364 -4.77817 1.1275
    endloop
  endfacet
  facet normal 0.37767 -0.25234 0.890893
    outer loop
      vertex -0.356966 -4.78125 1.09186
      vertex -0.395303 -4.7128 1.1275
      vertex -0.416617 -4.7447 1.1275
    endloop
  endfacet
  facet normal 0.434692 -0.29044 0.85246
    outer loop
      vertex -0.416617 -4.7447 1.1275
      vertex -0.395303 -4.7128 1.1275
      vertex -0.473701 -4.70971 1.16853
    endloop
  endfacet
  facet normal 0.237079 -0.300758 0.923763
    outer loop
      vertex -0.224785 -4.73681 1.06181
      vertex -0.246081 -4.6613 1.09186
      vertex -0.271897 -4.68165 1.09186
    endloop
  endfacet
  facet normal 0.308275 -0.333562 0.8909
    outer loop
      vertex -0.296037 -4.70396 1.09186
      vertex -0.271897 -4.68165 1.09186
      vertex -0.345507 -4.65449 1.1275
    endloop
  endfacet
  facet normal 0.123241 -0.437146 0.890907
    outer loop
      vertex -0.129373 -4.60183 1.09186
      vertex -0.114066 -4.52488 1.1275
      vertex -0.150991 -4.53529 1.1275
    endloop
  endfacet
  facet normal 0.123243 -0.437146 0.890907
    outer loop
      vertex -0.0977335 -4.59291 1.09186
      vertex -0.114066 -4.52488 1.1275
      vertex -0.129373 -4.60183 1.09186
    endloop
  endfacet
  facet normal 0.221916 -0.396325 0.890887
    outer loop
      vertex -0.218749 -4.64303 1.09186
      vertex -0.190067 -4.62697 1.09186
      vertex -0.221828 -4.56464 1.1275
    endloop
  endfacet
  facet normal 0.212754 -0.318385 0.923778
    outer loop
      vertex -0.203442 -4.71999 1.06181
      vertex -0.180845 -4.70489 1.06181
      vertex -0.218749 -4.64303 1.09186
    endloop
  endfacet
  facet normal 0.0204955 -0.522439 0.85243
    outer loop
      vertex -0.0383368 -4.51288 1.1275
      vertex 0 -4.44443 1.16853
      vertex -0.0435886 -4.44614 1.16853
    endloop
  endfacet
  facet normal -0.0204955 -0.522439 0.85243
    outer loop
      vertex 0.0383368 -4.51288 1.1275
      vertex 0.0435886 -4.44614 1.16853
      vertex 0 -4.44443 1.16853
    endloop
  endfacet
  facet normal 0.0614619 -0.519226 0.852424
    outer loop
      vertex -0.076437 -4.51739 1.1275
      vertex -0.0383368 -4.51288 1.1275
      vertex -0.0869102 -4.45127 1.16853
    endloop
  endfacet
  facet normal 0.0533889 -0.451026 0.890913
    outer loop
      vertex -0.0328474 -4.58263 1.09186
      vertex -0.0383368 -4.51288 1.1275
      vertex -0.076437 -4.51739 1.1275
    endloop
  endfacet
  facet normal 0.0764599 -0.645284 0.760107
    outer loop
      vertex -0.0485735 -4.38281 1.21468
      vertex -0.0532579 -4.32329 1.26568
      vertex -0.0968475 -4.38853 1.21468
    endloop
  endfacet
  facet normal 0.0253981 -0.649302 0.760106
    outer loop
      vertex -0.0485735 -4.38281 1.21468
      vertex 0 -4.38091 1.21468
      vertex -0.0532579 -4.32329 1.26568
    endloop
  endfacet
  facet normal -0.846904 -0.100236 0.522213
    outer loop
      vertex 0.828906 -4.93476 1.44443
      vertex 0.861551 -4.92107 1.5
      vertex 0.821233 -4.86993 1.44443
    endloop
  endfacet
  facet normal -0.846908 -0.100215 0.522211
    outer loop
      vertex 0.861551 -4.92107 1.5
      vertex 0.828906 -4.93476 1.44443
      vertex 0.862855 -4.93209 1.5
    endloop
  endfacet
  facet normal -0.846906 -0.100243 0.522209
    outer loop
      vertex 0.861551 -4.92107 1.5
      vertex 0.854867 -4.8646 1.5
      vertex 0.821233 -4.86993 1.44443
    endloop
  endfacet
  facet normal -0.706033 -0.39542 0.587504
    outer loop
      vertex 0.740845 -4.62252 1.44443
      vertex 0.708944 -4.56556 1.44443
      vertex 0.699722 -4.64347 1.38091
    endloop
  endfacet
  facet normal -0.744073 -0.416725 0.522202
    outer loop
      vertex 0.740845 -4.62252 1.44443
      vertex 0.765765 -4.59738 1.5
      vertex 0.708944 -4.56556 1.44443
    endloop
  endfacet
  facet normal -0.744087 -0.416704 0.522199
    outer loop
      vertex 0.765765 -4.59738 1.5
      vertex 0.740845 -4.62252 1.44443
      vertex 0.771186 -4.60706 1.5
    endloop
  endfacet
  facet normal -0.437951 -0.555481 0.706853
    outer loop
      vertex 0.440845 -4.48384 1.26568
      vertex 0.476904 -4.44162 1.3212
      vertex 0.398989 -4.45084 1.26568
    endloop
  endfacet
  facet normal -0.437949 -0.555484 0.706851
    outer loop
      vertex 0.476904 -4.44162 1.3212
      vertex 0.431623 -4.40592 1.3212
      vertex 0.398989 -4.45084 1.26568
    endloop
  endfacet
  facet normal -0.47717 -0.441041 0.760126
    outer loop
      vertex 0.470762 -4.59793 1.21468
      vertex 0.479984 -4.52001 1.26568
      vertex 0.437765 -4.56223 1.21468
    endloop
  endfacet
  facet normal -0.334116 -0.187119 0.923771
    outer loop
      vertex 0.373028 -4.80993 1.09186
      vertex 0.356966 -4.78125 1.09186
      vertex 0.308393 -4.84287 1.06181
    endloop
  endfacet
  facet normal -0.47379 -0.70914 0.522152
    outer loop
      vertex 0.499516 -4.29361 1.5
      vertex 0.452234 -4.26202 1.5
      vertex 0.434442 -4.29105 1.44443
    endloop
  endfacet
  facet normal -0.473869 -0.709015 0.522251
    outer loop
      vertex 0.488725 -4.32733 1.44443
      vertex 0.499516 -4.29361 1.5
      vertex 0.434442 -4.29105 1.44443
    endloop
  endfacet
  facet normal -0.474082 -0.708895 0.52222
    outer loop
      vertex 0.499516 -4.29361 1.5
      vertex 0.488725 -4.32733 1.44443
      vertex 0.508742 -4.29978 1.5
    endloop
  endfacet
  facet normal -0.231565 -0.820824 0.522135
    outer loop
      vertex 0.256938 -4.20922 1.44443
      vertex 0.267461 -4.17684 1.5
      vertex 0.212731 -4.1614 1.5
    endloop
  endfacet
  facet normal -0.295166 -0.800157 0.522136
    outer loop
      vertex 0.320811 -4.19652 1.5
      vertex 0.267461 -4.17684 1.5
      vertex 0.256938 -4.20922 1.44443
    endloop
  endfacet
  facet normal -0.206498 -0.732094 0.649151
    outer loop
      vertex 0.226917 -4.30162 1.3212
      vertex 0.242676 -4.25312 1.38091
      vertex 0.183328 -4.23638 1.38091
    endloop
  endfacet
  facet normal -0.318515 -0.69079 0.64912
    outer loop
      vertex 0.356526 -4.30028 1.38091
      vertex 0.300528 -4.27446 1.38091
      vertex 0.281013 -4.32157 1.3212
    endloop
  endfacet
  facet normal -0.272028 -0.590107 0.760115
    outer loop
      vertex 0.281062 -4.44838 1.21468
      vertex 0.259766 -4.37287 1.26568
      vertex 0.236917 -4.42803 1.21468
    endloop
  endfacet
  facet normal -0.224926 -0.609618 0.760115
    outer loop
      vertex 0.236917 -4.42803 1.21468
      vertex 0.259766 -4.37287 1.26568
      vertex 0.209761 -4.35442 1.26568
    endloop
  endfacet
  facet normal 0.846906 0.100243 0.522209
    outer loop
      vertex -0.854867 -5.1354 1.5
      vertex -0.821233 -5.13007 1.44443
      vertex -0.861551 -5.07893 1.5
    endloop
  endfacet
  facet normal 0.77884 -0.219647 0.587506
    outer loop
      vertex -0.763618 -4.81667 1.38091
      vertex -0.790774 -4.74306 1.44443
      vertex -0.808496 -4.8059 1.44443
    endloop
  endfacet
  facet normal 0.793667 -0.157878 0.587509
    outer loop
      vertex -0.763618 -4.81667 1.38091
      vertex -0.808496 -4.8059 1.44443
      vertex -0.821233 -4.86993 1.44443
    endloop
  endfacet
  facet normal 0.52792 -0.669739 0.522255
    outer loop
      vertex -0.539996 -4.36775 1.44443
      vertex -0.517456 -4.30665 1.5
      vertex -0.562112 -4.34185 1.5
    endloop
  endfacet
  facet normal 0.578877 -0.626222 0.522253
    outer loop
      vertex -0.539996 -4.36775 1.44443
      vertex -0.562112 -4.34185 1.5
      vertex -0.603869 -4.38045 1.5
    endloop
  endfacet
  facet normal 0.663676 -0.244808 0.706826
    outer loop
      vertex -0.645577 -4.79024 1.26568
      vertex -0.62713 -4.74023 1.26568
      vertex -0.678425 -4.71899 1.3212
    endloop
  endfacet
  facet normal 0.617163 -0.345638 0.706855
    outer loop
      vertex -0.604815 -4.69183 1.26568
      vertex -0.578773 -4.64533 1.26568
      vertex -0.654285 -4.66662 1.3212
    endloop
  endfacet
  facet normal 0.490517 -0.180939 0.85244
    outer loop
      vertex -0.451427 -4.81301 1.1275
      vertex -0.51328 -4.78739 1.16853
      vertex -0.528378 -4.82832 1.16853
    endloop
  endfacet
  facet normal 0.576758 -0.114718 0.80882
    outer loop
      vertex -0.54873 -4.91309 1.16853
      vertex -0.540219 -4.8703 1.16853
      vertex -0.601988 -4.85547 1.21468
    endloop
  endfacet
  facet normal 0.732104 -0.206453 0.649154
    outer loop
      vertex -0.714032 -4.82858 1.3212
      vertex -0.698381 -4.77308 1.3212
      vertex -0.763618 -4.81667 1.38091
    endloop
  endfacet
  facet normal 0.534033 -0.246219 0.808817
    outer loop
      vertex -0.51328 -4.78739 1.16853
      vertex -0.551617 -4.71894 1.21468
      vertex -0.571968 -4.76308 1.21468
    endloop
  endfacet
  facet normal 0.308282 -0.333546 0.890903
    outer loop
      vertex -0.271897 -4.68165 1.09186
      vertex -0.317333 -4.62845 1.1275
      vertex -0.345507 -4.65449 1.1275
    endloop
  endfacet
  facet normal 0.354861 -0.383942 0.852445
    outer loop
      vertex -0.345507 -4.65449 1.1275
      vertex -0.317333 -4.62845 1.1275
      vertex -0.360813 -4.57754 1.16853
    endloop
  endfacet
  facet normal 0.480093 -0.519501 0.706845
    outer loop
      vertex -0.479984 -4.52001 1.26568
      vertex -0.440845 -4.48384 1.26568
      vertex -0.519244 -4.48075 1.3212
    endloop
  endfacet
  facet normal 0.441011 -0.477211 0.760118
    outer loop
      vertex -0.402069 -4.52924 1.21468
      vertex -0.440845 -4.48384 1.26568
      vertex -0.479984 -4.52001 1.26568
    endloop
  endfacet
  facet normal 0.587606 -0.0230953 0.808818
    outer loop
      vertex -0.553857 -4.95641 1.16853
      vertex -0.617185 -4.95143 1.21468
      vertex -0.619094 -5 1.21468
    endloop
  endfacet
  facet normal 0.583986 -0.0691158 0.808816
    outer loop
      vertex -0.553857 -4.95641 1.16853
      vertex -0.54873 -4.91309 1.16853
      vertex -0.617185 -4.95143 1.21468
    endloop
  endfacet
  facet normal 0.637288 -0.126749 0.76013
    outer loop
      vertex -0.611471 -4.90315 1.21468
      vertex -0.601988 -4.85547 1.21468
      vertex -0.670444 -4.89381 1.26568
    endloop
  endfacet
  facet normal 0.576763 -0.114711 0.808817
    outer loop
      vertex -0.54873 -4.91309 1.16853
      vertex -0.601988 -4.85547 1.21468
      vertex -0.611471 -4.90315 1.21468
    endloop
  endfacet
  facet normal 0.375598 0.0746829 0.923769
    outer loop
      vertex -0.336554 -5.0808 1.06181
      vertex -0.341855 -5.05414 1.06181
      vertex -0.413505 -5.06549 1.09186
    endloop
  endfacet
  facet normal 0.303366 0.0603204 0.950963
    outer loop
      vertex -0.336554 -5.0808 1.06181
      vertex -0.268098 -5.04246 1.03754
      vertex -0.341855 -5.05414 1.06181
    endloop
  endfacet
  facet normal 0.194235 0.129793 0.97233
    outer loop
      vertex -0.2196 -5.15955 1.03754
      vertex -0.157831 -5.11467 1.01921
      vertex -0.231441 -5.14183 1.03754
    endloop
  endfacet
  facet normal 0.203832 0.114124 0.972331
    outer loop
      vertex -0.231441 -5.14183 1.03754
      vertex -0.166342 -5.10193 1.01921
      vertex -0.241855 -5.12323 1.03754
    endloop
  endfacet
  facet normal 0.158537 0.171584 0.97233
    outer loop
      vertex -0.176286 -5.2064 1.03754
      vertex -0.137949 -5.13795 1.01921
      vertex -0.191936 -5.19194 1.03754
    endloop
  endfacet
  facet normal 0.209911 0.227186 0.950959
    outer loop
      vertex -0.176286 -5.2064 1.03754
      vertex -0.191936 -5.19194 1.03754
      vertex -0.244741 -5.24474 1.06181
    endloop
  endfacet
  facet normal 0.132597 0.359279 0.923762
    outer loop
      vertex -0.129373 -5.39817 1.09186
      vertex -0.106956 -5.32918 1.06181
      vertex -0.132453 -5.31977 1.06181
    endloop
  endfacet
  facet normal 0.519462 0.480189 0.706808
    outer loop
      vertex -0.519244 -5.51924 1.3212
      vertex -0.516164 -5.44085 1.26568
      vertex -0.558383 -5.4769 1.3212
    endloop
  endfacet
  facet normal 0.555553 0.437926 0.706811
    outer loop
      vertex -0.516164 -5.44085 1.26568
      vertex -0.549161 -5.39899 1.26568
      vertex -0.558383 -5.4769 1.3212
    endloop
  endfacet
  facet normal 0.690764 0.318469 0.649171
    outer loop
      vertex -0.654285 -5.33337 1.3212
      vertex -0.678425 -5.28101 1.3212
      vertex -0.699722 -5.35653 1.38091
    endloop
  endfacet
  facet normal 0.690795 0.318444 0.64915
    outer loop
      vertex -0.699722 -5.35653 1.38091
      vertex -0.678425 -5.28101 1.3212
      vertex -0.725537 -5.30053 1.38091
    endloop
  endfacet
  facet normal 0.64527 0.0763685 0.760128
    outer loop
      vertex -0.611471 -5.09685 1.21468
      vertex -0.617185 -5.04857 1.21468
      vertex -0.676708 -5.05326 1.26568
    endloop
  endfacet
  facet normal 0.702472 0.083134 0.70684
    outer loop
      vertex -0.670444 -5.10619 1.26568
      vertex -0.676708 -5.05326 1.26568
      vertex -0.725282 -5.11487 1.3212
    endloop
  endfacet
  facet normal 0.669705 0.528054 0.522163
    outer loop
      vertex -0.658148 -5.56211 1.5
      vertex -0.632254 -5.54 1.44443
      vertex -0.693354 -5.51746 1.5
    endloop
  endfacet
  facet normal 0.66991 0.527708 0.52225
    outer loop
      vertex -0.693354 -5.51746 1.5
      vertex -0.672672 -5.48872 1.44443
      vertex -0.700223 -5.50874 1.5
    endloop
  endfacet
  facet normal 0.669748 0.527884 0.52228
    outer loop
      vertex -0.672672 -5.48872 1.44443
      vertex -0.693354 -5.51746 1.5
      vertex -0.632254 -5.54 1.44443
    endloop
  endfacet
  facet normal 0.549302 0.594194 0.587538
    outer loop
      vertex -0.510022 -5.59716 1.38091
      vertex -0.555303 -5.5553 1.38091
      vertex -0.587937 -5.58794 1.44443
    endloop
  endfacet
  facet normal 0.549268 0.594278 0.587484
    outer loop
      vertex -0.539996 -5.63225 1.44443
      vertex -0.510022 -5.59716 1.38091
      vertex -0.587937 -5.58794 1.44443
    endloop
  endfacet
  facet normal 0.500985 0.635477 0.587523
    outer loop
      vertex -0.488725 -5.67267 1.44443
      vertex -0.461597 -5.63533 1.38091
      vertex -0.539996 -5.63225 1.44443
    endloop
  endfacet
  facet normal 0.449565 0.672835 0.587523
    outer loop
      vertex -0.434442 -5.70894 1.44443
      vertex -0.461597 -5.63533 1.38091
      vertex -0.488725 -5.67267 1.44443
    endloop
  endfacet
  facet normal 0.800101 0.29519 0.522208
    outer loop
      vertex -0.803479 -5.32081 1.5
      vertex -0.790774 -5.25694 1.44443
      vertex -0.823162 -5.26746 1.5
    endloop
  endfacet
  facet normal 0.709134 0.473751 0.522196
    outer loop
      vertex -0.706387 -5.49952 1.5
      vertex -0.708944 -5.43444 1.44443
      vertex -0.73798 -5.45223 1.5
    endloop
  endfacet
  facet normal 0.318392 0.212811 0.923763
    outer loop
      vertex -0.280014 -5.20344 1.06181
      vertex -0.295113 -5.18085 1.06181
      vertex -0.356966 -5.21875 1.09186
    endloop
  endfacet
  facet normal 0.257157 0.171882 0.950961
    outer loop
      vertex -0.280014 -5.20344 1.06181
      vertex -0.2196 -5.15955 1.03754
      vertex -0.295113 -5.18085 1.06181
    endloop
  endfacet
  facet normal 0.281176 0.356697 0.890903
    outer loop
      vertex -0.287204 -5.3953 1.1275
      vertex -0.271897 -5.31835 1.09186
      vertex -0.317333 -5.37155 1.1275
    endloop
  endfacet
  facet normal 0.308282 0.333546 0.890903
    outer loop
      vertex -0.317333 -5.37155 1.1275
      vertex -0.271897 -5.31835 1.09186
      vertex -0.345507 -5.34551 1.1275
    endloop
  endfacet
  facet normal 0.227118 0.209979 0.950961
    outer loop
      vertex -0.191936 -5.19194 1.03754
      vertex -0.206405 -5.17629 1.03754
      vertex -0.244741 -5.24474 1.06181
    endloop
  endfacet
  facet normal 0.281222 0.259919 0.923773
    outer loop
      vertex -0.244741 -5.24474 1.06181
      vertex -0.263189 -5.22478 1.06181
      vertex -0.296037 -5.29604 1.09186
    endloop
  endfacet
  facet normal 0.0450824 0.380291 0.923768
    outer loop
      vertex -0.0328474 -5.41737 1.09186
      vertex -0.0271559 -5.34505 1.06181
      vertex -0.0654926 -5.4135 1.09186
    endloop
  endfacet
  facet normal 0.255488 0.456103 0.852465
    outer loop
      vertex -0.252223 -5.49502 1.16853
      vertex -0.221828 -5.43536 1.1275
      vertex -0.290284 -5.4737 1.16853
    endloop
  endfacet
  facet normal 0.451046 0.0533915 0.890902
    outer loop
      vertex -0.482605 -5.07644 1.1275
      vertex -0.417369 -5.03285 1.09186
      vertex -0.487115 -5.03834 1.1275
    endloop
  endfacet
  facet normal 0.451044 0.0533956 0.890903
    outer loop
      vertex -0.413505 -5.06549 1.09186
      vertex -0.417369 -5.03285 1.09186
      vertex -0.482605 -5.07644 1.1275
    endloop
  endfacet
  facet normal 0.356702 0.281206 0.890891
    outer loop
      vertex -0.37155 -5.31733 1.1275
      vertex -0.318351 -5.2719 1.09186
      vertex -0.395303 -5.2872 1.1275
    endloop
  endfacet
  facet normal 0.333579 0.308283 0.890891
    outer loop
      vertex -0.345507 -5.34551 1.1275
      vertex -0.318351 -5.2719 1.09186
      vertex -0.37155 -5.31733 1.1275
    endloop
  endfacet
  facet normal 0.489022 0.326666 0.808793
    outer loop
      vertex -0.449466 -5.32656 1.16853
      vertex -0.473701 -5.29028 1.16853
      vertex -0.500857 -5.36389 1.21468
    endloop
  endfacet
  facet normal 0.434728 0.290398 0.852456
    outer loop
      vertex -0.449466 -5.32656 1.16853
      vertex -0.395303 -5.2872 1.1275
      vertex -0.473701 -5.29028 1.16853
    endloop
  endfacet
  facet normal 0.456144 0.255493 0.852441
    outer loop
      vertex -0.416617 -5.2553 1.1275
      vertex -0.435364 -5.22183 1.1275
      vertex -0.473701 -5.29028 1.16853
    endloop
  endfacet
  facet normal 0.37767 0.25234 0.890893
    outer loop
      vertex -0.395303 -5.2872 1.1275
      vertex -0.356966 -5.21875 1.09186
      vertex -0.416617 -5.2553 1.1275
    endloop
  endfacet
  facet normal 0.3184 0.21278 0.923767
    outer loop
      vertex -0.338702 -5.24608 1.09186
      vertex -0.280014 -5.20344 1.06181
      vertex -0.356966 -5.21875 1.09186
    endloop
  endfacet
  facet normal 0.2812 0.25993 0.923776
    outer loop
      vertex -0.296037 -5.29604 1.09186
      vertex -0.263189 -5.22478 1.06181
      vertex -0.318351 -5.2719 1.09186
    endloop
  endfacet
  facet normal 0.540264 0.360982 0.760136
    outer loop
      vertex -0.500857 -5.36389 1.21468
      vertex -0.527864 -5.32347 1.21468
      vertex -0.578773 -5.35467 1.26568
    endloop
  endfacet
  facet normal 0.566904 0.317512 0.760135
    outer loop
      vertex -0.527864 -5.32347 1.21468
      vertex -0.551617 -5.28106 1.21468
      vertex -0.578773 -5.35467 1.26568
    endloop
  endfacet
  facet normal 0.396287 0.221937 0.890899
    outer loop
      vertex -0.356966 -5.21875 1.09186
      vertex -0.373028 -5.19007 1.09186
      vertex -0.435364 -5.22183 1.1275
    endloop
  endfacet
  facet normal 0.513071 0.287339 0.808823
    outer loop
      vertex -0.473701 -5.29028 1.16853
      vertex -0.495016 -5.25222 1.16853
      vertex -0.551617 -5.28106 1.21468
    endloop
  endfacet
  facet normal 0.382663 0.015027 0.923766
    outer loop
      vertex -0.417369 -5.03285 1.09186
      vertex -0.346117 -5 1.06181
      vertex -0.418659 -5 1.09186
    endloop
  endfacet
  facet normal 0.453846 0.0178222 0.890902
    outer loop
      vertex -0.417369 -5.03285 1.09186
      vertex -0.418659 -5 1.09186
      vertex -0.487115 -5.03834 1.1275
    endloop
  endfacet
  facet normal 0.375598 -0.0746829 0.923769
    outer loop
      vertex -0.341855 -4.94586 1.06181
      vertex -0.336554 -4.9192 1.06181
      vertex -0.413505 -4.93451 1.09186
    endloop
  endfacet
  facet normal 0.375602 -0.0747127 0.923765
    outer loop
      vertex -0.336554 -4.9192 1.06181
      vertex -0.407092 -4.90227 1.09186
      vertex -0.413505 -4.93451 1.09186
    endloop
  endfacet
  facet normal 0.307156 -0.0363622 0.950964
    outer loop
      vertex -0.270603 -4.9787 1.03754
      vertex -0.268098 -4.95754 1.03754
      vertex -0.34505 -4.97284 1.06181
    endloop
  endfacet
  facet normal 0.231997 -0.0274705 0.972328
    outer loop
      vertex -0.194489 -4.98469 1.01921
      vertex -0.192688 -4.96948 1.01921
      vertex -0.270603 -4.9787 1.03754
    endloop
  endfacet
  facet normal 0.396283 0.221964 0.890894
    outer loop
      vertex -0.416617 -5.2553 1.1275
      vertex -0.356966 -5.21875 1.09186
      vertex -0.435364 -5.22183 1.1275
    endloop
  endfacet
  facet normal 0.412475 0.190103 0.890912
    outer loop
      vertex -0.373028 -5.19007 1.09186
      vertex -0.38679 -5.16021 1.09186
      vertex -0.451427 -5.18699 1.1275
    endloop
  endfacet
  facet normal 0.290176 0.107077 0.950964
    outer loop
      vertex -0.31977 -5.13245 1.06181
      vertex -0.258155 -5.08388 1.03754
      vertex -0.329176 -5.10696 1.06181
    endloop
  endfacet
  facet normal 0.290202 0.107041 0.95096
    outer loop
      vertex -0.250778 -5.10388 1.03754
      vertex -0.258155 -5.08388 1.03754
      vertex -0.31977 -5.13245 1.06181
    endloop
  endfacet
  facet normal 0.233438 0.0091637 0.972329
    outer loop
      vertex -0.194489 -5.01531 1.01921
      vertex -0.19509 -5 1.01921
      vertex -0.270603 -5.0213 1.03754
    endloop
  endfacet
  facet normal 0.078451 0.00308869 0.996913
    outer loop
      vertex -0.117174 -5.00922 1.00693
      vertex -0.039259 -5 1.00077
      vertex -0.117537 -5 1.00693
    endloop
  endfacet
  facet normal 0.14213 0.0655356 0.987676
    outer loop
      vertex -0.104726 -5.05336 1.00693
      vertex -0.10859 -5.04498 1.00693
      vertex -0.173826 -5.08857 1.01921
    endloop
  endfacet
  facet normal 0.153504 0.0305482 0.987676
    outer loop
      vertex -0.114289 -5.02744 1.00693
      vertex -0.11609 -5.01839 1.00693
      vertex -0.192688 -5.03052 1.01921
    endloop
  endfacet
  facet normal -0.0178763 0.453853 0.890897
    outer loop
      vertex 0.0383368 -5.48711 1.1275
      vertex 0 -5.41866 1.09186
      vertex 0 -5.48862 1.1275
    endloop
  endfacet
  facet normal -0.0746748 0.375598 0.923769
    outer loop
      vertex 0.0977335 -5.40709 1.09186
      vertex 0.0807991 -5.33655 1.06181
      vertex 0.0654926 -5.4135 1.09186
    endloop
  endfacet
  facet normal -0.101992 0.512776 0.852443
    outer loop
      vertex 0.129695 -5.54022 1.16853
      vertex 0.114066 -5.47512 1.1275
      vertex 0.0869102 -5.54873 1.16853
    endloop
  endfacet
  facet normal -0.0885525 0.445474 0.890905
    outer loop
      vertex 0.114066 -5.47512 1.1275
      vertex 0.0977335 -5.40709 1.09186
      vertex 0.076437 -5.4826 1.1275
    endloop
  endfacet
  facet normal 0.0748275 0.37562 0.923748
    outer loop
      vertex -0.0654926 -5.4135 1.09186
      vertex -0.0541439 -5.34186 1.06181
      vertex -0.0807991 -5.33655 1.06181
    endloop
  endfacet
  facet normal 0.159608 0.565975 0.808825
    outer loop
      vertex -0.144525 -5.60199 1.21468
      vertex -0.129695 -5.54022 1.16853
      vertex -0.17168 -5.52838 1.16853
    endloop
  endfacet
  facet normal 0.255401 0.456219 0.852429
    outer loop
      vertex -0.221828 -5.43536 1.1275
      vertex -0.255303 -5.41662 1.1275
      vertex -0.290284 -5.4737 1.16853
    endloop
  endfacet
  facet normal 0.0449579 0.380352 0.923748
    outer loop
      vertex -0.0271559 -5.34505 1.06181
      vertex -0.0541439 -5.34186 1.06181
      vertex -0.0654926 -5.4135 1.09186
    endloop
  endfacet
  facet normal -0.00915103 0.23345 0.972326
    outer loop
      vertex 0.0212965 -5.2706 1.03754
      vertex 0.0153065 -5.19449 1.01921
      vertex 0 -5.19509 1.01921
    endloop
  endfacet
  facet normal -0.01219 0.309052 0.950967
    outer loop
      vertex 0.0212965 -5.2706 1.03754
      vertex 0 -5.27144 1.03754
      vertex 0 -5.34612 1.06181
    endloop
  endfacet
  facet normal 0.0328433 0.07131 0.996913
    outer loop
      vertex -0.0449791 -5.10859 1.00693
      vertex -0.0150232 -5.03627 1.00077
      vertex -0.05336 -5.10473 1.00693
    endloop
  endfacet
  facet normal -0.242931 0.191486 0.950956
    outer loop
      vertex 0.263189 -5.22478 1.06181
      vertex 0.2196 -5.15955 1.03754
      vertex 0.206405 -5.17629 1.03754
    endloop
  endfacet
  facet normal -0.171551 0.158559 0.972332
    outer loop
      vertex 0.206405 -5.17629 1.03754
      vertex 0.148347 -5.1267 1.01921
      vertex 0.137949 -5.13795 1.01921
    endloop
  endfacet
  facet normal -0.706822 0.0277765 0.706846
    outer loop
      vertex 0.732059 -5.05761 1.3212
      vertex 0.678801 -5 1.26568
      vertex 0.676708 -5.05326 1.26568
    endloop
  endfacet
  facet normal -0.474792 0.218924 0.852435
    outer loop
      vertex 0.495016 -5.25222 1.16853
      vertex 0.51328 -5.21261 1.16853
      vertex 0.435364 -5.22183 1.1275
    endloop
  endfacet
  facet normal -0.334157 0.187083 0.923763
    outer loop
      vertex 0.356966 -5.21875 1.09186
      vertex 0.308393 -5.15713 1.06181
      vertex 0.295113 -5.18085 1.06181
    endloop
  endfacet
  facet normal -0.3184 0.21278 0.923767
    outer loop
      vertex 0.338702 -5.24608 1.09186
      vertex 0.356966 -5.21875 1.09186
      vertex 0.280014 -5.20344 1.06181
    endloop
  endfacet
  facet normal -0.649274 0.0255191 0.760126
    outer loop
      vertex 0.676708 -5.05326 1.26568
      vertex 0.619094 -5 1.21468
      vertex 0.617185 -5.04857 1.21468
    endloop
  endfacet
  facet normal -0.649276 0.0255151 0.760124
    outer loop
      vertex 0.676708 -5.05326 1.26568
      vertex 0.678801 -5 1.26568
      vertex 0.619094 -5 1.21468
    endloop
  endfacet
  facet normal -0.649274 -0.0255191 0.760126
    outer loop
      vertex 0.619094 -5 1.21468
      vertex 0.676708 -4.94674 1.26568
      vertex 0.617185 -4.95143 1.21468
    endloop
  endfacet
  facet normal -0.587606 -0.0230953 0.808818
    outer loop
      vertex 0.619094 -5 1.21468
      vertex 0.617185 -4.95143 1.21468
      vertex 0.553857 -4.95641 1.16853
    endloop
  endfacet
  facet normal -0.637287 0.126787 0.760125
    outer loop
      vertex 0.660045 -5.15846 1.26568
      vertex 0.670444 -5.10619 1.26568
      vertex 0.601988 -5.14452 1.21468
    endloop
  endfacet
  facet normal -0.617192 0.34562 0.706839
    outer loop
      vertex 0.626112 -5.38368 1.3212
      vertex 0.654285 -5.33337 1.3212
      vertex 0.578773 -5.35467 1.26568
    endloop
  endfacet
  facet normal -0.453843 -0.017827 0.890903
    outer loop
      vertex 0.488621 -5 1.1275
      vertex 0.487115 -4.96166 1.1275
      vertex 0.418659 -5 1.09186
    endloop
  endfacet
  facet normal -0.519206 0.061449 0.852437
    outer loop
      vertex 0.54873 -5.08691 1.16853
      vertex 0.553857 -5.04359 1.16853
      vertex 0.487115 -5.03834 1.1275
    endloop
  endfacet
  facet normal -0.690795 0.318444 0.64915
    outer loop
      vertex 0.699722 -5.35653 1.38091
      vertex 0.725537 -5.30053 1.38091
      vertex 0.678425 -5.28101 1.3212
    endloop
  endfacet
  facet normal -0.713639 0.2633 0.649147
    outer loop
      vertex 0.725537 -5.30053 1.38091
      vertex 0.746881 -5.24268 1.38091
      vertex 0.678425 -5.28101 1.3212
    endloop
  endfacet
  facet normal -0.625381 0.176374 0.760125
    outer loop
      vertex 0.645577 -5.20976 1.26568
      vertex 0.660045 -5.15846 1.26568
      vertex 0.601988 -5.14452 1.21468
    endloop
  endfacet
  facet normal -0.732105 0.206457 0.649152
    outer loop
      vertex 0.746881 -5.24268 1.38091
      vertex 0.763618 -5.18333 1.38091
      vertex 0.698381 -5.22692 1.3212
    endloop
  endfacet
  facet normal -0.58818 0.392987 0.706827
    outer loop
      vertex 0.594079 -5.43162 1.3212
      vertex 0.578773 -5.35467 1.26568
      vertex 0.549161 -5.39899 1.26568
    endloop
  endfacet
  facet normal -0.383956 0.35486 0.852439
    outer loop
      vertex 0.392847 -5.39285 1.16853
      vertex 0.422459 -5.36081 1.16853
      vertex 0.345507 -5.34551 1.1275
    endloop
  endfacet
  facet normal -0.48896 0.326703 0.808816
    outer loop
      vertex 0.500857 -5.36389 1.21468
      vertex 0.527864 -5.32347 1.21468
      vertex 0.473701 -5.29028 1.16853
    endloop
  endfacet
  facet normal -0.566904 0.317512 0.760135
    outer loop
      vertex 0.578773 -5.35467 1.26568
      vertex 0.551617 -5.28106 1.21468
      vertex 0.527864 -5.32347 1.21468
    endloop
  endfacet
  facet normal -0.0450824 0.380291 0.923768
    outer loop
      vertex 0.0328474 -5.41737 1.09186
      vertex 0.0654926 -5.4135 1.09186
      vertex 0.0271559 -5.34505 1.06181
    endloop
  endfacet
  facet normal -0.0885678 0.445477 0.890902
    outer loop
      vertex 0.076437 -5.4826 1.1275
      vertex 0.0977335 -5.40709 1.09186
      vertex 0.0654926 -5.4135 1.09186
    endloop
  endfacet
  facet normal -0.383962 0.354844 0.852443
    outer loop
      vertex 0.422459 -5.36081 1.16853
      vertex 0.37155 -5.31733 1.1275
      vertex 0.345507 -5.34551 1.1275
    endloop
  endfacet
  facet normal -0.281176 0.356697 0.890903
    outer loop
      vertex 0.287204 -5.3953 1.1275
      vertex 0.317333 -5.37155 1.1275
      vertex 0.271897 -5.31835 1.09186
    endloop
  endfacet
  facet normal -0.209911 0.227186 0.950959
    outer loop
      vertex 0.244741 -5.24474 1.06181
      vertex 0.191936 -5.19194 1.03754
      vertex 0.176286 -5.2064 1.03754
    endloop
  endfacet
  facet normal -0.308282 0.333546 0.890903
    outer loop
      vertex 0.317333 -5.37155 1.1275
      vertex 0.345507 -5.34551 1.1275
      vertex 0.271897 -5.31835 1.09186
    endloop
  endfacet
  facet normal -0.221874 0.396331 0.890895
    outer loop
      vertex 0.221828 -5.43536 1.1275
      vertex 0.255303 -5.41662 1.1275
      vertex 0.218749 -5.35697 1.09186
    endloop
  endfacet
  facet normal -0.252381 0.377636 0.890896
    outer loop
      vertex 0.255303 -5.41662 1.1275
      vertex 0.287204 -5.3953 1.1275
      vertex 0.218749 -5.35697 1.09186
    endloop
  endfacet
  facet normal -0.431843 0.399146 0.808823
    outer loop
      vertex 0.437765 -5.43777 1.21468
      vertex 0.470762 -5.40207 1.21468
      vertex 0.392847 -5.39285 1.16853
    endloop
  endfacet
  facet normal -0.477201 0.44107 0.760089
    outer loop
      vertex 0.479984 -5.47998 1.26568
      vertex 0.470762 -5.40207 1.21468
      vertex 0.437765 -5.43777 1.21468
    endloop
  endfacet
  facet normal -0.410578 0.323679 0.852442
    outer loop
      vertex 0.422459 -5.36081 1.16853
      vertex 0.395303 -5.2872 1.1275
      vertex 0.37155 -5.31733 1.1275
    endloop
  endfacet
  facet normal -0.642396 0.296179 0.706827
    outer loop
      vertex 0.654285 -5.33337 1.3212
      vertex 0.62713 -5.25977 1.26568
      vertex 0.604815 -5.30817 1.26568
    endloop
  endfacet
  facet normal -0.0254788 0.649258 0.760141
    outer loop
      vertex 0.0532579 -5.67671 1.26568
      vertex 0 -5.61909 1.21468
      vertex 0 -5.6788 1.26568
    endloop
  endfacet
  facet normal -0.0831777 0.702466 0.70684
    outer loop
      vertex 0.0576134 -5.73206 1.3212
      vertex 0.114873 -5.72528 1.3212
      vertex 0.0532579 -5.67671 1.26568
    endloop
  endfacet
  facet normal -0.0277381 0.706829 0.706841
    outer loop
      vertex 0.0576134 -5.73206 1.3212
      vertex 0.0532579 -5.67671 1.26568
      vertex 0 -5.6788 1.26568
    endloop
  endfacet
  facet normal -0.027727 0.706835 0.706835
    outer loop
      vertex 0.0576134 -5.73206 1.3212
      vertex 0 -5.6788 1.26568
      vertex 0 -5.73432 1.3212
    endloop
  endfacet
  facet normal -0.212145 0.0978278 0.972329
    outer loop
      vertex 0.241855 -5.12323 1.03754
      vertex 0.250778 -5.10388 1.03754
      vertex 0.18024 -5.07466 1.01921
    endloop
  endfacet
  facet normal -0.280878 0.129523 0.950963
    outer loop
      vertex 0.308393 -5.15713 1.06181
      vertex 0.250778 -5.10388 1.03754
      vertex 0.241855 -5.12323 1.03754
    endloop
  endfacet
  facet normal -0.150643 0.0424661 0.987676
    outer loop
      vertex 0.185541 -5.06029 1.01921
      vertex 0.189699 -5.04554 1.01921
      vertex 0.114289 -5.02744 1.00693
    endloop
  endfacet
  facet normal -0.224854 0.0633858 0.972329
    outer loop
      vertex 0.258155 -5.08388 1.03754
      vertex 0.189699 -5.04554 1.01921
      vertex 0.185541 -5.06029 1.01921
    endloop
  endfacet
  facet normal -0.297689 0.0839582 0.950964
    outer loop
      vertex 0.329176 -5.10696 1.06181
      vertex 0.336554 -5.0808 1.06181
      vertex 0.258155 -5.08388 1.03754
    endloop
  endfacet
  facet normal -0.368582 0.103952 0.923765
    outer loop
      vertex 0.398169 -5.12937 1.09186
      vertex 0.336554 -5.0808 1.06181
      vertex 0.329176 -5.10696 1.06181
    endloop
  endfacet
  facet normal -0.309062 0.0121417 0.950964
    outer loop
      vertex 0.34505 -5.02716 1.06181
      vertex 0.346117 -5 1.06181
      vertex 0.270603 -5.0213 1.03754
    endloop
  endfacet
  facet normal -0.233435 0.00917302 0.972329
    outer loop
      vertex 0.270603 -5.0213 1.03754
      vertex 0.27144 -5 1.03754
      vertex 0.19509 -5 1.01921
    endloop
  endfacet
  facet normal -0.380294 -0.0450349 0.923768
    outer loop
      vertex 0.34505 -4.97284 1.06181
      vertex 0.413505 -4.93451 1.09186
      vertex 0.341855 -4.94586 1.06181
    endloop
  endfacet
  facet normal -0.451046 0.0533915 0.890902
    outer loop
      vertex 0.482605 -5.07644 1.1275
      vertex 0.487115 -5.03834 1.1275
      vertex 0.417369 -5.03285 1.09186
    endloop
  endfacet
  facet normal -0.453846 -0.0178222 0.890902
    outer loop
      vertex 0.418659 -5 1.09186
      vertex 0.487115 -4.96166 1.1275
      vertex 0.417369 -4.96715 1.09186
    endloop
  endfacet
  facet normal -0.375602 -0.0747127 0.923765
    outer loop
      vertex 0.413505 -4.93451 1.09186
      vertex 0.407092 -4.90227 1.09186
      vertex 0.336554 -4.9192 1.06181
    endloop
  endfacet
  facet normal -0.229131 -0.0455632 0.972329
    outer loop
      vertex 0.268098 -4.95754 1.03754
      vertex 0.26394 -4.93663 1.03754
      vertex 0.192688 -4.96948 1.01921
    endloop
  endfacet
  facet normal -0.229117 -0.0455946 0.97233
    outer loop
      vertex 0.192688 -4.96948 1.01921
      vertex 0.26394 -4.93663 1.03754
      vertex 0.189699 -4.95446 1.01921
    endloop
  endfacet
  facet normal -0.0449579 0.380352 0.923748
    outer loop
      vertex 0.0654926 -5.4135 1.09186
      vertex 0.0541439 -5.34186 1.06181
      vertex 0.0271559 -5.34505 1.06181
    endloop
  endfacet
  facet normal -0.00612998 0.156381 0.987678
    outer loop
      vertex 0.0153065 -5.19449 1.01921
      vertex 0.00922108 -5.11717 1.00693
      vertex 0 -5.19509 1.01921
    endloop
  endfacet
  facet normal -0.0328433 0.07131 0.996913
    outer loop
      vertex 0.0449791 -5.10859 1.00693
      vertex 0.05336 -5.10473 1.00693
      vertex 0.0150232 -5.03627 1.00077
    endloop
  endfacet
  facet normal -0.097775 0.212196 0.972323
    outer loop
      vertex 0.123231 -5.24185 1.03754
      vertex 0.0885687 -5.17383 1.01921
      vertex 0.0746574 -5.18024 1.01921
    endloop
  endfacet
  facet normal -0.144613 0.183496 0.972325
    outer loop
      vertex 0.176286 -5.2064 1.03754
      vertex 0.1267 -5.14835 1.01921
      vertex 0.114671 -5.15783 1.01921
    endloop
  endfacet
  facet normal -0.0968804 0.12293 0.987675
    outer loop
      vertex 0.114671 -5.15783 1.01921
      vertex 0.1267 -5.14835 1.01921
      vertex 0.076334 -5.08938 1.00693
    endloop
  endfacet
  facet normal -0.106288 0.11488 0.987677
    outer loop
      vertex 0.137949 -5.13795 1.01921
      vertex 0.0831108 -5.08311 1.00693
      vertex 0.076334 -5.08938 1.00693
    endloop
  endfacet
  facet normal -0.114953 0.106216 0.987676
    outer loop
      vertex 0.137949 -5.13795 1.01921
      vertex 0.0893755 -5.07633 1.00693
      vertex 0.0831108 -5.08311 1.00693
    endloop
  endfacet
  facet normal -0.0652955 0.0435984 0.996913
    outer loop
      vertex 0.095089 -5.06909 1.00693
      vertex 0.100217 -5.06141 1.00693
      vertex 0.0317612 -5.02308 1.00077
    endloop
  endfacet
  facet normal -0.0769961 0.0153431 0.996913
    outer loop
      vertex 0.114289 -5.02744 1.00693
      vertex 0.0387764 -5.00614 1.00077
      vertex 0.0381746 -5.00916 1.00077
    endloop
  endfacet
  facet normal -0.0533191 0.0576289 0.996913
    outer loop
      vertex 0.076334 -5.08938 1.00693
      vertex 0.0831108 -5.08311 1.00693
      vertex 0.0277605 -5.02776 1.00077
    endloop
  endfacet
  facet normal -0.14213 0.0655356 0.987676
    outer loop
      vertex 0.173826 -5.08857 1.01921
      vertex 0.10859 -5.04498 1.00693
      vertex 0.104726 -5.05336 1.00693
    endloop
  endfacet
  facet normal -0.153504 -0.0305482 0.987676
    outer loop
      vertex 0.11609 -4.98161 1.00693
      vertex 0.192688 -4.96948 1.01921
      vertex 0.114289 -4.97256 1.00693
    endloop
  endfacet
  facet normal -0.155427 -0.018404 0.987676
    outer loop
      vertex 0.194489 -4.98469 1.01921
      vertex 0.192688 -4.96948 1.01921
      vertex 0.11609 -4.98161 1.00693
    endloop
  endfacet
  facet normal -0.14213 -0.0655356 0.987676
    outer loop
      vertex 0.10859 -4.95502 1.00693
      vertex 0.173826 -4.91143 1.01921
      vertex 0.104726 -4.94664 1.00693
    endloop
  endfacet
  facet normal -0.0616336 0.0486386 0.996913
    outer loop
      vertex 0.0893755 -5.07633 1.00693
      vertex 0.095089 -5.06909 1.00693
      vertex 0.0317612 -5.02308 1.00077
    endloop
  endfacet
  facet normal -0.0576653 0.0532826 0.996913
    outer loop
      vertex 0.0831108 -5.08311 1.00693
      vertex 0.0893755 -5.07633 1.00693
      vertex 0.0277605 -5.02776 1.00077
    endloop
  endfacet
  facet normal 0.14684 -0.054158 0.987676
    outer loop
      vertex -0.111784 -4.96368 1.00693
      vertex -0.10859 -4.95502 1.00693
      vertex -0.185541 -4.93971 1.01921
    endloop
  endfacet
  facet normal -0.0362792 -0.307152 0.950969
    outer loop
      vertex 0.0424623 -4.7319 1.03754
      vertex 0.0271559 -4.65495 1.06181
      vertex 0.0212965 -4.7294 1.03754
    endloop
  endfacet
  facet normal -0.0305488 -0.153502 0.987676
    outer loop
      vertex 0.0455427 -4.8103 1.01921
      vertex 0.0305185 -4.80731 1.01921
      vertex 0.0274382 -4.88571 1.00693
    endloop
  endfacet
  facet normal -0.151209 -0.269854 0.950955
    outer loop
      vertex 0.141827 -4.76856 1.03754
      vertex 0.157133 -4.69161 1.06181
      vertex 0.123231 -4.75814 1.03754
    endloop
  endfacet
  facet normal -0.151141 -0.269869 0.950961
    outer loop
      vertex 0.180845 -4.70489 1.06181
      vertex 0.157133 -4.69161 1.06181
      vertex 0.141827 -4.76856 1.03754
    endloop
  endfacet
  facet normal -0.0435634 -0.0653069 0.996914
    outer loop
      vertex 0.0230761 -4.96824 1.00077
      vertex 0.0614128 -4.89978 1.00693
      vertex 0.0205126 -4.96653 1.00077
    endloop
  endfacet
  facet normal -0.0616336 -0.0486386 0.996913
    outer loop
      vertex 0.095089 -4.93091 1.00693
      vertex 0.0893755 -4.92367 1.00693
      vertex 0.0317612 -4.97692 1.00077
    endloop
  endfacet
  facet normal -0.0541056 -0.146855 0.987677
    outer loop
      vertex 0.0449791 -4.89141 1.00693
      vertex 0.0602856 -4.81446 1.01921
      vertex 0.0363207 -4.88822 1.00693
    endloop
  endfacet
  facet normal -0.0271441 -0.0736754 0.996913
    outer loop
      vertex 0.0449791 -4.89141 1.00693
      vertex 0.0363207 -4.88822 1.00693
      vertex 0.0121317 -4.96266 1.00077
    endloop
  endfacet
  facet normal -0.0653288 -0.043539 0.996913
    outer loop
      vertex 0.033474 -4.97949 1.00077
      vertex 0.100217 -4.93859 1.00693
      vertex 0.0317612 -4.97692 1.00077
    endloop
  endfacet
  facet normal -0.209981 -0.227121 0.95096
    outer loop
      vertex 0.244741 -4.75526 1.06181
      vertex 0.224785 -4.73681 1.06181
      vertex 0.176286 -4.79359 1.03754
    endloop
  endfacet
  facet normal -0.281154 -0.259987 0.923774
    outer loop
      vertex 0.263189 -4.77521 1.06181
      vertex 0.296037 -4.70396 1.09186
      vertex 0.244741 -4.75526 1.06181
    endloop
  endfacet
  facet normal -0.383956 -0.35486 0.852439
    outer loop
      vertex 0.422459 -4.63919 1.16853
      vertex 0.392847 -4.60715 1.16853
      vertex 0.345507 -4.65449 1.1275
    endloop
  endfacet
  facet normal -0.354882 -0.383934 0.852439
    outer loop
      vertex 0.392847 -4.60715 1.16853
      vertex 0.360813 -4.57754 1.16853
      vertex 0.345507 -4.65449 1.1275
    endloop
  endfacet
  facet normal -0.456198 -0.255421 0.852434
    outer loop
      vertex 0.495016 -4.74778 1.16853
      vertex 0.473701 -4.70971 1.16853
      vertex 0.435364 -4.77817 1.1275
    endloop
  endfacet
  facet normal -0.474792 -0.218903 0.85244
    outer loop
      vertex 0.451427 -4.81301 1.1275
      vertex 0.51328 -4.78739 1.16853
      vertex 0.435364 -4.77817 1.1275
    endloop
  endfacet
  facet normal -0.281223 -0.259951 0.923764
    outer loop
      vertex 0.318351 -4.7281 1.09186
      vertex 0.296037 -4.70396 1.09186
      vertex 0.263189 -4.77521 1.06181
    endloop
  endfacet
  facet normal -0.333533 -0.308304 0.890901
    outer loop
      vertex 0.318351 -4.7281 1.09186
      vertex 0.345507 -4.65449 1.1275
      vertex 0.296037 -4.70396 1.09186
    endloop
  endfacet
  facet normal -0.347786 -0.160322 0.923765
    outer loop
      vertex 0.31977 -4.86755 1.06181
      vertex 0.38679 -4.83979 1.09186
      vertex 0.308393 -4.84287 1.06181
    endloop
  endfacet
  facet normal -0.347789 -0.16029 0.92377
    outer loop
      vertex 0.38679 -4.83979 1.09186
      vertex 0.373028 -4.80993 1.09186
      vertex 0.308393 -4.84287 1.06181
    endloop
  endfacet
  facet normal -0.5192 -0.0614592 0.85244
    outer loop
      vertex 0.487115 -4.96166 1.1275
      vertex 0.54873 -4.91309 1.16853
      vertex 0.482605 -4.92356 1.1275
    endloop
  endfacet
  facet normal -0.519206 -0.061449 0.852437
    outer loop
      vertex 0.553857 -4.95641 1.16853
      vertex 0.54873 -4.91309 1.16853
      vertex 0.487115 -4.96166 1.1275
    endloop
  endfacet
  facet normal -0.445461 0.0885951 0.890907
    outer loop
      vertex 0.475121 -5.11407 1.1275
      vertex 0.482605 -5.07644 1.1275
      vertex 0.407092 -5.09773 1.09186
    endloop
  endfacet
  facet normal -0.512783 0.101984 0.852439
    outer loop
      vertex 0.54873 -5.08691 1.16853
      vertex 0.482605 -5.07644 1.1275
      vertex 0.475121 -5.11407 1.1275
    endloop
  endfacet
  facet normal 0.416777 -0.74408 0.522151
    outer loop
      vertex -0.434442 -4.29105 1.44443
      vertex -0.40262 -4.23423 1.5
      vertex -0.452234 -4.26202 1.5
    endloop
  endfacet
  facet normal -0.69378 -0.138026 0.706837
    outer loop
      vertex 0.670444 -4.89381 1.26568
      vertex 0.725282 -4.88513 1.3212
      vertex 0.660045 -4.84154 1.26568
    endloop
  endfacet
  facet normal -0.702472 -0.083134 0.70684
    outer loop
      vertex 0.676708 -4.94674 1.26568
      vertex 0.725282 -4.88513 1.3212
      vertex 0.670444 -4.89381 1.26568
    endloop
  endfacet
  facet normal -0.642424 -0.296126 0.706824
    outer loop
      vertex 0.678425 -4.71899 1.3212
      vertex 0.654285 -4.66662 1.3212
      vertex 0.62713 -4.74023 1.26568
    endloop
  endfacet
  facet normal -0.642372 -0.296168 0.706854
    outer loop
      vertex 0.62713 -4.74023 1.26568
      vertex 0.654285 -4.66662 1.3212
      vertex 0.604815 -4.69183 1.26568
    endloop
  endfacet
  facet normal -0.281174 -0.356697 0.890903
    outer loop
      vertex 0.271897 -4.68165 1.09186
      vertex 0.287204 -4.6047 1.1275
      vertex 0.246081 -4.6613 1.09186
    endloop
  endfacet
  facet normal -0.252406 -0.3776 0.890904
    outer loop
      vertex 0.246081 -4.6613 1.09186
      vertex 0.287204 -4.6047 1.1275
      vertex 0.218749 -4.64303 1.09186
    endloop
  endfacet
  facet normal -0.160294 -0.347777 0.923773
    outer loop
      vertex 0.190067 -4.62697 1.09186
      vertex 0.160213 -4.61321 1.09186
      vertex 0.157133 -4.69161 1.06181
    endloop
  endfacet
  facet normal -0.160358 -0.347771 0.923765
    outer loop
      vertex 0.157133 -4.69161 1.06181
      vertex 0.160213 -4.61321 1.09186
      vertex 0.132453 -4.68023 1.06181
    endloop
  endfacet
  facet normal -0.0838858 -0.297719 0.950961
    outer loop
      vertex 0.0838795 -4.74184 1.03754
      vertex 0.106956 -4.67082 1.06181
      vertex 0.0807991 -4.66345 1.06181
    endloop
  endfacet
  facet normal -0.103862 -0.368615 0.923762
    outer loop
      vertex 0.106956 -4.67082 1.06181
      vertex 0.129373 -4.60183 1.09186
      vertex 0.0807991 -4.66345 1.06181
    endloop
  endfacet
  facet normal -0.317569 -0.566879 0.760131
    outer loop
      vertex 0.323475 -4.47214 1.21468
      vertex 0.354671 -4.42123 1.26568
      vertex 0.281062 -4.44838 1.21468
    endloop
  endfacet
  facet normal -0.3641 -0.461804 0.808807
    outer loop
      vertex 0.360813 -4.57754 1.16853
      vertex 0.402069 -4.52924 1.21468
      vertex 0.326555 -4.55053 1.16853
    endloop
  endfacet
  facet normal -0.287389 -0.513054 0.808816
    outer loop
      vertex 0.290284 -4.5263 1.16853
      vertex 0.281062 -4.44838 1.21468
      vertex 0.252223 -4.50498 1.16853
    endloop
  endfacet
  facet normal -0.255488 -0.456103 0.852465
    outer loop
      vertex 0.290284 -4.5263 1.16853
      vertex 0.252223 -4.50498 1.16853
      vertex 0.221828 -4.56464 1.1275
    endloop
  endfacet
  facet normal -0.0436344 -0.0652671 0.996913
    outer loop
      vertex 0.0690861 -4.90491 1.00693
      vertex 0.0614128 -4.89978 1.00693
      vertex 0.0230761 -4.96824 1.00077
    endloop
  endfacet
  facet normal -0.0869878 -0.130114 0.987676
    outer loop
      vertex 0.0690861 -4.90491 1.00693
      vertex 0.114671 -4.84217 1.01921
      vertex 0.0614128 -4.89978 1.00693
    endloop
  endfacet
  facet normal -0.0328433 -0.07131 0.996913
    outer loop
      vertex 0.05336 -4.89527 1.00693
      vertex 0.0449791 -4.89141 1.00693
      vertex 0.0150232 -4.96373 1.00077
    endloop
  endfacet
  facet normal 0.0183911 -0.155425 0.987676
    outer loop
      vertex -0.0183868 -4.88391 1.00693
      vertex -0.0153065 -4.80551 1.01921
      vertex -0.0305185 -4.80731 1.01921
    endloop
  endfacet
  facet normal -0.015314 -0.0770075 0.996913
    outer loop
      vertex 0.0274382 -4.88571 1.00693
      vertex 0.0183868 -4.88391 1.00693
      vertex 0.00614071 -4.96122 1.00077
    endloop
  endfacet
  facet normal -0.00927166 -0.0779646 0.996913
    outer loop
      vertex 0.0183868 -4.88391 1.00693
      vertex 0.00922108 -4.88282 1.00693
      vertex 0.00614071 -4.96122 1.00077
    endloop
  endfacet
  facet normal 0.00613076 -0.156401 0.987675
    outer loop
      vertex -0.00922108 -4.88282 1.00693
      vertex 0 -4.80491 1.01921
      vertex -0.0153065 -4.80551 1.01921
    endloop
  endfacet
  facet normal 0.00927166 -0.0779646 0.996913
    outer loop
      vertex -0.00614071 -4.96122 1.00077
      vertex -0.00922108 -4.88282 1.00693
      vertex -0.0183868 -4.88391 1.00693
    endloop
  endfacet
  facet normal 0.00915103 -0.23345 0.972326
    outer loop
      vertex -0.0153065 -4.80551 1.01921
      vertex 0 -4.80491 1.01921
      vertex -0.0212965 -4.7294 1.03754
    endloop
  endfacet
  facet normal 0.0274532 -0.23201 0.972326
    outer loop
      vertex -0.0153065 -4.80551 1.01921
      vertex -0.0212965 -4.7294 1.03754
      vertex -0.0305185 -4.80731 1.01921
    endloop
  endfacet
  facet normal 0.0748189 -0.375577 0.923766
    outer loop
      vertex -0.0541439 -4.65814 1.06181
      vertex -0.0654926 -4.58649 1.09186
      vertex -0.0807991 -4.66345 1.06181
    endloop
  endfacet
  facet normal 0.0449526 -0.380308 0.923767
    outer loop
      vertex -0.0541439 -4.65814 1.06181
      vertex -0.0271559 -4.65495 1.06181
      vertex -0.0654926 -4.58649 1.09186
    endloop
  endfacet
  facet normal -0.0150285 -0.382672 0.923762
    outer loop
      vertex 0.0328474 -4.58263 1.09186
      vertex 0 -4.58134 1.09186
      vertex 0 -4.65388 1.06181
    endloop
  endfacet
  facet normal 0.0150285 -0.382672 0.923762
    outer loop
      vertex 0 -4.65388 1.06181
      vertex 0 -4.58134 1.09186
      vertex -0.0328474 -4.58263 1.09186
    endloop
  endfacet
  facet normal -0.0748189 -0.375577 0.923766
    outer loop
      vertex 0.0807991 -4.66345 1.06181
      vertex 0.0654926 -4.58649 1.09186
      vertex 0.0541439 -4.65814 1.06181
    endloop
  endfacet
  facet normal -0.0455975 -0.229123 0.972329
    outer loop
      vertex 0.0633659 -4.73606 1.03754
      vertex 0.0424623 -4.7319 1.03754
      vertex 0.0305185 -4.80731 1.01921
    endloop
  endfacet
  facet normal 0.257168 -0.171847 0.950964
    outer loop
      vertex -0.231441 -4.85817 1.03754
      vertex -0.2196 -4.84045 1.03754
      vertex -0.295113 -4.81915 1.06181
    endloop
  endfacet
  facet normal 0.257157 -0.171882 0.950961
    outer loop
      vertex -0.2196 -4.84045 1.03754
      vertex -0.280014 -4.79656 1.06181
      vertex -0.295113 -4.81915 1.06181
    endloop
  endfacet
  facet normal 0.203817 -0.114174 0.972328
    outer loop
      vertex -0.173826 -4.91143 1.01921
      vertex -0.166342 -4.89807 1.01921
      vertex -0.241855 -4.87677 1.03754
    endloop
  endfacet
  facet normal 0.0653288 -0.043539 0.996913
    outer loop
      vertex -0.033474 -4.97949 1.00077
      vertex -0.0317612 -4.97692 1.00077
      vertex -0.100217 -4.93859 1.00693
    endloop
  endfacet
  facet normal 0.13655 -0.0764851 0.987676
    outer loop
      vertex -0.104726 -4.94664 1.00693
      vertex -0.100217 -4.93859 1.00693
      vertex -0.173826 -4.91143 1.01921
    endloop
  endfacet
  facet normal 0.171551 -0.158559 0.972332
    outer loop
      vertex -0.148347 -4.8733 1.01921
      vertex -0.137949 -4.86205 1.01921
      vertex -0.206405 -4.82371 1.03754
    endloop
  endfacet
  facet normal 0.114934 -0.10623 0.987677
    outer loop
      vertex -0.0893755 -4.92367 1.00693
      vertex -0.137949 -4.86205 1.01921
      vertex -0.148347 -4.8733 1.01921
    endloop
  endfacet
  facet normal 0.0485849 -0.0616705 0.996913
    outer loop
      vertex -0.0230761 -4.96824 1.00077
      vertex -0.0690861 -4.90491 1.00693
      vertex -0.076334 -4.91062 1.00693
    endloop
  endfacet
  facet normal 0.106288 -0.11488 0.987677
    outer loop
      vertex -0.0831108 -4.91689 1.00693
      vertex -0.076334 -4.91062 1.00693
      vertex -0.137949 -4.86205 1.01921
    endloop
  endfacet
  facet normal 0.259925 -0.281246 0.923764
    outer loop
      vertex -0.224785 -4.73681 1.06181
      vertex -0.271897 -4.68165 1.09186
      vertex -0.296037 -4.70396 1.09186
    endloop
  endfacet
  facet normal 0.25996 -0.28118 0.923774
    outer loop
      vertex -0.244741 -4.75526 1.06181
      vertex -0.224785 -4.73681 1.06181
      vertex -0.296037 -4.70396 1.09186
    endloop
  endfacet
  facet normal 0.129774 -0.194249 0.97233
    outer loop
      vertex -0.114671 -4.84217 1.01921
      vertex -0.101933 -4.83366 1.01921
      vertex -0.141827 -4.76856 1.03754
    endloop
  endfacet
  facet normal 0.0968565 -0.122943 0.987676
    outer loop
      vertex -0.076334 -4.91062 1.00693
      vertex -0.0690861 -4.90491 1.00693
      vertex -0.114671 -4.84217 1.01921
    endloop
  endfacet
  facet normal 0.0869878 -0.130114 0.987676
    outer loop
      vertex -0.0690861 -4.90491 1.00693
      vertex -0.0614128 -4.89978 1.00693
      vertex -0.114671 -4.84217 1.01921
    endloop
  endfacet
  facet normal 0.114194 -0.203796 0.972331
    outer loop
      vertex -0.101933 -4.83366 1.01921
      vertex -0.123231 -4.75814 1.03754
      vertex -0.141827 -4.76856 1.03754
    endloop
  endfacet
  facet normal 0.160294 -0.347777 0.923773
    outer loop
      vertex -0.157133 -4.69161 1.06181
      vertex -0.160213 -4.61321 1.09186
      vertex -0.190067 -4.62697 1.09186
    endloop
  endfacet
  facet normal 0.0808878 -0.219159 0.97233
    outer loop
      vertex -0.0746574 -4.81976 1.01921
      vertex -0.0838795 -4.74184 1.03754
      vertex -0.103875 -4.74922 1.03754
    endloop
  endfacet
  facet normal 0.0425038 -0.150632 0.987676
    outer loop
      vertex -0.0274382 -4.88571 1.00693
      vertex -0.0455427 -4.8103 1.01921
      vertex -0.0602856 -4.81446 1.01921
    endloop
  endfacet
  facet normal 0.0654978 -0.142147 0.987676
    outer loop
      vertex -0.0449791 -4.89141 1.00693
      vertex -0.0746574 -4.81976 1.01921
      vertex -0.0885687 -4.82617 1.01921
    endloop
  endfacet
  facet normal 0.347789 -0.16029 0.92377
    outer loop
      vertex -0.308393 -4.84287 1.06181
      vertex -0.373028 -4.80993 1.09186
      vertex -0.38679 -4.83979 1.09186
    endloop
  endfacet
  facet normal 0.347786 -0.160322 0.923765
    outer loop
      vertex -0.31977 -4.86755 1.06181
      vertex -0.308393 -4.84287 1.06181
      vertex -0.38679 -4.83979 1.09186
    endloop
  endfacet
  facet normal 0.21918 -0.0808445 0.972329
    outer loop
      vertex -0.18024 -4.92534 1.01921
      vertex -0.250778 -4.89612 1.03754
      vertex -0.258155 -4.91612 1.03754
    endloop
  endfacet
  facet normal 0.290202 -0.107041 0.95096
    outer loop
      vertex -0.258155 -4.91612 1.03754
      vertex -0.250778 -4.89612 1.03754
      vertex -0.31977 -4.86755 1.06181
    endloop
  endfacet
  facet normal 0.356702 -0.281206 0.890891
    outer loop
      vertex -0.318351 -4.7281 1.09186
      vertex -0.37155 -4.68267 1.1275
      vertex -0.395303 -4.7128 1.1275
    endloop
  endfacet
  facet normal 0.410578 -0.323679 0.852442
    outer loop
      vertex -0.395303 -4.7128 1.1275
      vertex -0.37155 -4.68267 1.1275
      vertex -0.422459 -4.63919 1.16853
    endloop
  endfacet
  facet normal 0.190244 -0.412464 0.890888
    outer loop
      vertex -0.190067 -4.62697 1.09186
      vertex -0.186987 -4.54857 1.1275
      vertex -0.221828 -4.56464 1.1275
    endloop
  endfacet
  facet normal 0.190112 -0.41247 0.890913
    outer loop
      vertex -0.160213 -4.61321 1.09186
      vertex -0.186987 -4.54857 1.1275
      vertex -0.190067 -4.62697 1.09186
    endloop
  endfacet
  facet normal -0.023053 -0.587629 0.808802
    outer loop
      vertex 0.0435886 -4.44614 1.16853
      vertex 0 -4.38091 1.21468
      vertex 0 -4.44443 1.16853
    endloop
  endfacet
  facet normal -0.0229845 -0.5876 0.808825
    outer loop
      vertex 0.0435886 -4.44614 1.16853
      vertex 0.0485735 -4.38281 1.21468
      vertex 0 -4.38091 1.21468
    endloop
  endfacet
  facet normal 0.0691514 -0.583967 0.808827
    outer loop
      vertex -0.0435886 -4.44614 1.16853
      vertex -0.0485735 -4.38281 1.21468
      vertex -0.0869102 -4.45127 1.16853
    endloop
  endfacet
  facet normal 0.0229845 -0.5876 0.808825
    outer loop
      vertex -0.0435886 -4.44614 1.16853
      vertex 0 -4.38091 1.21468
      vertex -0.0485735 -4.38281 1.21468
    endloop
  endfacet
  facet normal -0.759192 -0.280107 0.58751
    outer loop
      vertex 0.746881 -4.75732 1.38091
      vertex 0.768177 -4.68181 1.44443
      vertex 0.725537 -4.69947 1.38091
    endloop
  endfacet
  facet normal -0.734893 -0.338772 0.587508
    outer loop
      vertex 0.725537 -4.69947 1.38091
      vertex 0.768177 -4.68181 1.44443
      vertex 0.699722 -4.64347 1.38091
    endloop
  endfacet
  facet normal -0.519517 -0.480127 0.70681
    outer loop
      vertex 0.558383 -4.5231 1.3212
      vertex 0.519244 -4.48075 1.3212
      vertex 0.516164 -4.55915 1.26568
    endloop
  endfacet
  facet normal -0.51944 -0.480156 0.706847
    outer loop
      vertex 0.516164 -4.55915 1.26568
      vertex 0.519244 -4.48075 1.3212
      vertex 0.479984 -4.52001 1.26568
    endloop
  endfacet
  facet normal -0.360928 -0.540309 0.76013
    outer loop
      vertex 0.363894 -4.49914 1.21468
      vertex 0.354671 -4.42123 1.26568
      vertex 0.323475 -4.47214 1.21468
    endloop
  endfacet
  facet normal -0.326656 -0.489004 0.808808
    outer loop
      vertex 0.363894 -4.49914 1.21468
      vertex 0.323475 -4.47214 1.21468
      vertex 0.290284 -4.5263 1.16853
    endloop
  endfacet
  facet normal -0.399125 -0.431863 0.808823
    outer loop
      vertex 0.437765 -4.56223 1.21468
      vertex 0.402069 -4.52924 1.21468
      vertex 0.392847 -4.60715 1.16853
    endloop
  endfacet
  facet normal -0.441018 -0.477192 0.760125
    outer loop
      vertex 0.437765 -4.56223 1.21468
      vertex 0.479984 -4.52001 1.26568
      vertex 0.402069 -4.52924 1.21468
    endloop
  endfacet
  facet normal -0.449575 -0.672788 0.58757
    outer loop
      vertex 0.461597 -4.36467 1.38091
      vertex 0.434442 -4.29105 1.44443
      vertex 0.410327 -4.33041 1.38091
    endloop
  endfacet
  facet normal -0.422642 -0.632482 0.649107
    outer loop
      vertex 0.431623 -4.40592 1.3212
      vertex 0.461597 -4.36467 1.38091
      vertex 0.410327 -4.33041 1.38091
    endloop
  endfacet
  facet normal -0.244765 -0.6637 0.706818
    outer loop
      vertex 0.281013 -4.32157 1.3212
      vertex 0.226917 -4.30162 1.3212
      vertex 0.209761 -4.35442 1.26568
    endloop
  endfacet
  facet normal -0.295214 -0.800109 0.522181
    outer loop
      vertex 0.31819 -4.23182 1.44443
      vertex 0.320811 -4.19652 1.5
      vertex 0.256938 -4.20922 1.44443
    endloop
  endfacet
  facet normal -0.295148 -0.800128 0.52219
    outer loop
      vertex 0.320811 -4.19652 1.5
      vertex 0.31819 -4.23182 1.44443
      vertex 0.331221 -4.20036 1.5
    endloop
  endfacet
  facet normal -0.206462 -0.732087 0.64917
    outer loop
      vertex 0.226917 -4.30162 1.3212
      vertex 0.183328 -4.23638 1.38091
      vertex 0.171424 -4.28597 1.3212
    endloop
  endfacet
  facet normal -0.192009 -0.68084 0.706817
    outer loop
      vertex 0.209761 -4.35442 1.26568
      vertex 0.226917 -4.30162 1.3212
      vertex 0.171424 -4.28597 1.3212
    endloop
  endfacet
  facet normal -0.21967 -0.778792 0.587561
    outer loop
      vertex 0.242676 -4.25312 1.38091
      vertex 0.256938 -4.20922 1.44443
      vertex 0.183328 -4.23638 1.38091
    endloop
  endfacet
  facet normal -0.280104 -0.759155 0.587559
    outer loop
      vertex 0.31819 -4.23182 1.44443
      vertex 0.256938 -4.20922 1.44443
      vertex 0.242676 -4.25312 1.38091
    endloop
  endfacet
  facet normal 0.846906 -0.100243 0.522209
    outer loop
      vertex -0.821233 -4.86993 1.44443
      vertex -0.854867 -4.8646 1.5
      vertex -0.861551 -4.92107 1.5
    endloop
  endfacet
  facet normal 0.852165 0.0334747 0.522202
    outer loop
      vertex -0.863291 -5.05682 1.5
      vertex -0.83147 -5 1.44443
      vertex -0.865523 -5 1.5
    endloop
  endfacet
  facet normal 0.663638 -0.244843 0.706849
    outer loop
      vertex -0.645577 -4.79024 1.26568
      vertex -0.678425 -4.71899 1.3212
      vertex -0.698381 -4.77308 1.3212
    endloop
  endfacet
  facet normal 0.566921 -0.3175 0.760128
    outer loop
      vertex -0.551617 -4.71894 1.21468
      vertex -0.578773 -4.64533 1.26568
      vertex -0.604815 -4.69183 1.26568
    endloop
  endfacet
  facet normal 0.62538 -0.176398 0.76012
    outer loop
      vertex -0.601988 -4.85547 1.21468
      vertex -0.588793 -4.80869 1.21468
      vertex -0.645577 -4.79024 1.26568
    endloop
  endfacet
  facet normal 0.693778 -0.13802 0.70684
    outer loop
      vertex -0.660045 -4.84154 1.26568
      vertex -0.714032 -4.82858 1.3212
      vertex -0.725282 -4.88513 1.3212
    endloop
  endfacet
  facet normal 0.565973 -0.15964 0.80882
    outer loop
      vertex -0.540219 -4.8703 1.16853
      vertex -0.528378 -4.82832 1.16853
      vertex -0.601988 -4.85547 1.21468
    endloop
  endfacet
  facet normal 0.565973 -0.159641 0.80882
    outer loop
      vertex -0.528378 -4.82832 1.16853
      vertex -0.588793 -4.80869 1.21468
      vertex -0.601988 -4.85547 1.21468
    endloop
  endfacet
  facet normal 0.74604 -0.148416 0.649151
    outer loop
      vertex -0.725282 -4.88513 1.3212
      vertex -0.714032 -4.82858 1.3212
      vertex -0.763618 -4.81667 1.38091
    endloop
  endfacet
  facet normal 0.680817 -0.192009 0.706839
    outer loop
      vertex -0.660045 -4.84154 1.26568
      vertex -0.645577 -4.79024 1.26568
      vertex -0.714032 -4.82858 1.3212
    endloop
  endfacet
  facet normal 0.64527 -0.0763685 0.760128
    outer loop
      vertex -0.617185 -4.95143 1.21468
      vertex -0.611471 -4.90315 1.21468
      vertex -0.676708 -4.94674 1.26568
    endloop
  endfacet
  facet normal 0.645268 -0.0763642 0.76013
    outer loop
      vertex -0.611471 -4.90315 1.21468
      vertex -0.670444 -4.89381 1.26568
      vertex -0.676708 -4.94674 1.26568
    endloop
  endfacet
  facet normal 0.194245 0.129766 0.972332
    outer loop
      vertex -0.157831 -5.11467 1.01921
      vertex -0.166342 -5.10193 1.01921
      vertex -0.231441 -5.14183 1.03754
    endloop
  endfacet
  facet normal 0.158601 0.171548 0.972326
    outer loop
      vertex -0.1267 -5.14835 1.01921
      vertex -0.137949 -5.13795 1.01921
      vertex -0.176286 -5.2064 1.03754
    endloop
  endfacet
  facet normal 0.106288 0.11488 0.987677
    outer loop
      vertex -0.076334 -5.08938 1.00693
      vertex -0.0831108 -5.08311 1.00693
      vertex -0.137949 -5.13795 1.01921
    endloop
  endfacet
  facet normal 0.00627553 0.156398 0.987674
    outer loop
      vertex 0 -5.19509 1.01921
      vertex 0 -5.11754 1.00693
      vertex -0.00922108 -5.11717 1.00693
    endloop
  endfacet
  facet normal 0.0305488 0.153502 0.987676
    outer loop
      vertex -0.0305185 -5.19269 1.01921
      vertex -0.0274382 -5.11429 1.00693
      vertex -0.0455427 -5.1897 1.01921
    endloop
  endfacet
  facet normal 0.609625 0.22487 0.760126
    outer loop
      vertex -0.62713 -5.25977 1.26568
      vertex -0.571968 -5.23692 1.21468
      vertex -0.645577 -5.20976 1.26568
    endloop
  endfacet
  facet normal 0.760086 0.0298557 0.649136
    outer loop
      vertex -0.782896 -5.06161 1.38091
      vertex -0.732059 -5.05761 1.3212
      vertex -0.785316 -5 1.38091
    endloop
  endfacet
  facet normal 0.732104 0.206453 0.649154
    outer loop
      vertex -0.698381 -5.22692 1.3212
      vertex -0.714032 -5.17142 1.3212
      vertex -0.763618 -5.18333 1.38091
    endloop
  endfacet
  facet normal 0.778847 0.219639 0.5875
    outer loop
      vertex -0.746881 -5.24268 1.38091
      vertex -0.763618 -5.18333 1.38091
      vertex -0.790774 -5.25694 1.44443
    endloop
  endfacet
  facet normal 0.760087 0.0298573 0.649135
    outer loop
      vertex -0.732059 -5.05761 1.3212
      vertex -0.734322 -5 1.3212
      vertex -0.785316 -5 1.38091
    endloop
  endfacet
  facet normal 0.706828 0.0277652 0.706841
    outer loop
      vertex -0.732059 -5.05761 1.3212
      vertex -0.678801 -5 1.26568
      vertex -0.734322 -5 1.3212
    endloop
  endfacet
  facet normal 0.626236 0.578909 0.522199
    outer loop
      vertex -0.619549 -5.60387 1.5
      vertex -0.587937 -5.58794 1.44443
      vertex -0.632254 -5.54 1.44443
    endloop
  endfacet
  facet normal 0.626309 0.578817 0.522214
    outer loop
      vertex -0.587937 -5.58794 1.44443
      vertex -0.619549 -5.60387 1.5
      vertex -0.612017 -5.61202 1.5
    endloop
  endfacet
  facet normal 0.594196 0.54929 0.587547
    outer loop
      vertex -0.587937 -5.58794 1.44443
      vertex -0.597159 -5.51002 1.38091
      vertex -0.632254 -5.54 1.44443
    endloop
  endfacet
  facet normal 0.820799 0.231483 0.522211
    outer loop
      vertex -0.823162 -5.26746 1.5
      vertex -0.790774 -5.25694 1.44443
      vertex -0.838597 -5.21273 1.5
    endloop
  endfacet
  facet normal 0.144613 0.183496 0.972325
    outer loop
      vertex -0.114671 -5.15783 1.01921
      vertex -0.1267 -5.14835 1.01921
      vertex -0.176286 -5.2064 1.03754
    endloop
  endfacet
  facet normal 0.300748 0.237046 0.923775
    outer loop
      vertex -0.318351 -5.2719 1.09186
      vertex -0.263189 -5.22478 1.06181
      vertex -0.338702 -5.24608 1.09186
    endloop
  endfacet
  facet normal 0.300729 0.237102 0.923767
    outer loop
      vertex -0.263189 -5.22478 1.06181
      vertex -0.280014 -5.20344 1.06181
      vertex -0.338702 -5.24608 1.09186
    endloop
  endfacet
  facet normal 0.242899 0.191508 0.95096
    outer loop
      vertex -0.263189 -5.22478 1.06181
      vertex -0.2196 -5.15955 1.03754
      vertex -0.280014 -5.20344 1.06181
    endloop
  endfacet
  facet normal 0.0603723 0.303365 0.95096
    outer loop
      vertex -0.0424623 -5.2681 1.03754
      vertex -0.0633659 -5.26394 1.03754
      vertex -0.0807991 -5.33655 1.06181
    endloop
  endfacet
  facet normal 0.212814 0.31837 0.92377
    outer loop
      vertex -0.218749 -5.35697 1.09186
      vertex -0.203442 -5.28001 1.06181
      vertex -0.246081 -5.3387 1.09186
    endloop
  endfacet
  facet normal 0.151141 0.269869 0.950961
    outer loop
      vertex -0.157133 -5.30839 1.06181
      vertex -0.141827 -5.23144 1.03754
      vertex -0.180845 -5.29511 1.06181
    endloop
  endfacet
  facet normal 0.0978657 0.212126 0.97233
    outer loop
      vertex -0.103875 -5.25078 1.03754
      vertex -0.0746574 -5.18024 1.01921
      vertex -0.123231 -5.24185 1.03754
    endloop
  endfacet
  facet normal 0.0807927 0.219198 0.97233
    outer loop
      vertex -0.0838795 -5.25815 1.03754
      vertex -0.0746574 -5.18024 1.01921
      vertex -0.103875 -5.25078 1.03754
    endloop
  endfacet
  facet normal 0.106973 0.290227 0.95096
    outer loop
      vertex -0.0838795 -5.25815 1.03754
      vertex -0.103875 -5.25078 1.03754
      vertex -0.132453 -5.31977 1.06181
    endloop
  endfacet
  facet normal 0.14187 0.503222 0.852432
    outer loop
      vertex -0.114066 -5.47512 1.1275
      vertex -0.150991 -5.46471 1.1275
      vertex -0.17168 -5.52838 1.16853
    endloop
  endfacet
  facet normal 0.180967 0.490519 0.852433
    outer loop
      vertex -0.17168 -5.52838 1.16853
      vertex -0.150991 -5.46471 1.1275
      vertex -0.186987 -5.45143 1.1275
    endloop
  endfacet
  facet normal 0.617192 0.34562 0.706839
    outer loop
      vertex -0.626112 -5.38368 1.3212
      vertex -0.578773 -5.35467 1.26568
      vertex -0.654285 -5.33337 1.3212
    endloop
  endfacet
  facet normal 0.61719 0.345653 0.706824
    outer loop
      vertex -0.578773 -5.35467 1.26568
      vertex -0.604815 -5.30817 1.26568
      vertex -0.654285 -5.33337 1.3212
    endloop
  endfacet
  facet normal 0.456171 0.255473 0.852433
    outer loop
      vertex -0.473701 -5.29028 1.16853
      vertex -0.435364 -5.22183 1.1275
      vertex -0.495016 -5.25222 1.16853
    endloop
  endfacet
  facet normal 0.474792 0.218924 0.852435
    outer loop
      vertex -0.495016 -5.25222 1.16853
      vertex -0.435364 -5.22183 1.1275
      vertex -0.51328 -5.21261 1.16853
    endloop
  endfacet
  facet normal 0.309063 -0.0121449 0.950964
    outer loop
      vertex -0.27144 -5 1.03754
      vertex -0.270603 -4.9787 1.03754
      vertex -0.346117 -5 1.06181
    endloop
  endfacet
  facet normal 0.309062 -0.0121417 0.950964
    outer loop
      vertex -0.270603 -4.9787 1.03754
      vertex -0.34505 -4.97284 1.06181
      vertex -0.346117 -5 1.06181
    endloop
  endfacet
  facet normal 0.155427 0.018404 0.987676
    outer loop
      vertex -0.192688 -5.03052 1.01921
      vertex -0.11609 -5.01839 1.00693
      vertex -0.194489 -5.01531 1.01921
    endloop
  endfacet
  facet normal 0.231997 0.0274705 0.972328
    outer loop
      vertex -0.192688 -5.03052 1.01921
      vertex -0.194489 -5.01531 1.01921
      vertex -0.270603 -5.0213 1.03754
    endloop
  endfacet
  facet normal 0.224854 0.0633858 0.972329
    outer loop
      vertex -0.185541 -5.06029 1.01921
      vertex -0.189699 -5.04554 1.01921
      vertex -0.258155 -5.08388 1.03754
    endloop
  endfacet
  facet normal 0.224837 0.0634169 0.972331
    outer loop
      vertex -0.258155 -5.08388 1.03754
      vertex -0.189699 -5.04554 1.01921
      vertex -0.26394 -5.06337 1.03754
    endloop
  endfacet
  facet normal 0.212148 0.0978231 0.972329
    outer loop
      vertex -0.173826 -5.08857 1.01921
      vertex -0.18024 -5.07466 1.01921
      vertex -0.241855 -5.12323 1.03754
    endloop
  endfacet
  facet normal 0.212145 0.0978278 0.972329
    outer loop
      vertex -0.241855 -5.12323 1.03754
      vertex -0.18024 -5.07466 1.01921
      vertex -0.250778 -5.10388 1.03754
    endloop
  endfacet
  facet normal 0.190112 0.41247 0.890913
    outer loop
      vertex -0.186987 -5.45143 1.1275
      vertex -0.160213 -5.38679 1.09186
      vertex -0.190067 -5.37303 1.09186
    endloop
  endfacet
  facet normal 0.0534691 0.451036 0.890903
    outer loop
      vertex -0.0328474 -5.41737 1.09186
      vertex -0.0654926 -5.4135 1.09186
      vertex -0.076437 -5.4826 1.1275
    endloop
  endfacet
  facet normal 0.0231076 0.587653 0.808783
    outer loop
      vertex 0 -5.61909 1.21468
      vertex -0.0435886 -5.55386 1.16853
      vertex -0.0485735 -5.61718 1.21468
    endloop
  endfacet
  facet normal 0.0691585 0.584027 0.808783
    outer loop
      vertex -0.0485735 -5.61718 1.21468
      vertex -0.0435886 -5.55386 1.16853
      vertex -0.0869102 -5.54873 1.16853
    endloop
  endfacet
  facet normal 0.0121772 0.309048 0.950968
    outer loop
      vertex 0 -5.34612 1.06181
      vertex -0.0212965 -5.2706 1.03754
      vertex -0.0271559 -5.34505 1.06181
    endloop
  endfacet
  facet normal 0.0178249 0.453876 0.890886
    outer loop
      vertex 0 -5.41866 1.09186
      vertex -0.0328474 -5.41737 1.09186
      vertex -0.0383368 -5.48711 1.1275
    endloop
  endfacet
  facet normal 0.141903 0.503194 0.852443
    outer loop
      vertex -0.129695 -5.54022 1.16853
      vertex -0.114066 -5.47512 1.1275
      vertex -0.17168 -5.52838 1.16853
    endloop
  endfacet
  facet normal 0.101992 0.512776 0.852443
    outer loop
      vertex -0.0869102 -5.54873 1.16853
      vertex -0.114066 -5.47512 1.1275
      vertex -0.129695 -5.54022 1.16853
    endloop
  endfacet
  facet normal 0.00920741 0.233435 0.972329
    outer loop
      vertex 0 -5.27144 1.03754
      vertex 0 -5.19509 1.01921
      vertex -0.0212965 -5.2706 1.03754
    endloop
  endfacet
  facet normal -0.0541534 0.146846 0.987676
    outer loop
      vertex 0.0602856 -5.18554 1.01921
      vertex 0.0746574 -5.18024 1.01921
      vertex 0.0449791 -5.10859 1.00693
    endloop
  endfacet
  facet normal 0.0362792 0.307152 0.950969
    outer loop
      vertex -0.0271559 -5.34505 1.06181
      vertex -0.0212965 -5.2706 1.03754
      vertex -0.0424623 -5.2681 1.03754
    endloop
  endfacet
  facet normal 0.06346 0.224835 0.972328
    outer loop
      vertex -0.0633659 -5.26394 1.03754
      vertex -0.0455427 -5.1897 1.01921
      vertex -0.0838795 -5.25815 1.03754
    endloop
  endfacet
  facet normal 0.063444 0.224843 0.972327
    outer loop
      vertex -0.0455427 -5.1897 1.01921
      vertex -0.0602856 -5.18554 1.01921
      vertex -0.0838795 -5.25815 1.03754
    endloop
  endfacet
  facet normal 0.0274033 0.232005 0.972329
    outer loop
      vertex -0.0212965 -5.2706 1.03754
      vertex -0.0305185 -5.19269 1.01921
      vertex -0.0424623 -5.2681 1.03754
    endloop
  endfacet
  facet normal -0.281222 0.259919 0.923773
    outer loop
      vertex 0.296037 -5.29604 1.09186
      vertex 0.263189 -5.22478 1.06181
      vertex 0.244741 -5.24474 1.06181
    endloop
  endfacet
  facet normal -0.259925 0.281246 0.923764
    outer loop
      vertex 0.271897 -5.31835 1.09186
      vertex 0.296037 -5.29604 1.09186
      vertex 0.224785 -5.26319 1.06181
    endloop
  endfacet
  facet normal -0.396287 0.221937 0.890899
    outer loop
      vertex 0.435364 -5.22183 1.1275
      vertex 0.373028 -5.19007 1.09186
      vertex 0.356966 -5.21875 1.09186
    endloop
  endfacet
  facet normal -0.334116 0.187119 0.923771
    outer loop
      vertex 0.356966 -5.21875 1.09186
      vertex 0.373028 -5.19007 1.09186
      vertex 0.308393 -5.15713 1.06181
    endloop
  endfacet
  facet normal -0.257157 0.171882 0.950961
    outer loop
      vertex 0.280014 -5.20344 1.06181
      vertex 0.295113 -5.18085 1.06181
      vertex 0.2196 -5.15955 1.03754
    endloop
  endfacet
  facet normal -0.318392 0.212811 0.923763
    outer loop
      vertex 0.356966 -5.21875 1.09186
      vertex 0.295113 -5.18085 1.06181
      vertex 0.280014 -5.20344 1.06181
    endloop
  endfacet
  facet normal -0.7554 0.0894053 0.649136
    outer loop
      vertex 0.782896 -5.06161 1.38091
      vertex 0.732059 -5.05761 1.3212
      vertex 0.725282 -5.11487 1.3212
    endloop
  endfacet
  facet normal -0.64527 0.0763685 0.760128
    outer loop
      vertex 0.676708 -5.05326 1.26568
      vertex 0.617185 -5.04857 1.21468
      vertex 0.611471 -5.09685 1.21468
    endloop
  endfacet
  facet normal -0.583986 -0.0691155 0.808816
    outer loop
      vertex 0.617185 -4.95143 1.21468
      vertex 0.611471 -4.90315 1.21468
      vertex 0.54873 -4.91309 1.16853
    endloop
  endfacet
  facet normal -0.64527 -0.0763685 0.760128
    outer loop
      vertex 0.617185 -4.95143 1.21468
      vertex 0.676708 -4.94674 1.26568
      vertex 0.611471 -4.90315 1.21468
    endloop
  endfacet
  facet normal -0.380301 0.045021 0.923766
    outer loop
      vertex 0.413505 -5.06549 1.09186
      vertex 0.417369 -5.03285 1.09186
      vertex 0.34505 -5.02716 1.06181
    endloop
  endfacet
  facet normal -0.307158 0.0363739 0.950963
    outer loop
      vertex 0.341855 -5.05414 1.06181
      vertex 0.34505 -5.02716 1.06181
      vertex 0.268098 -5.04246 1.03754
    endloop
  endfacet
  facet normal -0.587606 0.0230953 0.808818
    outer loop
      vertex 0.617185 -5.04857 1.21468
      vertex 0.619094 -5 1.21468
      vertex 0.553857 -5.04359 1.16853
    endloop
  endfacet
  facet normal -0.583986 0.0691158 0.808816
    outer loop
      vertex 0.617185 -5.04857 1.21468
      vertex 0.553857 -5.04359 1.16853
      vertex 0.54873 -5.08691 1.16853
    endloop
  endfacet
  facet normal -0.693778 0.13802 0.70684
    outer loop
      vertex 0.714032 -5.17142 1.3212
      vertex 0.725282 -5.11487 1.3212
      vertex 0.660045 -5.15846 1.26568
    endloop
  endfacet
  facet normal -0.74604 0.148416 0.649151
    outer loop
      vertex 0.763618 -5.18333 1.38091
      vertex 0.725282 -5.11487 1.3212
      vertex 0.714032 -5.17142 1.3212
    endloop
  endfacet
  facet normal -0.461759 0.364109 0.808829
    outer loop
      vertex 0.470762 -5.40207 1.21468
      vertex 0.449466 -5.32656 1.16853
      vertex 0.422459 -5.36081 1.16853
    endloop
  endfacet
  facet normal -0.540264 0.360982 0.760136
    outer loop
      vertex 0.578773 -5.35467 1.26568
      vertex 0.527864 -5.32347 1.21468
      vertex 0.500857 -5.36389 1.21468
    endloop
  endfacet
  facet normal -0.555553 0.437926 0.706811
    outer loop
      vertex 0.558383 -5.4769 1.3212
      vertex 0.549161 -5.39899 1.26568
      vertex 0.516164 -5.44085 1.26568
    endloop
  endfacet
  facet normal -0.510286 0.402243 0.760137
    outer loop
      vertex 0.516164 -5.44085 1.26568
      vertex 0.549161 -5.39899 1.26568
      vertex 0.470762 -5.40207 1.21468
    endloop
  endfacet
  facet normal -0.101928 0.512761 0.852459
    outer loop
      vertex 0.0869102 -5.54873 1.16853
      vertex 0.114066 -5.47512 1.1275
      vertex 0.076437 -5.4826 1.1275
    endloop
  endfacet
  facet normal -0.0614553 0.51917 0.852458
    outer loop
      vertex 0.0869102 -5.54873 1.16853
      vertex 0.076437 -5.4826 1.1275
      vertex 0.0383368 -5.48711 1.1275
    endloop
  endfacet
  facet normal -0.227118 0.209979 0.950961
    outer loop
      vertex 0.244741 -5.24474 1.06181
      vertex 0.206405 -5.17629 1.03754
      vertex 0.191936 -5.19194 1.03754
    endloop
  endfacet
  facet normal -0.333579 0.308283 0.890891
    outer loop
      vertex 0.345507 -5.34551 1.1275
      vertex 0.37155 -5.31733 1.1275
      vertex 0.318351 -5.2719 1.09186
    endloop
  endfacet
  facet normal -0.160294 0.347777 0.923773
    outer loop
      vertex 0.160213 -5.38679 1.09186
      vertex 0.190067 -5.37303 1.09186
      vertex 0.157133 -5.30839 1.06181
    endloop
  endfacet
  facet normal -0.187088 0.334125 0.923774
    outer loop
      vertex 0.190067 -5.37303 1.09186
      vertex 0.218749 -5.35697 1.09186
      vertex 0.157133 -5.30839 1.06181
    endloop
  endfacet
  facet normal -0.187112 0.334097 0.923779
    outer loop
      vertex 0.218749 -5.35697 1.09186
      vertex 0.180845 -5.29511 1.06181
      vertex 0.157133 -5.30839 1.06181
    endloop
  endfacet
  facet normal -0.227161 0.209953 0.950956
    outer loop
      vertex 0.244741 -5.24474 1.06181
      vertex 0.263189 -5.22478 1.06181
      vertex 0.206405 -5.17629 1.03754
    endloop
  endfacet
  facet normal -0.153504 0.0305482 0.987676
    outer loop
      vertex 0.192688 -5.03052 1.01921
      vertex 0.11609 -5.01839 1.00693
      vertex 0.114289 -5.02744 1.00693
    endloop
  endfacet
  facet normal -0.153504 0.0305475 0.987676
    outer loop
      vertex 0.189699 -5.04554 1.01921
      vertex 0.192688 -5.03052 1.01921
      vertex 0.114289 -5.02744 1.00693
    endloop
  endfacet
  facet normal -0.359283 0.132578 0.923763
    outer loop
      vertex 0.398169 -5.12937 1.09186
      vertex 0.329176 -5.10696 1.06181
      vertex 0.31977 -5.13245 1.06181
    endloop
  endfacet
  facet normal -0.290176 0.107077 0.950964
    outer loop
      vertex 0.31977 -5.13245 1.06181
      vertex 0.329176 -5.10696 1.06181
      vertex 0.258155 -5.08388 1.03754
    endloop
  endfacet
  facet normal -0.303366 0.0603204 0.950963
    outer loop
      vertex 0.336554 -5.0808 1.06181
      vertex 0.341855 -5.05414 1.06181
      vertex 0.268098 -5.04246 1.03754
    endloop
  endfacet
  facet normal -0.303363 0.0603245 0.950964
    outer loop
      vertex 0.336554 -5.0808 1.06181
      vertex 0.268098 -5.04246 1.03754
      vertex 0.26394 -5.06337 1.03754
    endloop
  endfacet
  facet normal -0.309063 -0.0121449 0.950964
    outer loop
      vertex 0.27144 -5 1.03754
      vertex 0.346117 -5 1.06181
      vertex 0.270603 -4.9787 1.03754
    endloop
  endfacet
  facet normal -0.309063 0.0121449 0.950964
    outer loop
      vertex 0.346117 -5 1.06181
      vertex 0.27144 -5 1.03754
      vertex 0.270603 -5.0213 1.03754
    endloop
  endfacet
  facet normal -0.307158 -0.0363739 0.950963
    outer loop
      vertex 0.34505 -4.97284 1.06181
      vertex 0.341855 -4.94586 1.06181
      vertex 0.268098 -4.95754 1.03754
    endloop
  endfacet
  facet normal -0.303366 -0.0603204 0.950963
    outer loop
      vertex 0.341855 -4.94586 1.06181
      vertex 0.336554 -4.9192 1.06181
      vertex 0.268098 -4.95754 1.03754
    endloop
  endfacet
  facet normal -0.224837 -0.0634169 0.972331
    outer loop
      vertex 0.26394 -4.93663 1.03754
      vertex 0.258155 -4.91612 1.03754
      vertex 0.189699 -4.95446 1.01921
    endloop
  endfacet
  facet normal -0.297689 -0.0839653 0.950963
    outer loop
      vertex 0.26394 -4.93663 1.03754
      vertex 0.336554 -4.9192 1.06181
      vertex 0.258155 -4.91612 1.03754
    endloop
  endfacet
  facet normal 0.01219 0.309052 0.950967
    outer loop
      vertex 0 -5.34612 1.06181
      vertex 0 -5.27144 1.03754
      vertex -0.0212965 -5.2706 1.03754
    endloop
  endfacet
  facet normal 0.00915103 0.23345 0.972326
    outer loop
      vertex 0 -5.19509 1.01921
      vertex -0.0153065 -5.19449 1.01921
      vertex -0.0212965 -5.2706 1.03754
    endloop
  endfacet
  facet normal -0.00627553 0.156398 0.987674
    outer loop
      vertex 0.00922108 -5.11717 1.00693
      vertex 0 -5.11754 1.00693
      vertex 0 -5.19509 1.01921
    endloop
  endfacet
  facet normal -0.0183135 0.155422 0.987678
    outer loop
      vertex 0.0153065 -5.19449 1.01921
      vertex 0.0183868 -5.11609 1.00693
      vertex 0.00922108 -5.11717 1.00693
    endloop
  endfacet
  facet normal -0.063444 0.224843 0.972327
    outer loop
      vertex 0.0838795 -5.25815 1.03754
      vertex 0.0602856 -5.18554 1.01921
      vertex 0.0455427 -5.1897 1.01921
    endloop
  endfacet
  facet normal -0.0808334 0.219193 0.972327
    outer loop
      vertex 0.0838795 -5.25815 1.03754
      vertex 0.0746574 -5.18024 1.01921
      vertex 0.0602856 -5.18554 1.01921
    endloop
  endfacet
  facet normal -0.171534 0.158589 0.97233
    outer loop
      vertex 0.191936 -5.19194 1.03754
      vertex 0.206405 -5.17629 1.03754
      vertex 0.137949 -5.13795 1.01921
    endloop
  endfacet
  facet normal -0.158537 0.171584 0.97233
    outer loop
      vertex 0.176286 -5.2064 1.03754
      vertex 0.191936 -5.19194 1.03754
      vertex 0.137949 -5.13795 1.01921
    endloop
  endfacet
  facet normal -0.129774 0.194249 0.97233
    outer loop
      vertex 0.141827 -5.23144 1.03754
      vertex 0.114671 -5.15783 1.01921
      vertex 0.101933 -5.16634 1.01921
    endloop
  endfacet
  facet normal -0.114113 0.203846 0.97233
    outer loop
      vertex 0.123231 -5.24185 1.03754
      vertex 0.141827 -5.23144 1.03754
      vertex 0.101933 -5.16634 1.01921
    endloop
  endfacet
  facet normal -0.0770096 -0.0152952 0.996913
    outer loop
      vertex 0.0387764 -4.99386 1.00077
      vertex 0.114289 -4.97256 1.00693
      vertex 0.0381746 -4.99083 1.00077
    endloop
  endfacet
  facet normal -0.0684973 -0.038367 0.996913
    outer loop
      vertex 0.104726 -4.94664 1.00693
      vertex 0.100217 -4.93859 1.00693
      vertex 0.0349798 -4.98218 1.00077
    endloop
  endfacet
  facet normal -0.0712937 -0.0328791 0.996913
    outer loop
      vertex 0.0362711 -4.98498 1.00077
      vertex 0.104726 -4.94664 1.00693
      vertex 0.0349798 -4.98218 1.00077
    endloop
  endfacet
  facet normal -0.14684 -0.054158 0.987676
    outer loop
      vertex 0.111784 -4.96368 1.00693
      vertex 0.185541 -4.93971 1.01921
      vertex 0.10859 -4.95502 1.00693
    endloop
  endfacet
  facet normal -0.150631 -0.0424923 0.987676
    outer loop
      vertex 0.114289 -4.97256 1.00693
      vertex 0.185541 -4.93971 1.01921
      vertex 0.111784 -4.96368 1.00693
    endloop
  endfacet
  facet normal -0.0869497 0.130149 0.987675
    outer loop
      vertex 0.101933 -5.16634 1.01921
      vertex 0.114671 -5.15783 1.01921
      vertex 0.0614128 -5.10022 1.00693
    endloop
  endfacet
  facet normal 0.114953 0.106216 0.987676
    outer loop
      vertex -0.0831108 -5.08311 1.00693
      vertex -0.0893755 -5.07633 1.00693
      vertex -0.137949 -5.13795 1.01921
    endloop
  endfacet
  facet normal 0.142129 0.0655367 0.987676
    outer loop
      vertex -0.173826 -5.08857 1.01921
      vertex -0.10859 -5.04498 1.00693
      vertex -0.18024 -5.07466 1.01921
    endloop
  endfacet
  facet normal 0.146838 0.0541677 0.987676
    outer loop
      vertex -0.18024 -5.07466 1.01921
      vertex -0.10859 -5.04498 1.00693
      vertex -0.185541 -5.06029 1.01921
    endloop
  endfacet
  facet normal 0.0576169 -0.053344 0.996913
    outer loop
      vertex -0.0298529 -4.9745 1.00077
      vertex -0.0277605 -4.97224 1.00077
      vertex -0.0893755 -4.92367 1.00693
    endloop
  endfacet
  facet normal 0.231997 -0.0274646 0.972329
    outer loop
      vertex -0.192688 -4.96948 1.01921
      vertex -0.268098 -4.95754 1.03754
      vertex -0.270603 -4.9787 1.03754
    endloop
  endfacet
  facet normal 0.229131 -0.0455632 0.972329
    outer loop
      vertex -0.192688 -4.96948 1.01921
      vertex -0.26394 -4.93663 1.03754
      vertex -0.268098 -4.95754 1.03754
    endloop
  endfacet
  facet normal -0.0363061 -0.307156 0.950966
    outer loop
      vertex 0.0424623 -4.7319 1.03754
      vertex 0.0541439 -4.65814 1.06181
      vertex 0.0271559 -4.65495 1.06181
    endloop
  endfacet
  facet normal -0.0634364 -0.224816 0.972334
    outer loop
      vertex 0.0602856 -4.81446 1.01921
      vertex 0.0838795 -4.74184 1.03754
      vertex 0.0455427 -4.8103 1.01921
    endloop
  endfacet
  facet normal -0.0838867 -0.297719 0.950961
    outer loop
      vertex 0.0838795 -4.74184 1.03754
      vertex 0.0807991 -4.66345 1.06181
      vertex 0.0633659 -4.73606 1.03754
    endloop
  endfacet
  facet normal -0.0274033 -0.232005 0.972329
    outer loop
      vertex 0.0305185 -4.80731 1.01921
      vertex 0.0424623 -4.7319 1.03754
      vertex 0.0212965 -4.7294 1.03754
    endloop
  endfacet
  facet normal -0.129465 -0.280934 0.950955
    outer loop
      vertex 0.123231 -4.75814 1.03754
      vertex 0.157133 -4.69161 1.06181
      vertex 0.103875 -4.74922 1.03754
    endloop
  endfacet
  facet normal -0.0808878 -0.219159 0.97233
    outer loop
      vertex 0.103875 -4.74922 1.03754
      vertex 0.0838795 -4.74184 1.03754
      vertex 0.0746574 -4.81976 1.01921
    endloop
  endfacet
  facet normal -0.0968565 -0.122943 0.987676
    outer loop
      vertex 0.076334 -4.91062 1.00693
      vertex 0.114671 -4.84217 1.01921
      vertex 0.0690861 -4.90491 1.00693
    endloop
  endfacet
  facet normal -0.114194 -0.203796 0.972331
    outer loop
      vertex 0.141827 -4.76856 1.03754
      vertex 0.123231 -4.75814 1.03754
      vertex 0.101933 -4.83366 1.01921
    endloop
  endfacet
  facet normal -0.0485849 -0.0616705 0.996913
    outer loop
      vertex 0.076334 -4.91062 1.00693
      vertex 0.0690861 -4.90491 1.00693
      vertex 0.0230761 -4.96824 1.00077
    endloop
  endfacet
  facet normal -0.129782 -0.194246 0.97233
    outer loop
      vertex 0.159548 -4.7804 1.03754
      vertex 0.141827 -4.76856 1.03754
      vertex 0.114671 -4.84217 1.01921
    endloop
  endfacet
  facet normal -0.0616535 -0.0486171 0.996913
    outer loop
      vertex 0.0317612 -4.97692 1.00077
      vertex 0.0893755 -4.92367 1.00693
      vertex 0.0298529 -4.9745 1.00077
    endloop
  endfacet
  facet normal -0.171551 -0.158559 0.972332
    outer loop
      vertex 0.148347 -4.8733 1.01921
      vertex 0.206405 -4.82371 1.03754
      vertex 0.137949 -4.86205 1.01921
    endloop
  endfacet
  facet normal -0.183466 -0.144614 0.972331
    outer loop
      vertex 0.2196 -4.84045 1.03754
      vertex 0.206405 -4.82371 1.03754
      vertex 0.157831 -4.88533 1.01921
    endloop
  endfacet
  facet normal -0.43185 -0.399124 0.80883
    outer loop
      vertex 0.422459 -4.63919 1.16853
      vertex 0.470762 -4.59793 1.21468
      vertex 0.392847 -4.60715 1.16853
    endloop
  endfacet
  facet normal -0.461759 -0.364109 0.808829
    outer loop
      vertex 0.449466 -4.67344 1.16853
      vertex 0.470762 -4.59793 1.21468
      vertex 0.422459 -4.63919 1.16853
    endloop
  endfacet
  facet normal -0.434692 -0.29044 0.85246
    outer loop
      vertex 0.416617 -4.7447 1.1275
      vertex 0.473701 -4.70971 1.16853
      vertex 0.395303 -4.7128 1.1275
    endloop
  endfacet
  facet normal -0.334157 -0.187083 0.923763
    outer loop
      vertex 0.308393 -4.84287 1.06181
      vertex 0.356966 -4.78125 1.09186
      vertex 0.295113 -4.81915 1.06181
    endloop
  endfacet
  facet normal -0.25996 -0.28118 0.923774
    outer loop
      vertex 0.244741 -4.75526 1.06181
      vertex 0.296037 -4.70396 1.09186
      vertex 0.224785 -4.73681 1.06181
    endloop
  endfacet
  facet normal -0.259925 -0.281246 0.923764
    outer loop
      vertex 0.296037 -4.70396 1.09186
      vertex 0.271897 -4.68165 1.09186
      vertex 0.224785 -4.73681 1.06181
    endloop
  endfacet
  facet normal -0.30077 -0.237063 0.923763
    outer loop
      vertex 0.338702 -4.75392 1.09186
      vertex 0.318351 -4.7281 1.09186
      vertex 0.263189 -4.77521 1.06181
    endloop
  endfacet
  facet normal -0.257157 -0.171882 0.950961
    outer loop
      vertex 0.295113 -4.81915 1.06181
      vertex 0.280014 -4.79656 1.06181
      vertex 0.2196 -4.84045 1.03754
    endloop
  endfacet
  facet normal -0.522422 -0.0205208 0.85244
    outer loop
      vertex 0.488621 -5 1.1275
      vertex 0.55557 -5 1.16853
      vertex 0.487115 -4.96166 1.1275
    endloop
  endfacet
  facet normal -0.522422 0.0205208 0.85244
    outer loop
      vertex 0.55557 -5 1.16853
      vertex 0.488621 -5 1.1275
      vertex 0.487115 -5.03834 1.1275
    endloop
  endfacet
  facet normal -0.445464 -0.0886092 0.890904
    outer loop
      vertex 0.413505 -4.93451 1.09186
      vertex 0.482605 -4.92356 1.1275
      vertex 0.407092 -4.90227 1.09186
    endloop
  endfacet
  facet normal -0.445461 -0.0885951 0.890907
    outer loop
      vertex 0.482605 -4.92356 1.1275
      vertex 0.475121 -4.88593 1.1275
      vertex 0.407092 -4.90227 1.09186
    endloop
  endfacet
  facet normal 0.280051 -0.759209 0.587515
    outer loop
      vertex -0.300528 -4.27446 1.38091
      vertex -0.242676 -4.25312 1.38091
      vertex -0.31819 -4.23182 1.44443
    endloop
  endfacet
  facet normal 0.338835 -0.734859 0.587514
    outer loop
      vertex -0.300528 -4.27446 1.38091
      vertex -0.31819 -4.23182 1.44443
      vertex -0.356526 -4.30028 1.38091
    endloop
  endfacet
  facet normal -0.637299 -0.126789 0.760115
    outer loop
      vertex 0.670444 -4.89381 1.26568
      vertex 0.660045 -4.84154 1.26568
      vertex 0.601988 -4.85547 1.21468
    endloop
  endfacet
  facet normal -0.625397 -0.176379 0.760111
    outer loop
      vertex 0.660045 -4.84154 1.26568
      vertex 0.645577 -4.79024 1.26568
      vertex 0.601988 -4.85547 1.21468
    endloop
  endfacet
  facet normal -0.191456 -0.24294 0.95096
    outer loop
      vertex 0.224785 -4.73681 1.06181
      vertex 0.203442 -4.71999 1.06181
      vertex 0.159548 -4.7804 1.03754
    endloop
  endfacet
  facet normal -0.171856 -0.257181 0.950959
    outer loop
      vertex 0.203442 -4.71999 1.06181
      vertex 0.180845 -4.70489 1.06181
      vertex 0.159548 -4.7804 1.03754
    endloop
  endfacet
  facet normal -0.212814 -0.31837 0.92377
    outer loop
      vertex 0.246081 -4.6613 1.09186
      vertex 0.218749 -4.64303 1.09186
      vertex 0.203442 -4.71999 1.06181
    endloop
  endfacet
  facet normal -0.212754 -0.318385 0.923778
    outer loop
      vertex 0.203442 -4.71999 1.06181
      vertex 0.218749 -4.64303 1.09186
      vertex 0.180845 -4.70489 1.06181
    endloop
  endfacet
  facet normal -0.354861 -0.383942 0.852445
    outer loop
      vertex 0.345507 -4.65449 1.1275
      vertex 0.360813 -4.57754 1.16853
      vertex 0.317333 -4.62845 1.1275
    endloop
  endfacet
  facet normal -0.308282 -0.333546 0.890903
    outer loop
      vertex 0.345507 -4.65449 1.1275
      vertex 0.317333 -4.62845 1.1275
      vertex 0.271897 -4.68165 1.09186
    endloop
  endfacet
  facet normal -0.107094 -0.290178 0.950961
    outer loop
      vertex 0.132453 -4.68023 1.06181
      vertex 0.106956 -4.67082 1.06181
      vertex 0.0838795 -4.74184 1.03754
    endloop
  endfacet
  facet normal -0.132597 -0.359279 0.923762
    outer loop
      vertex 0.132453 -4.68023 1.06181
      vertex 0.129373 -4.60183 1.09186
      vertex 0.106956 -4.67082 1.06181
    endloop
  endfacet
  facet normal -0.130143 -0.0869428 0.987676
    outer loop
      vertex 0.166342 -4.89807 1.01921
      vertex 0.157831 -4.88533 1.01921
      vertex 0.100217 -4.93859 1.00693
    endloop
  endfacet
  facet normal -0.194245 -0.129766 0.972332
    outer loop
      vertex 0.166342 -4.89807 1.01921
      vertex 0.231441 -4.85817 1.03754
      vertex 0.157831 -4.88533 1.01921
    endloop
  endfacet
  facet normal -0.114953 -0.106216 0.987676
    outer loop
      vertex 0.0893755 -4.92367 1.00693
      vertex 0.137949 -4.86205 1.01921
      vertex 0.0831108 -4.91689 1.00693
    endloop
  endfacet
  facet normal -0.0576653 -0.0532826 0.996913
    outer loop
      vertex 0.0893755 -4.92367 1.00693
      vertex 0.0831108 -4.91689 1.00693
      vertex 0.0277605 -4.97224 1.00077
    endloop
  endfacet
  facet normal -0.0213901 -0.07555 0.996913
    outer loop
      vertex 0.0121317 -4.96266 1.00077
      vertex 0.0274382 -4.88571 1.00693
      vertex 0.00916481 -4.96182 1.00077
    endloop
  endfacet
  facet normal -0.021351 -0.0755578 0.996913
    outer loop
      vertex 0.0363207 -4.88822 1.00693
      vertex 0.0274382 -4.88571 1.00693
      vertex 0.0121317 -4.96266 1.00077
    endloop
  endfacet
  facet normal -0.0425582 -0.150607 0.987677
    outer loop
      vertex 0.0363207 -4.88822 1.00693
      vertex 0.0602856 -4.81446 1.01921
      vertex 0.0274382 -4.88571 1.00693
    endloop
  endfacet
  facet normal -0.0272462 -0.0736284 0.996913
    outer loop
      vertex 0.0150232 -4.96373 1.00077
      vertex 0.0449791 -4.89141 1.00693
      vertex 0.0121317 -4.96266 1.00077
    endloop
  endfacet
  facet normal 0.129782 -0.194246 0.97233
    outer loop
      vertex -0.114671 -4.84217 1.01921
      vertex -0.141827 -4.76856 1.03754
      vertex -0.159548 -4.7804 1.03754
    endloop
  endfacet
  facet normal 0.0634364 -0.224816 0.972334
    outer loop
      vertex -0.0602856 -4.81446 1.01921
      vertex -0.0455427 -4.8103 1.01921
      vertex -0.0838795 -4.74184 1.03754
    endloop
  endfacet
  facet normal 0.0305488 -0.153502 0.987676
    outer loop
      vertex -0.0274382 -4.88571 1.00693
      vertex -0.0305185 -4.80731 1.01921
      vertex -0.0455427 -4.8103 1.01921
    endloop
  endfacet
  facet normal 0.0184837 -0.155428 0.987674
    outer loop
      vertex -0.00922108 -4.88282 1.00693
      vertex -0.0153065 -4.80551 1.01921
      vertex -0.0183868 -4.88391 1.00693
    endloop
  endfacet
  facet normal 0.00610592 -0.156398 0.987675
    outer loop
      vertex 0 -4.88246 1.00693
      vertex 0 -4.80491 1.01921
      vertex -0.00922108 -4.88282 1.00693
    endloop
  endfacet
  facet normal -0.00610592 -0.156398 0.987675
    outer loop
      vertex 0.00922108 -4.88282 1.00693
      vertex 0 -4.80491 1.01921
      vertex 0 -4.88246 1.00693
    endloop
  endfacet
  facet normal 0.00306273 -0.078449 0.996913
    outer loop
      vertex 0 -4.96074 1.00077
      vertex 0 -4.88246 1.00693
      vertex -0.00922108 -4.88282 1.00693
    endloop
  endfacet
  facet normal -0.00613076 -0.156401 0.987675
    outer loop
      vertex 0.00922108 -4.88282 1.00693
      vertex 0.0153065 -4.80551 1.01921
      vertex 0 -4.80491 1.01921
    endloop
  endfacet
  facet normal -0.00915103 -0.23345 0.972326
    outer loop
      vertex 0.0153065 -4.80551 1.01921
      vertex 0.0212965 -4.7294 1.03754
      vertex 0 -4.80491 1.01921
    endloop
  endfacet
  facet normal -0.0183911 -0.155425 0.987676
    outer loop
      vertex 0.0183868 -4.88391 1.00693
      vertex 0.0305185 -4.80731 1.01921
      vertex 0.0153065 -4.80551 1.01921
    endloop
  endfacet
  facet normal -0.0305263 -0.153503 0.987677
    outer loop
      vertex 0.0274382 -4.88571 1.00693
      vertex 0.0305185 -4.80731 1.01921
      vertex 0.0183868 -4.88391 1.00693
    endloop
  endfacet
  facet normal 0.01219 -0.309052 0.950967
    outer loop
      vertex 0 -4.72856 1.03754
      vertex 0 -4.65388 1.06181
      vertex -0.0212965 -4.7294 1.03754
    endloop
  endfacet
  facet normal -0.01219 -0.309052 0.950967
    outer loop
      vertex 0.0212965 -4.7294 1.03754
      vertex 0 -4.65388 1.06181
      vertex 0 -4.72856 1.03754
    endloop
  endfacet
  facet normal 0.0770016 -0.0153237 0.996913
    outer loop
      vertex -0.0387764 -4.99386 1.00077
      vertex -0.114289 -4.97256 1.00693
      vertex -0.11609 -4.98161 1.00693
    endloop
  endfacet
  facet normal 0.130169 -0.0869149 0.987675
    outer loop
      vertex -0.100217 -4.93859 1.00693
      vertex -0.095089 -4.93091 1.00693
      vertex -0.157831 -4.88533 1.01921
    endloop
  endfacet
  facet normal 0.122869 -0.0969632 0.987675
    outer loop
      vertex -0.095089 -4.93091 1.00693
      vertex -0.0893755 -4.92367 1.00693
      vertex -0.157831 -4.88533 1.01921
    endloop
  endfacet
  facet normal 0.122907 -0.0968956 0.987677
    outer loop
      vertex -0.0893755 -4.92367 1.00693
      vertex -0.148347 -4.8733 1.01921
      vertex -0.157831 -4.88533 1.01921
    endloop
  endfacet
  facet normal 0.183451 -0.144626 0.972332
    outer loop
      vertex -0.157831 -4.88533 1.01921
      vertex -0.148347 -4.8733 1.01921
      vertex -0.206405 -4.82371 1.03754
    endloop
  endfacet
  facet normal 0.0533191 -0.0576289 0.996913
    outer loop
      vertex -0.0277605 -4.97224 1.00077
      vertex -0.076334 -4.91062 1.00693
      vertex -0.0831108 -4.91689 1.00693
    endloop
  endfacet
  facet normal 0.0576653 -0.0532826 0.996913
    outer loop
      vertex -0.0277605 -4.97224 1.00077
      vertex -0.0831108 -4.91689 1.00693
      vertex -0.0893755 -4.92367 1.00693
    endloop
  endfacet
  facet normal 0.0435634 -0.0653069 0.996914
    outer loop
      vertex -0.0230761 -4.96824 1.00077
      vertex -0.0205126 -4.96653 1.00077
      vertex -0.0614128 -4.89978 1.00693
    endloop
  endfacet
  facet normal 0.0436344 -0.0652671 0.996913
    outer loop
      vertex -0.0230761 -4.96824 1.00077
      vertex -0.0614128 -4.89978 1.00693
      vertex -0.0690861 -4.90491 1.00693
    endloop
  endfacet
  facet normal 0.0541056 -0.146855 0.987677
    outer loop
      vertex -0.0449791 -4.89141 1.00693
      vertex -0.0363207 -4.88822 1.00693
      vertex -0.0602856 -4.81446 1.01921
    endloop
  endfacet
  facet normal 0.0541534 -0.146846 0.987676
    outer loop
      vertex -0.0449791 -4.89141 1.00693
      vertex -0.0602856 -4.81446 1.01921
      vertex -0.0746574 -4.81976 1.01921
    endloop
  endfacet
  facet normal 0.129518 -0.280888 0.950961
    outer loop
      vertex -0.103875 -4.74922 1.03754
      vertex -0.132453 -4.68023 1.06181
      vertex -0.157133 -4.69161 1.06181
    endloop
  endfacet
  facet normal 0.129465 -0.280934 0.950955
    outer loop
      vertex -0.123231 -4.75814 1.03754
      vertex -0.103875 -4.74922 1.03754
      vertex -0.157133 -4.69161 1.06181
    endloop
  endfacet
  facet normal -0.402329 -0.510263 0.760107
    outer loop
      vertex 0.402069 -4.52924 1.21468
      vertex 0.398989 -4.45084 1.26568
      vertex 0.363894 -4.49914 1.21468
    endloop
  endfacet
  facet normal -0.364108 -0.461788 0.808812
    outer loop
      vertex 0.402069 -4.52924 1.21468
      vertex 0.363894 -4.49914 1.21468
      vertex 0.326555 -4.55053 1.16853
    endloop
  endfacet
  facet normal -0.263257 -0.71368 0.64912
    outer loop
      vertex 0.281013 -4.32157 1.3212
      vertex 0.300528 -4.27446 1.38091
      vertex 0.242676 -4.25312 1.38091
    endloop
  endfacet
  facet normal -0.280051 -0.759209 0.587515
    outer loop
      vertex 0.300528 -4.27446 1.38091
      vertex 0.31819 -4.23182 1.44443
      vertex 0.242676 -4.25312 1.38091
    endloop
  endfacet
  facet normal 0.852165 -0.0334747 0.522202
    outer loop
      vertex -0.83147 -5 1.44443
      vertex -0.863291 -4.94318 1.5
      vertex -0.865523 -5 1.5
    endloop
  endfacet
  facet normal 0.551722 -0.203516 0.808817
    outer loop
      vertex -0.528378 -4.82832 1.16853
      vertex -0.51328 -4.78739 1.16853
      vertex -0.571968 -4.76308 1.21468
    endloop
  endfacet
  facet normal 0.551716 -0.203521 0.80882
    outer loop
      vertex -0.528378 -4.82832 1.16853
      vertex -0.571968 -4.76308 1.21468
      vertex -0.588793 -4.80869 1.21468
    endloop
  endfacet
  facet normal 0.625397 -0.176379 0.760111
    outer loop
      vertex -0.601988 -4.85547 1.21468
      vertex -0.645577 -4.79024 1.26568
      vertex -0.660045 -4.84154 1.26568
    endloop
  endfacet
  facet normal 0.637299 -0.126789 0.760115
    outer loop
      vertex -0.601988 -4.85547 1.21468
      vertex -0.660045 -4.84154 1.26568
      vertex -0.670444 -4.89381 1.26568
    endloop
  endfacet
  facet normal 0.642372 -0.296168 0.706854
    outer loop
      vertex -0.62713 -4.74023 1.26568
      vertex -0.604815 -4.69183 1.26568
      vertex -0.654285 -4.66662 1.3212
    endloop
  endfacet
  facet normal 0.590078 -0.272058 0.760127
    outer loop
      vertex -0.551617 -4.71894 1.21468
      vertex -0.604815 -4.69183 1.26568
      vertex -0.62713 -4.74023 1.26568
    endloop
  endfacet
  facet normal 0.437137 -0.123327 0.8909
    outer loop
      vertex -0.398169 -4.87063 1.09186
      vertex -0.464705 -4.84901 1.1275
      vertex -0.475121 -4.88593 1.1275
    endloop
  endfacet
  facet normal 0.503176 -0.141958 0.852445
    outer loop
      vertex -0.475121 -4.88593 1.1275
      vertex -0.464705 -4.84901 1.1275
      vertex -0.528378 -4.82832 1.16853
    endloop
  endfacet
  facet normal 0.503196 -0.141933 0.852437
    outer loop
      vertex -0.475121 -4.88593 1.1275
      vertex -0.528378 -4.82832 1.16853
      vertex -0.540219 -4.8703 1.16853
    endloop
  endfacet
  facet normal 0.512786 -0.101994 0.852437
    outer loop
      vertex -0.475121 -4.88593 1.1275
      vertex -0.540219 -4.8703 1.16853
      vertex -0.54873 -4.91309 1.16853
    endloop
  endfacet
  facet normal 0.0616336 0.0486386 0.996913
    outer loop
      vertex -0.0893755 -5.07633 1.00693
      vertex -0.0317612 -5.02308 1.00077
      vertex -0.095089 -5.06909 1.00693
    endloop
  endfacet
  facet normal 0.122869 0.0969632 0.987675
    outer loop
      vertex -0.0893755 -5.07633 1.00693
      vertex -0.095089 -5.06909 1.00693
      vertex -0.157831 -5.11467 1.01921
    endloop
  endfacet
  facet normal 0.0436344 0.0652671 0.996913
    outer loop
      vertex -0.0614128 -5.10022 1.00693
      vertex -0.0230761 -5.03176 1.00077
      vertex -0.0690861 -5.09509 1.00693
    endloop
  endfacet
  facet normal 0.0968565 0.122943 0.987676
    outer loop
      vertex -0.0690861 -5.09509 1.00693
      vertex -0.076334 -5.08938 1.00693
      vertex -0.114671 -5.15783 1.01921
    endloop
  endfacet
  facet normal 0.0808334 0.219193 0.972327
    outer loop
      vertex -0.0602856 -5.18554 1.01921
      vertex -0.0746574 -5.18024 1.01921
      vertex -0.0838795 -5.25815 1.03754
    endloop
  endfacet
  facet normal 0.0211489 0.0755981 0.996914
    outer loop
      vertex -0.00916481 -5.03817 1.00077
      vertex -0.0121317 -5.03734 1.00077
      vertex -0.0274382 -5.11429 1.00693
    endloop
  endfacet
  facet normal 0.0183911 0.155425 0.987676
    outer loop
      vertex -0.0153065 -5.19449 1.01921
      vertex -0.0183868 -5.11609 1.00693
      vertex -0.0305185 -5.19269 1.01921
    endloop
  endfacet
  facet normal 0.021351 0.0755578 0.996913
    outer loop
      vertex -0.0274382 -5.11429 1.00693
      vertex -0.0121317 -5.03734 1.00077
      vertex -0.0363207 -5.11178 1.00693
    endloop
  endfacet
  facet normal 0.702467 0.0831404 0.706843
    outer loop
      vertex -0.725282 -5.11487 1.3212
      vertex -0.676708 -5.05326 1.26568
      vertex -0.732059 -5.05761 1.3212
    endloop
  endfacet
  facet normal 0.706822 0.0277765 0.706846
    outer loop
      vertex -0.676708 -5.05326 1.26568
      vertex -0.678801 -5 1.26568
      vertex -0.732059 -5.05761 1.3212
    endloop
  endfacet
  facet normal 0.693778 0.13802 0.70684
    outer loop
      vertex -0.714032 -5.17142 1.3212
      vertex -0.660045 -5.15846 1.26568
      vertex -0.725282 -5.11487 1.3212
    endloop
  endfacet
  facet normal 0.625391 0.176363 0.76012
    outer loop
      vertex -0.588793 -5.19131 1.21468
      vertex -0.601988 -5.14452 1.21468
      vertex -0.645577 -5.20976 1.26568
    endloop
  endfacet
  facet normal 0.144662 0.183436 0.972329
    outer loop
      vertex -0.159548 -5.2196 1.03754
      vertex -0.114671 -5.15783 1.01921
      vertex -0.176286 -5.2064 1.03754
    endloop
  endfacet
  facet normal 0.191519 0.242852 0.95097
    outer loop
      vertex -0.159548 -5.2196 1.03754
      vertex -0.176286 -5.2064 1.03754
      vertex -0.224785 -5.26319 1.06181
    endloop
  endfacet
  facet normal 0.171856 0.257181 0.950959
    outer loop
      vertex -0.180845 -5.29511 1.06181
      vertex -0.159548 -5.2196 1.03754
      vertex -0.203442 -5.28001 1.06181
    endloop
  endfacet
  facet normal 0.160358 0.347771 0.923765
    outer loop
      vertex -0.132453 -5.31977 1.06181
      vertex -0.157133 -5.30839 1.06181
      vertex -0.160213 -5.38679 1.09186
    endloop
  endfacet
  facet normal 0.221916 0.396325 0.890887
    outer loop
      vertex -0.190067 -5.37303 1.09186
      vertex -0.218749 -5.35697 1.09186
      vertex -0.221828 -5.43536 1.1275
    endloop
  endfacet
  facet normal 0.212754 0.318385 0.923778
    outer loop
      vertex -0.180845 -5.29511 1.06181
      vertex -0.203442 -5.28001 1.06181
      vertex -0.218749 -5.35697 1.09186
    endloop
  endfacet
  facet normal 0.114113 0.203846 0.97233
    outer loop
      vertex -0.123231 -5.24185 1.03754
      vertex -0.101933 -5.16634 1.01921
      vertex -0.141827 -5.23144 1.03754
    endloop
  endfacet
  facet normal 0.15108 0.269883 0.950967
    outer loop
      vertex -0.123231 -5.24185 1.03754
      vertex -0.141827 -5.23144 1.03754
      vertex -0.157133 -5.30839 1.06181
    endloop
  endfacet
  facet normal 0.103912 0.36858 0.92377
    outer loop
      vertex -0.0977335 -5.40709 1.09186
      vertex -0.0807991 -5.33655 1.06181
      vertex -0.129373 -5.39817 1.09186
    endloop
  endfacet
  facet normal 0.0604277 0.303336 0.950966
    outer loop
      vertex -0.0541439 -5.34186 1.06181
      vertex -0.0424623 -5.2681 1.03754
      vertex -0.0807991 -5.33655 1.06181
    endloop
  endfacet
  facet normal -0.0178249 0.453876 0.890886
    outer loop
      vertex 0.0383368 -5.48711 1.1275
      vertex 0.0328474 -5.41737 1.09186
      vertex 0 -5.41866 1.09186
    endloop
  endfacet
  facet normal -0.0150285 0.382672 0.923762
    outer loop
      vertex 0.0328474 -5.41737 1.09186
      vertex 0 -5.34612 1.06181
      vertex 0 -5.41866 1.09186
    endloop
  endfacet
  facet normal 0.123243 0.437146 0.890907
    outer loop
      vertex -0.114066 -5.47512 1.1275
      vertex -0.0977335 -5.40709 1.09186
      vertex -0.129373 -5.39817 1.09186
    endloop
  endfacet
  facet normal 0.103862 0.368615 0.923762
    outer loop
      vertex -0.0807991 -5.33655 1.06181
      vertex -0.106956 -5.32918 1.06181
      vertex -0.129373 -5.39817 1.09186
    endloop
  endfacet
  facet normal -0.0363061 0.307156 0.950966
    outer loop
      vertex 0.0541439 -5.34186 1.06181
      vertex 0.0424623 -5.2681 1.03754
      vertex 0.0271559 -5.34505 1.06181
    endloop
  endfacet
  facet normal -0.0604277 0.303336 0.950966
    outer loop
      vertex 0.0541439 -5.34186 1.06181
      vertex 0.0807991 -5.33655 1.06181
      vertex 0.0424623 -5.2681 1.03754
    endloop
  endfacet
  facet normal 0.0305263 0.153503 0.987677
    outer loop
      vertex -0.0183868 -5.11609 1.00693
      vertex -0.0274382 -5.11429 1.00693
      vertex -0.0305185 -5.19269 1.01921
    endloop
  endfacet
  facet normal 0.015314 0.0770075 0.996913
    outer loop
      vertex -0.0183868 -5.11609 1.00693
      vertex -0.00614071 -5.03878 1.00077
      vertex -0.0274382 -5.11429 1.00693
    endloop
  endfacet
  facet normal 0.0425038 0.150632 0.987676
    outer loop
      vertex -0.0455427 -5.1897 1.01921
      vertex -0.0274382 -5.11429 1.00693
      vertex -0.0602856 -5.18554 1.01921
    endloop
  endfacet
  facet normal 0.0840225 0.297686 0.950959
    outer loop
      vertex -0.0807991 -5.33655 1.06181
      vertex -0.0633659 -5.26394 1.03754
      vertex -0.0838795 -5.25815 1.03754
    endloop
  endfacet
  facet normal -0.257168 0.171847 0.950964
    outer loop
      vertex 0.295113 -5.18085 1.06181
      vertex 0.231441 -5.14183 1.03754
      vertex 0.2196 -5.15955 1.03754
    endloop
  endfacet
  facet normal -0.269884 0.151098 0.950964
    outer loop
      vertex 0.295113 -5.18085 1.06181
      vertex 0.308393 -5.15713 1.06181
      vertex 0.231441 -5.14183 1.03754
    endloop
  endfacet
  facet normal -0.702467 0.0831404 0.706843
    outer loop
      vertex 0.725282 -5.11487 1.3212
      vertex 0.732059 -5.05761 1.3212
      vertex 0.676708 -5.05326 1.26568
    endloop
  endfacet
  facet normal -0.702472 0.083134 0.70684
    outer loop
      vertex 0.725282 -5.11487 1.3212
      vertex 0.676708 -5.05326 1.26568
      vertex 0.670444 -5.10619 1.26568
    endloop
  endfacet
  facet normal -0.453846 0.0178222 0.890902
    outer loop
      vertex 0.487115 -5.03834 1.1275
      vertex 0.418659 -5 1.09186
      vertex 0.417369 -5.03285 1.09186
    endloop
  endfacet
  facet normal -0.451046 -0.0533915 0.890902
    outer loop
      vertex 0.487115 -4.96166 1.1275
      vertex 0.482605 -4.92356 1.1275
      vertex 0.417369 -4.96715 1.09186
    endloop
  endfacet
  facet normal -0.375598 0.0746829 0.923769
    outer loop
      vertex 0.413505 -5.06549 1.09186
      vertex 0.341855 -5.05414 1.06181
      vertex 0.336554 -5.0808 1.06181
    endloop
  endfacet
  facet normal -0.380294 0.0450349 0.923768
    outer loop
      vertex 0.413505 -5.06549 1.09186
      vertex 0.34505 -5.02716 1.06181
      vertex 0.341855 -5.05414 1.06181
    endloop
  endfacet
  facet normal -0.503176 0.141958 0.852445
    outer loop
      vertex 0.528378 -5.17168 1.16853
      vertex 0.475121 -5.11407 1.1275
      vertex 0.464705 -5.15099 1.1275
    endloop
  endfacet
  facet normal -0.565982 0.159604 0.808821
    outer loop
      vertex 0.601988 -5.14452 1.21468
      vertex 0.540219 -5.12969 1.16853
      vertex 0.528378 -5.17168 1.16853
    endloop
  endfacet
  facet normal -0.625391 0.176363 0.76012
    outer loop
      vertex 0.645577 -5.20976 1.26568
      vertex 0.601988 -5.14452 1.21468
      vertex 0.588793 -5.19131 1.21468
    endloop
  endfacet
  facet normal -0.642404 0.296173 0.706823
    outer loop
      vertex 0.654285 -5.33337 1.3212
      vertex 0.678425 -5.28101 1.3212
      vertex 0.62713 -5.25977 1.26568
    endloop
  endfacet
  facet normal -0.410523 0.323708 0.852457
    outer loop
      vertex 0.422459 -5.36081 1.16853
      vertex 0.449466 -5.32656 1.16853
      vertex 0.395303 -5.2872 1.1275
    endloop
  endfacet
  facet normal -0.534016 0.246233 0.808824
    outer loop
      vertex 0.551617 -5.28106 1.21468
      vertex 0.51328 -5.21261 1.16853
      vertex 0.495016 -5.25222 1.16853
    endloop
  endfacet
  facet normal -0.2812 0.25993 0.923776
    outer loop
      vertex 0.296037 -5.29604 1.09186
      vertex 0.318351 -5.2719 1.09186
      vertex 0.263189 -5.22478 1.06181
    endloop
  endfacet
  facet normal -0.300748 0.237046 0.923775
    outer loop
      vertex 0.318351 -5.2719 1.09186
      vertex 0.338702 -5.24608 1.09186
      vertex 0.263189 -5.22478 1.06181
    endloop
  endfacet
  facet normal -0.237034 0.300774 0.92377
    outer loop
      vertex 0.246081 -5.3387 1.09186
      vertex 0.224785 -5.26319 1.06181
      vertex 0.203442 -5.28001 1.06181
    endloop
  endfacet
  facet normal -0.308275 0.333562 0.8909
    outer loop
      vertex 0.345507 -5.34551 1.1275
      vertex 0.296037 -5.29604 1.09186
      vertex 0.271897 -5.31835 1.09186
    endloop
  endfacet
  facet normal -0.191456 0.24294 0.95096
    outer loop
      vertex 0.203442 -5.28001 1.06181
      vertex 0.224785 -5.26319 1.06181
      vertex 0.159548 -5.2196 1.03754
    endloop
  endfacet
  facet normal -0.191519 0.242852 0.95097
    outer loop
      vertex 0.224785 -5.26319 1.06181
      vertex 0.176286 -5.2064 1.03754
      vertex 0.159548 -5.2196 1.03754
    endloop
  endfacet
  facet normal -0.151141 0.269869 0.950961
    outer loop
      vertex 0.157133 -5.30839 1.06181
      vertex 0.180845 -5.29511 1.06181
      vertex 0.141827 -5.23144 1.03754
    endloop
  endfacet
  facet normal -0.171836 0.257188 0.950961
    outer loop
      vertex 0.180845 -5.29511 1.06181
      vertex 0.159548 -5.2196 1.03754
      vertex 0.141827 -5.23144 1.03754
    endloop
  endfacet
  facet normal -0.0755632 0.021316 0.996913
    outer loop
      vertex 0.111784 -5.03632 1.00693
      vertex 0.114289 -5.02744 1.00693
      vertex 0.0373383 -5.01213 1.00077
    endloop
  endfacet
  facet normal -0.150631 0.0424923 0.987676
    outer loop
      vertex 0.185541 -5.06029 1.01921
      vertex 0.114289 -5.02744 1.00693
      vertex 0.111784 -5.03632 1.00693
    endloop
  endfacet
  facet normal -0.231997 0.0274646 0.972329
    outer loop
      vertex 0.268098 -5.04246 1.03754
      vertex 0.270603 -5.0213 1.03754
      vertex 0.192688 -5.03052 1.01921
    endloop
  endfacet
  facet normal -0.307156 0.0363622 0.950964
    outer loop
      vertex 0.34505 -5.02716 1.06181
      vertex 0.270603 -5.0213 1.03754
      vertex 0.268098 -5.04246 1.03754
    endloop
  endfacet
  facet normal -0.382663 0.015027 0.923766
    outer loop
      vertex 0.417369 -5.03285 1.09186
      vertex 0.418659 -5 1.09186
      vertex 0.346117 -5 1.06181
    endloop
  endfacet
  facet normal -0.382661 0.0150331 0.923767
    outer loop
      vertex 0.417369 -5.03285 1.09186
      vertex 0.346117 -5 1.06181
      vertex 0.34505 -5.02716 1.06181
    endloop
  endfacet
  facet normal -0.00920741 0.233435 0.972329
    outer loop
      vertex 0.0212965 -5.2706 1.03754
      vertex 0 -5.19509 1.01921
      vertex 0 -5.27144 1.03754
    endloop
  endfacet
  facet normal -0.0121772 0.309048 0.950968
    outer loop
      vertex 0.0271559 -5.34505 1.06181
      vertex 0.0212965 -5.2706 1.03754
      vertex 0 -5.34612 1.06181
    endloop
  endfacet
  facet normal -0.00917005 0.0779785 0.996913
    outer loop
      vertex 0.00922108 -5.11717 1.00693
      vertex 0.00614071 -5.03878 1.00077
      vertex 0.00307941 -5.03914 1.00077
    endloop
  endfacet
  facet normal -0.00918815 0.0779778 0.996913
    outer loop
      vertex 0.00922108 -5.11717 1.00693
      vertex 0.0183868 -5.11609 1.00693
      vertex 0.00614071 -5.03878 1.00077
    endloop
  endfacet
  facet normal 0.0031478 0.078449 0.996913
    outer loop
      vertex 0 -5.11754 1.00693
      vertex 0 -5.03926 1.00077
      vertex -0.00922108 -5.11717 1.00693
    endloop
  endfacet
  facet normal -0.0031478 0.078449 0.996913
    outer loop
      vertex 0.00922108 -5.11717 1.00693
      vertex 0 -5.03926 1.00077
      vertex 0 -5.11754 1.00693
    endloop
  endfacet
  facet normal -0.0183911 0.155425 0.987676
    outer loop
      vertex 0.0305185 -5.19269 1.01921
      vertex 0.0183868 -5.11609 1.00693
      vertex 0.0153065 -5.19449 1.01921
    endloop
  endfacet
  facet normal -0.0305263 0.153503 0.987677
    outer loop
      vertex 0.0305185 -5.19269 1.01921
      vertex 0.0274382 -5.11429 1.00693
      vertex 0.0183868 -5.11609 1.00693
    endloop
  endfacet
  facet normal -0.106252 0.114926 0.987675
    outer loop
      vertex 0.1267 -5.14835 1.01921
      vertex 0.137949 -5.13795 1.01921
      vertex 0.076334 -5.08938 1.00693
    endloop
  endfacet
  facet normal -0.158601 0.171548 0.972326
    outer loop
      vertex 0.176286 -5.2064 1.03754
      vertex 0.137949 -5.13795 1.01921
      vertex 0.1267 -5.14835 1.01921
    endloop
  endfacet
  facet normal -0.0779695 -0.00920856 0.996913
    outer loop
      vertex 0.0391378 -4.99692 1.00077
      vertex 0.117174 -4.99078 1.00693
      vertex 0.0387764 -4.99386 1.00077
    endloop
  endfacet
  facet normal -0.0736616 -0.027168 0.996913
    outer loop
      vertex 0.111784 -4.96368 1.00693
      vertex 0.10859 -4.95502 1.00693
      vertex 0.0373383 -4.98787 1.00077
    endloop
  endfacet
  facet normal -0.0755632 -0.021316 0.996913
    outer loop
      vertex 0.114289 -4.97256 1.00693
      vertex 0.111784 -4.96368 1.00693
      vertex 0.0373383 -4.98787 1.00077
    endloop
  endfacet
  facet normal -0.0685088 -0.0383497 0.996913
    outer loop
      vertex 0.0349798 -4.98218 1.00077
      vertex 0.100217 -4.93859 1.00693
      vertex 0.033474 -4.97949 1.00077
    endloop
  endfacet
  facet normal -0.0485849 0.0616705 0.996913
    outer loop
      vertex 0.0690861 -5.09509 1.00693
      vertex 0.076334 -5.08938 1.00693
      vertex 0.0230761 -5.03176 1.00077
    endloop
  endfacet
  facet normal -0.0211489 0.0755981 0.996914
    outer loop
      vertex 0.0274382 -5.11429 1.00693
      vertex 0.0121317 -5.03734 1.00077
      vertex 0.00916481 -5.03817 1.00077
    endloop
  endfacet
  facet normal -0.0712962 0.0328745 0.996913
    outer loop
      vertex 0.104726 -5.05336 1.00693
      vertex 0.10859 -5.04498 1.00693
      vertex 0.0362711 -5.01502 1.00077
    endloop
  endfacet
  facet normal 0.0652955 0.0435984 0.996913
    outer loop
      vertex -0.095089 -5.06909 1.00693
      vertex -0.0317612 -5.02308 1.00077
      vertex -0.100217 -5.06141 1.00693
    endloop
  endfacet
  facet normal 0.122907 0.0968956 0.987677
    outer loop
      vertex -0.148347 -5.1267 1.01921
      vertex -0.0893755 -5.07633 1.00693
      vertex -0.157831 -5.11467 1.01921
    endloop
  endfacet
  facet normal 0.15639 0.00613914 0.987676
    outer loop
      vertex -0.194489 -5.01531 1.01921
      vertex -0.117174 -5.00922 1.00693
      vertex -0.19509 -5 1.01921
    endloop
  endfacet
  facet normal 0.0755632 0.021316 0.996913
    outer loop
      vertex -0.111784 -5.03632 1.00693
      vertex -0.0373383 -5.01213 1.00077
      vertex -0.114289 -5.02744 1.00693
    endloop
  endfacet
  facet normal 0.0736485 -0.0271964 0.996913
    outer loop
      vertex -0.0373383 -4.98787 1.00077
      vertex -0.0362711 -4.98498 1.00077
      vertex -0.10859 -4.95502 1.00693
    endloop
  endfacet
  facet normal 0.0755569 -0.0213474 0.996913
    outer loop
      vertex -0.0381746 -4.99083 1.00077
      vertex -0.0373383 -4.98787 1.00077
      vertex -0.114289 -4.97256 1.00693
    endloop
  endfacet
  facet normal 0.0770016 0.0153237 0.996913
    outer loop
      vertex -0.114289 -5.02744 1.00693
      vertex -0.0387764 -5.00614 1.00077
      vertex -0.11609 -5.01839 1.00693
    endloop
  endfacet
  facet normal 0.156392 -0.00615729 0.987676
    outer loop
      vertex -0.117537 -5 1.00693
      vertex -0.117174 -4.99078 1.00693
      vertex -0.19509 -5 1.01921
    endloop
  endfacet
  facet normal 0.078451 -0.00308869 0.996913
    outer loop
      vertex -0.039259 -5 1.00077
      vertex -0.117174 -4.99078 1.00693
      vertex -0.117537 -5 1.00693
    endloop
  endfacet
  facet normal 0.153504 -0.0305475 0.987676
    outer loop
      vertex -0.114289 -4.97256 1.00693
      vertex -0.189699 -4.95446 1.01921
      vertex -0.192688 -4.96948 1.01921
    endloop
  endfacet
  facet normal 0.229117 -0.0455946 0.97233
    outer loop
      vertex -0.192688 -4.96948 1.01921
      vertex -0.189699 -4.95446 1.01921
      vertex -0.26394 -4.93663 1.03754
    endloop
  endfacet
  facet normal -0.0633574 -0.224859 0.972329
    outer loop
      vertex 0.0838795 -4.74184 1.03754
      vertex 0.0633659 -4.73606 1.03754
      vertex 0.0455427 -4.8103 1.01921
    endloop
  endfacet
  facet normal -0.0455983 -0.229123 0.972329
    outer loop
      vertex 0.0455427 -4.8103 1.01921
      vertex 0.0633659 -4.73606 1.03754
      vertex 0.0305185 -4.80731 1.01921
    endloop
  endfacet
  facet normal -0.0654754 -0.142161 0.987676
    outer loop
      vertex 0.05336 -4.89527 1.00693
      vertex 0.0885687 -4.82617 1.01921
      vertex 0.0449791 -4.89141 1.00693
    endloop
  endfacet
  facet normal -0.0541534 -0.146846 0.987676
    outer loop
      vertex 0.0746574 -4.81976 1.01921
      vertex 0.0602856 -4.81446 1.01921
      vertex 0.0449791 -4.89141 1.00693
    endloop
  endfacet
  facet normal -0.144592 -0.183486 0.97233
    outer loop
      vertex 0.176286 -4.79359 1.03754
      vertex 0.159548 -4.7804 1.03754
      vertex 0.114671 -4.84217 1.01921
    endloop
  endfacet
  facet normal -0.114214 -0.203791 0.972329
    outer loop
      vertex 0.101933 -4.83366 1.01921
      vertex 0.123231 -4.75814 1.03754
      vertex 0.0885687 -4.82617 1.01921
    endloop
  endfacet
  facet normal -0.0486317 -0.0616273 0.996914
    outer loop
      vertex 0.0254965 -4.97015 1.00077
      vertex 0.076334 -4.91062 1.00693
      vertex 0.0230761 -4.96824 1.00077
    endloop
  endfacet
  facet normal -0.0532501 -0.0576833 0.996914
    outer loop
      vertex 0.0277605 -4.97224 1.00077
      vertex 0.076334 -4.91062 1.00693
      vertex 0.0254965 -4.97015 1.00077
    endloop
  endfacet
  facet normal -0.383962 -0.354844 0.852443
    outer loop
      vertex 0.37155 -4.68267 1.1275
      vertex 0.422459 -4.63919 1.16853
      vertex 0.345507 -4.65449 1.1275
    endloop
  endfacet
  facet normal -0.410523 -0.323708 0.852457
    outer loop
      vertex 0.449466 -4.67344 1.16853
      vertex 0.422459 -4.63919 1.16853
      vertex 0.395303 -4.7128 1.1275
    endloop
  endfacet
  facet normal -0.323658 -0.41059 0.852444
    outer loop
      vertex 0.317333 -4.62845 1.1275
      vertex 0.360813 -4.57754 1.16853
      vertex 0.287204 -4.6047 1.1275
    endloop
  endfacet
  facet normal -0.281176 -0.356697 0.890903
    outer loop
      vertex 0.317333 -4.62845 1.1275
      vertex 0.287204 -4.6047 1.1275
      vertex 0.271897 -4.68165 1.09186
    endloop
  endfacet
  facet normal -0.122907 -0.0968956 0.987677
    outer loop
      vertex 0.157831 -4.88533 1.01921
      vertex 0.148347 -4.8733 1.01921
      vertex 0.0893755 -4.92367 1.00693
    endloop
  endfacet
  facet normal -0.114934 -0.10623 0.987677
    outer loop
      vertex 0.148347 -4.8733 1.01921
      vertex 0.137949 -4.86205 1.01921
      vertex 0.0893755 -4.92367 1.00693
    endloop
  endfacet
  facet normal -0.203817 -0.114174 0.972328
    outer loop
      vertex 0.173826 -4.91143 1.01921
      vertex 0.241855 -4.87677 1.03754
      vertex 0.166342 -4.89807 1.01921
    endloop
  endfacet
  facet normal -0.136548 -0.0764914 0.987676
    outer loop
      vertex 0.173826 -4.91143 1.01921
      vertex 0.166342 -4.89807 1.01921
      vertex 0.100217 -4.93859 1.00693
    endloop
  endfacet
  facet normal -0.0152806 -0.0770169 0.996913
    outer loop
      vertex 0.00916481 -4.96182 1.00077
      vertex 0.0274382 -4.88571 1.00693
      vertex 0.00614071 -4.96122 1.00077
    endloop
  endfacet
  facet normal -0.0383624 -0.0684977 0.996913
    outer loop
      vertex 0.0614128 -4.89978 1.00693
      vertex 0.05336 -4.89527 1.00693
      vertex 0.0178232 -4.96502 1.00077
    endloop
  endfacet
  facet normal -0.0384326 -0.0684508 0.996914
    outer loop
      vertex 0.0205126 -4.96653 1.00077
      vertex 0.0614128 -4.89978 1.00693
      vertex 0.0178232 -4.96502 1.00077
    endloop
  endfacet
  facet normal 0.0328514 -0.0713054 0.996913
    outer loop
      vertex -0.0178232 -4.96502 1.00077
      vertex -0.0150232 -4.96373 1.00077
      vertex -0.05336 -4.89527 1.00693
    endloop
  endfacet
  facet normal 0.0486317 -0.0616273 0.996914
    outer loop
      vertex -0.0254965 -4.97015 1.00077
      vertex -0.0230761 -4.96824 1.00077
      vertex -0.076334 -4.91062 1.00693
    endloop
  endfacet
  facet normal 0.015314 -0.0770075 0.996913
    outer loop
      vertex -0.00614071 -4.96122 1.00077
      vertex -0.0183868 -4.88391 1.00693
      vertex -0.0274382 -4.88571 1.00693
    endloop
  endfacet
  facet normal 0.0305263 -0.153503 0.987677
    outer loop
      vertex -0.0274382 -4.88571 1.00693
      vertex -0.0183868 -4.88391 1.00693
      vertex -0.0305185 -4.80731 1.01921
    endloop
  endfacet
  facet normal 0.0425582 -0.150607 0.987677
    outer loop
      vertex -0.0363207 -4.88822 1.00693
      vertex -0.0274382 -4.88571 1.00693
      vertex -0.0602856 -4.81446 1.01921
    endloop
  endfacet
  facet normal 0.021351 -0.0755578 0.996913
    outer loop
      vertex -0.0121317 -4.96266 1.00077
      vertex -0.0274382 -4.88571 1.00693
      vertex -0.0363207 -4.88822 1.00693
    endloop
  endfacet
  facet normal 0.0152806 -0.0770169 0.996913
    outer loop
      vertex -0.00916481 -4.96182 1.00077
      vertex -0.00614071 -4.96122 1.00077
      vertex -0.0274382 -4.88571 1.00693
    endloop
  endfacet
  facet normal -0.00306273 -0.078449 0.996913
    outer loop
      vertex 0.00922108 -4.88282 1.00693
      vertex 0 -4.88246 1.00693
      vertex 0 -4.96074 1.00077
    endloop
  endfacet
  facet normal -0.00305707 -0.0784497 0.996913
    outer loop
      vertex 0.00307941 -4.96086 1.00077
      vertex 0.00922108 -4.88282 1.00693
      vertex 0 -4.96074 1.00077
    endloop
  endfacet
  facet normal 0.0968804 -0.12293 0.987675
    outer loop
      vertex -0.076334 -4.91062 1.00693
      vertex -0.114671 -4.84217 1.01921
      vertex -0.1267 -4.85165 1.01921
    endloop
  endfacet
  facet normal 0.144599 -0.183478 0.972331
    outer loop
      vertex -0.1267 -4.85165 1.01921
      vertex -0.114671 -4.84217 1.01921
      vertex -0.176286 -4.79359 1.03754
    endloop
  endfacet
  facet normal -0.296144 -0.642365 0.706871
    outer loop
      vertex 0.333375 -4.34571 1.3212
      vertex 0.281013 -4.32157 1.3212
      vertex 0.259766 -4.37287 1.26568
    endloop
  endfacet
  facet normal -0.244848 -0.663612 0.706873
    outer loop
      vertex 0.259766 -4.37287 1.26568
      vertex 0.281013 -4.32157 1.3212
      vertex 0.209761 -4.35442 1.26568
    endloop
  endfacet
  facet normal 0.171551 0.158559 0.972332
    outer loop
      vertex -0.137949 -5.13795 1.01921
      vertex -0.148347 -5.1267 1.01921
      vertex -0.206405 -5.17629 1.03754
    endloop
  endfacet
  facet normal 0.183451 0.144626 0.972332
    outer loop
      vertex -0.148347 -5.1267 1.01921
      vertex -0.157831 -5.11467 1.01921
      vertex -0.206405 -5.17629 1.03754
    endloop
  endfacet
  facet normal 0.0654978 0.142147 0.987676
    outer loop
      vertex -0.0746574 -5.18024 1.01921
      vertex -0.0449791 -5.10859 1.00693
      vertex -0.0885687 -5.17383 1.01921
    endloop
  endfacet
  facet normal 0.0764782 0.136555 0.987676
    outer loop
      vertex -0.05336 -5.10473 1.00693
      vertex -0.0614128 -5.10022 1.00693
      vertex -0.0885687 -5.17383 1.01921
    endloop
  endfacet
  facet normal 0.0271441 0.0736754 0.996913
    outer loop
      vertex -0.0363207 -5.11178 1.00693
      vertex -0.0121317 -5.03734 1.00077
      vertex -0.0449791 -5.10859 1.00693
    endloop
  endfacet
  facet normal 0.0272462 0.0736284 0.996913
    outer loop
      vertex -0.0121317 -5.03734 1.00077
      vertex -0.0150232 -5.03627 1.00077
      vertex -0.0449791 -5.10859 1.00693
    endloop
  endfacet
  facet normal 0.00918815 0.0779778 0.996913
    outer loop
      vertex -0.00922108 -5.11717 1.00693
      vertex -0.00614071 -5.03878 1.00077
      vertex -0.0183868 -5.11609 1.00693
    endloop
  endfacet
  facet normal 0.0183135 0.155422 0.987678
    outer loop
      vertex -0.0153065 -5.19449 1.01921
      vertex -0.00922108 -5.11717 1.00693
      vertex -0.0183868 -5.11609 1.00693
    endloop
  endfacet
  facet normal 0.713638 0.26329 0.649153
    outer loop
      vertex -0.678425 -5.28101 1.3212
      vertex -0.698381 -5.22692 1.3212
      vertex -0.746881 -5.24268 1.38091
    endloop
  endfacet
  facet normal 0.732105 0.206457 0.649152
    outer loop
      vertex -0.746881 -5.24268 1.38091
      vertex -0.698381 -5.22692 1.3212
      vertex -0.763618 -5.18333 1.38091
    endloop
  endfacet
  facet normal 0.106252 0.114926 0.987675
    outer loop
      vertex -0.1267 -5.14835 1.01921
      vertex -0.076334 -5.08938 1.00693
      vertex -0.137949 -5.13795 1.01921
    endloop
  endfacet
  facet normal 0.0968804 0.12293 0.987675
    outer loop
      vertex -0.114671 -5.15783 1.01921
      vertex -0.076334 -5.08938 1.00693
      vertex -0.1267 -5.14835 1.01921
    endloop
  endfacet
  facet normal 0.252381 0.377636 0.890896
    outer loop
      vertex -0.255303 -5.41662 1.1275
      vertex -0.218749 -5.35697 1.09186
      vertex -0.287204 -5.3953 1.1275
    endloop
  endfacet
  facet normal 0.252406 0.3776 0.890904
    outer loop
      vertex -0.218749 -5.35697 1.09186
      vertex -0.246081 -5.3387 1.09186
      vertex -0.287204 -5.3953 1.1275
    endloop
  endfacet
  facet normal 0.097775 0.212196 0.972323
    outer loop
      vertex -0.0746574 -5.18024 1.01921
      vertex -0.0885687 -5.17383 1.01921
      vertex -0.123231 -5.24185 1.03754
    endloop
  endfacet
  facet normal 0.114226 0.203813 0.972323
    outer loop
      vertex -0.0885687 -5.17383 1.01921
      vertex -0.101933 -5.16634 1.01921
      vertex -0.123231 -5.24185 1.03754
    endloop
  endfacet
  facet normal 0.187088 0.334125 0.923774
    outer loop
      vertex -0.190067 -5.37303 1.09186
      vertex -0.157133 -5.30839 1.06181
      vertex -0.218749 -5.35697 1.09186
    endloop
  endfacet
  facet normal 0.187112 0.334097 0.923779
    outer loop
      vertex -0.157133 -5.30839 1.06181
      vertex -0.180845 -5.29511 1.06181
      vertex -0.218749 -5.35697 1.09186
    endloop
  endfacet
  facet normal 0.129782 0.194246 0.97233
    outer loop
      vertex -0.141827 -5.23144 1.03754
      vertex -0.114671 -5.15783 1.01921
      vertex -0.159548 -5.2196 1.03754
    endloop
  endfacet
  facet normal 0.129774 0.194249 0.97233
    outer loop
      vertex -0.101933 -5.16634 1.01921
      vertex -0.114671 -5.15783 1.01921
      vertex -0.141827 -5.23144 1.03754
    endloop
  endfacet
  facet normal -0.0150773 0.382653 0.923769
    outer loop
      vertex 0.0328474 -5.41737 1.09186
      vertex 0.0271559 -5.34505 1.06181
      vertex 0 -5.34612 1.06181
    endloop
  endfacet
  facet normal 0.0150285 0.382672 0.923762
    outer loop
      vertex 0 -5.41866 1.09186
      vertex 0 -5.34612 1.06181
      vertex -0.0328474 -5.41737 1.09186
    endloop
  endfacet
  facet normal -0.0534691 0.451036 0.890903
    outer loop
      vertex 0.076437 -5.4826 1.1275
      vertex 0.0654926 -5.4135 1.09186
      vertex 0.0328474 -5.41737 1.09186
    endloop
  endfacet
  facet normal -0.0533949 0.451077 0.890887
    outer loop
      vertex 0.0383368 -5.48711 1.1275
      vertex 0.076437 -5.4826 1.1275
      vertex 0.0328474 -5.41737 1.09186
    endloop
  endfacet
  facet normal 0.123241 0.437146 0.890907
    outer loop
      vertex -0.114066 -5.47512 1.1275
      vertex -0.129373 -5.39817 1.09186
      vertex -0.150991 -5.46471 1.1275
    endloop
  endfacet
  facet normal 0.157205 0.426112 0.890907
    outer loop
      vertex -0.150991 -5.46471 1.1275
      vertex -0.129373 -5.39817 1.09186
      vertex -0.186987 -5.45143 1.1275
    endloop
  endfacet
  facet normal 0.0885678 0.445477 0.890902
    outer loop
      vertex -0.076437 -5.4826 1.1275
      vertex -0.0654926 -5.4135 1.09186
      vertex -0.0977335 -5.40709 1.09186
    endloop
  endfacet
  facet normal 0.0746748 0.375598 0.923769
    outer loop
      vertex -0.0654926 -5.4135 1.09186
      vertex -0.0807991 -5.33655 1.06181
      vertex -0.0977335 -5.40709 1.09186
    endloop
  endfacet
  facet normal 0.0455983 0.229123 0.972329
    outer loop
      vertex -0.0305185 -5.19269 1.01921
      vertex -0.0455427 -5.1897 1.01921
      vertex -0.0633659 -5.26394 1.03754
    endloop
  endfacet
  facet normal 0.0455975 0.229123 0.972329
    outer loop
      vertex -0.0424623 -5.2681 1.03754
      vertex -0.0305185 -5.19269 1.01921
      vertex -0.0633659 -5.26394 1.03754
    endloop
  endfacet
  facet normal 0.0541056 0.146855 0.987677
    outer loop
      vertex -0.0363207 -5.11178 1.00693
      vertex -0.0449791 -5.10859 1.00693
      vertex -0.0602856 -5.18554 1.01921
    endloop
  endfacet
  facet normal 0.0425582 0.150607 0.987677
    outer loop
      vertex -0.0274382 -5.11429 1.00693
      vertex -0.0363207 -5.11178 1.00693
      vertex -0.0602856 -5.18554 1.01921
    endloop
  endfacet
  facet normal -0.382663 -0.015027 0.923766
    outer loop
      vertex 0.418659 -5 1.09186
      vertex 0.417369 -4.96715 1.09186
      vertex 0.346117 -5 1.06181
    endloop
  endfacet
  facet normal -0.382661 -0.0150331 0.923767
    outer loop
      vertex 0.346117 -5 1.06181
      vertex 0.417369 -4.96715 1.09186
      vertex 0.34505 -4.97284 1.06181
    endloop
  endfacet
  facet normal -0.609626 0.224884 0.76012
    outer loop
      vertex 0.645577 -5.20976 1.26568
      vertex 0.588793 -5.19131 1.21468
      vertex 0.571968 -5.23692 1.21468
    endloop
  endfacet
  facet normal -0.576752 0.114744 0.80882
    outer loop
      vertex 0.601988 -5.14452 1.21468
      vertex 0.54873 -5.08691 1.16853
      vertex 0.540219 -5.12969 1.16853
    endloop
  endfacet
  facet normal -0.434728 0.290398 0.852456
    outer loop
      vertex 0.449466 -5.32656 1.16853
      vertex 0.473701 -5.29028 1.16853
      vertex 0.395303 -5.2872 1.1275
    endloop
  endfacet
  facet normal -0.456144 0.255493 0.852441
    outer loop
      vertex 0.473701 -5.29028 1.16853
      vertex 0.435364 -5.22183 1.1275
      vertex 0.416617 -5.2553 1.1275
    endloop
  endfacet
  facet normal -0.663676 0.244808 0.706826
    outer loop
      vertex 0.678425 -5.28101 1.3212
      vertex 0.645577 -5.20976 1.26568
      vertex 0.62713 -5.25977 1.26568
    endloop
  endfacet
  facet normal -0.590078 0.272058 0.760127
    outer loop
      vertex 0.604815 -5.30817 1.26568
      vertex 0.62713 -5.25977 1.26568
      vertex 0.551617 -5.28106 1.21468
    endloop
  endfacet
  facet normal -0.566921 0.3175 0.760128
    outer loop
      vertex 0.578773 -5.35467 1.26568
      vertex 0.604815 -5.30817 1.26568
      vertex 0.551617 -5.28106 1.21468
    endloop
  endfacet
  facet normal -0.61719 0.345653 0.706824
    outer loop
      vertex 0.654285 -5.33337 1.3212
      vertex 0.604815 -5.30817 1.26568
      vertex 0.578773 -5.35467 1.26568
    endloop
  endfacet
  facet normal -0.540265 0.360973 0.76014
    outer loop
      vertex 0.549161 -5.39899 1.26568
      vertex 0.578773 -5.35467 1.26568
      vertex 0.500857 -5.36389 1.21468
    endloop
  endfacet
  facet normal -0.510289 0.40223 0.760142
    outer loop
      vertex 0.549161 -5.39899 1.26568
      vertex 0.500857 -5.36389 1.21468
      vertex 0.470762 -5.40207 1.21468
    endloop
  endfacet
  facet normal -0.237079 0.300758 0.923763
    outer loop
      vertex 0.246081 -5.3387 1.09186
      vertex 0.271897 -5.31835 1.09186
      vertex 0.224785 -5.26319 1.06181
    endloop
  endfacet
  facet normal -0.281174 0.356697 0.890903
    outer loop
      vertex 0.287204 -5.3953 1.1275
      vertex 0.271897 -5.31835 1.09186
      vertex 0.246081 -5.3387 1.09186
    endloop
  endfacet
  facet normal -0.25996 0.28118 0.923774
    outer loop
      vertex 0.296037 -5.29604 1.09186
      vertex 0.244741 -5.24474 1.06181
      vertex 0.224785 -5.26319 1.06181
    endloop
  endfacet
  facet normal -0.209962 0.227101 0.950969
    outer loop
      vertex 0.224785 -5.26319 1.06181
      vertex 0.244741 -5.24474 1.06181
      vertex 0.176286 -5.2064 1.03754
    endloop
  endfacet
  facet normal 0.00305745 0.0784596 0.996913
    outer loop
      vertex 0 -5.03926 1.00077
      vertex -0.00307941 -5.03914 1.00077
      vertex -0.00922108 -5.11717 1.00693
    endloop
  endfacet
  facet normal -0.0455983 0.229123 0.972329
    outer loop
      vertex 0.0633659 -5.26394 1.03754
      vertex 0.0455427 -5.1897 1.01921
      vertex 0.0305185 -5.19269 1.01921
    endloop
  endfacet
  facet normal -0.0305488 0.153502 0.987676
    outer loop
      vertex 0.0305185 -5.19269 1.01921
      vertex 0.0455427 -5.1897 1.01921
      vertex 0.0274382 -5.11429 1.00693
    endloop
  endfacet
  facet normal -0.0755569 -0.0213474 0.996913
    outer loop
      vertex 0.0381746 -4.99083 1.00077
      vertex 0.114289 -4.97256 1.00693
      vertex 0.0373383 -4.98787 1.00077
    endloop
  endfacet
  facet normal -0.0486317 0.0616273 0.996914
    outer loop
      vertex 0.076334 -5.08938 1.00693
      vertex 0.0254965 -5.02985 1.00077
      vertex 0.0230761 -5.03176 1.00077
    endloop
  endfacet
  facet normal -0.0654978 0.142147 0.987676
    outer loop
      vertex 0.0746574 -5.18024 1.01921
      vertex 0.0885687 -5.17383 1.01921
      vertex 0.0449791 -5.10859 1.00693
    endloop
  endfacet
  facet normal -0.0603723 0.303365 0.95096
    outer loop
      vertex 0.0807991 -5.33655 1.06181
      vertex 0.0633659 -5.26394 1.03754
      vertex 0.0424623 -5.2681 1.03754
    endloop
  endfacet
  facet normal -0.0653288 0.043539 0.996913
    outer loop
      vertex 0.100217 -5.06141 1.00693
      vertex 0.033474 -5.02051 1.00077
      vertex 0.0317612 -5.02308 1.00077
    endloop
  endfacet
  facet normal -0.0779692 0.00921686 0.996913
    outer loop
      vertex 0.11609 -5.01839 1.00693
      vertex 0.117174 -5.00922 1.00693
      vertex 0.0387764 -5.00614 1.00077
    endloop
  endfacet
  facet normal 0.130169 0.0869149 0.987675
    outer loop
      vertex -0.095089 -5.06909 1.00693
      vertex -0.100217 -5.06141 1.00693
      vertex -0.157831 -5.11467 1.01921
    endloop
  endfacet
  facet normal 0.136548 0.0764914 0.987676
    outer loop
      vertex -0.166342 -5.10193 1.01921
      vertex -0.100217 -5.06141 1.00693
      vertex -0.173826 -5.08857 1.01921
    endloop
  endfacet
  facet normal 0.0576653 0.0532826 0.996913
    outer loop
      vertex -0.0831108 -5.08311 1.00693
      vertex -0.0277605 -5.02776 1.00077
      vertex -0.0893755 -5.07633 1.00693
    endloop
  endfacet
  facet normal 0.13655 0.0764851 0.987676
    outer loop
      vertex -0.100217 -5.06141 1.00693
      vertex -0.104726 -5.05336 1.00693
      vertex -0.173826 -5.08857 1.01921
    endloop
  endfacet
  facet normal 0.0684973 0.038367 0.996913
    outer loop
      vertex -0.100217 -5.06141 1.00693
      vertex -0.0349798 -5.01782 1.00077
      vertex -0.104726 -5.05336 1.00693
    endloop
  endfacet
  facet normal 0.150643 0.0424661 0.987676
    outer loop
      vertex -0.185541 -5.06029 1.01921
      vertex -0.114289 -5.02744 1.00693
      vertex -0.189699 -5.04554 1.01921
    endloop
  endfacet
  facet normal 0.153504 0.0305475 0.987676
    outer loop
      vertex -0.189699 -5.04554 1.01921
      vertex -0.114289 -5.02744 1.00693
      vertex -0.192688 -5.03052 1.01921
    endloop
  endfacet
  facet normal 0.0712937 -0.0328791 0.996913
    outer loop
      vertex -0.0362711 -4.98498 1.00077
      vertex -0.0349798 -4.98218 1.00077
      vertex -0.104726 -4.94664 1.00693
    endloop
  endfacet
  facet normal 0.0684973 -0.038367 0.996913
    outer loop
      vertex -0.0349798 -4.98218 1.00077
      vertex -0.100217 -4.93859 1.00693
      vertex -0.104726 -4.94664 1.00693
    endloop
  endfacet
  facet normal 0.0779692 -0.00921686 0.996913
    outer loop
      vertex -0.0387764 -4.99386 1.00077
      vertex -0.11609 -4.98161 1.00693
      vertex -0.117174 -4.99078 1.00693
    endloop
  endfacet
  facet normal 0.150631 -0.0424923 0.987676
    outer loop
      vertex -0.114289 -4.97256 1.00693
      vertex -0.111784 -4.96368 1.00693
      vertex -0.185541 -4.93971 1.01921
    endloop
  endfacet
  facet normal 0.150643 -0.0424661 0.987676
    outer loop
      vertex -0.114289 -4.97256 1.00693
      vertex -0.185541 -4.93971 1.01921
      vertex -0.189699 -4.95446 1.01921
    endloop
  endfacet
  facet normal 0.0755705 0.0212793 0.996913
    outer loop
      vertex -0.0373383 -5.01213 1.00077
      vertex -0.0381746 -5.00916 1.00077
      vertex -0.114289 -5.02744 1.00693
    endloop
  endfacet
  facet normal 0.0769961 0.0153431 0.996913
    outer loop
      vertex -0.0381746 -5.00916 1.00077
      vertex -0.0387764 -5.00614 1.00077
      vertex -0.114289 -5.02744 1.00693
    endloop
  endfacet
  facet normal 0.219179 -0.0808536 0.972329
    outer loop
      vertex -0.185541 -4.93971 1.01921
      vertex -0.18024 -4.92534 1.01921
      vertex -0.258155 -4.91612 1.03754
    endloop
  endfacet
  facet normal 0.146838 -0.0541677 0.987676
    outer loop
      vertex -0.10859 -4.95502 1.00693
      vertex -0.18024 -4.92534 1.01921
      vertex -0.185541 -4.93971 1.01921
    endloop
  endfacet
  facet normal -0.0765228 -0.136539 0.987675
    outer loop
      vertex 0.101933 -4.83366 1.01921
      vertex 0.0885687 -4.82617 1.01921
      vertex 0.0614128 -4.89978 1.00693
    endloop
  endfacet
  facet normal -0.0764782 -0.136555 0.987676
    outer loop
      vertex 0.0614128 -4.89978 1.00693
      vertex 0.0885687 -4.82617 1.01921
      vertex 0.05336 -4.89527 1.00693
    endloop
  endfacet
  facet normal -0.45612 -0.255479 0.852458
    outer loop
      vertex 0.435364 -4.77817 1.1275
      vertex 0.473701 -4.70971 1.16853
      vertex 0.416617 -4.7447 1.1275
    endloop
  endfacet
  facet normal -0.37767 -0.25234 0.890893
    outer loop
      vertex 0.416617 -4.7447 1.1275
      vertex 0.395303 -4.7128 1.1275
      vertex 0.356966 -4.78125 1.09186
    endloop
  endfacet
  facet normal -0.377634 -0.252364 0.890901
    outer loop
      vertex 0.356966 -4.78125 1.09186
      vertex 0.395303 -4.7128 1.1275
      vertex 0.338702 -4.75392 1.09186
    endloop
  endfacet
  facet normal -0.318392 -0.212811 0.923763
    outer loop
      vertex 0.295113 -4.81915 1.06181
      vertex 0.356966 -4.78125 1.09186
      vertex 0.280014 -4.79656 1.06181
    endloop
  endfacet
  facet normal -0.410578 -0.323679 0.852442
    outer loop
      vertex 0.395303 -4.7128 1.1275
      vertex 0.422459 -4.63919 1.16853
      vertex 0.37155 -4.68267 1.1275
    endloop
  endfacet
  facet normal -0.356702 -0.281206 0.890891
    outer loop
      vertex 0.395303 -4.7128 1.1275
      vertex 0.37155 -4.68267 1.1275
      vertex 0.318351 -4.7281 1.09186
    endloop
  endfacet
  facet normal -0.252381 -0.377636 0.890896
    outer loop
      vertex 0.287204 -4.6047 1.1275
      vertex 0.255303 -4.58338 1.1275
      vertex 0.218749 -4.64303 1.09186
    endloop
  endfacet
  facet normal -0.221874 -0.396331 0.890895
    outer loop
      vertex 0.255303 -4.58338 1.1275
      vertex 0.221828 -4.56464 1.1275
      vertex 0.218749 -4.64303 1.09186
    endloop
  endfacet
  facet normal 0.0384326 -0.0684508 0.996914
    outer loop
      vertex -0.0205126 -4.96653 1.00077
      vertex -0.0178232 -4.96502 1.00077
      vertex -0.0614128 -4.89978 1.00693
    endloop
  endfacet
  facet normal 0.0383624 -0.0684977 0.996913
    outer loop
      vertex -0.0178232 -4.96502 1.00077
      vertex -0.05336 -4.89527 1.00693
      vertex -0.0614128 -4.89978 1.00693
    endloop
  endfacet
  facet normal 0.0532501 -0.0576833 0.996914
    outer loop
      vertex -0.0277605 -4.97224 1.00077
      vertex -0.0254965 -4.97015 1.00077
      vertex -0.076334 -4.91062 1.00693
    endloop
  endfacet
  facet normal 0.00916889 -0.0779687 0.996914
    outer loop
      vertex -0.00614071 -4.96122 1.00077
      vertex -0.00307941 -4.96086 1.00077
      vertex -0.00922108 -4.88282 1.00693
    endloop
  endfacet
  facet normal 0.227161 0.209953 0.950956
    outer loop
      vertex -0.244741 -5.24474 1.06181
      vertex -0.206405 -5.17629 1.03754
      vertex -0.263189 -5.22478 1.06181
    endloop
  endfacet
  facet normal 0.242931 0.191486 0.950956
    outer loop
      vertex -0.206405 -5.17629 1.03754
      vertex -0.2196 -5.15955 1.03754
      vertex -0.263189 -5.22478 1.06181
    endloop
  endfacet
  facet normal 0.0486317 0.0616273 0.996914
    outer loop
      vertex -0.0230761 -5.03176 1.00077
      vertex -0.0254965 -5.02985 1.00077
      vertex -0.076334 -5.08938 1.00693
    endloop
  endfacet
  facet normal 0.0869878 0.130114 0.987676
    outer loop
      vertex -0.0614128 -5.10022 1.00693
      vertex -0.0690861 -5.09509 1.00693
      vertex -0.114671 -5.15783 1.01921
    endloop
  endfacet
  facet normal 0.0485849 0.0616705 0.996913
    outer loop
      vertex -0.0690861 -5.09509 1.00693
      vertex -0.0230761 -5.03176 1.00077
      vertex -0.076334 -5.08938 1.00693
    endloop
  endfacet
  facet normal 0.0155216 0.076949 0.996914
    outer loop
      vertex -0.00614071 -5.03878 1.00077
      vertex -0.00916481 -5.03817 1.00077
      vertex -0.0274382 -5.11429 1.00693
    endloop
  endfacet
  facet normal 0.74604 0.148416 0.649151
    outer loop
      vertex -0.714032 -5.17142 1.3212
      vertex -0.725282 -5.11487 1.3212
      vertex -0.763618 -5.18333 1.38091
    endloop
  endfacet
  facet normal 0.680817 0.192009 0.706839
    outer loop
      vertex -0.645577 -5.20976 1.26568
      vertex -0.660045 -5.15846 1.26568
      vertex -0.714032 -5.17142 1.3212
    endloop
  endfacet
  facet normal 0.132574 0.359279 0.923765
    outer loop
      vertex -0.129373 -5.39817 1.09186
      vertex -0.132453 -5.31977 1.06181
      vertex -0.160213 -5.38679 1.09186
    endloop
  endfacet
  facet normal 0.157228 0.426091 0.890913
    outer loop
      vertex -0.129373 -5.39817 1.09186
      vertex -0.160213 -5.38679 1.09186
      vertex -0.186987 -5.45143 1.1275
    endloop
  endfacet
  facet normal 0.107082 0.290145 0.950973
    outer loop
      vertex -0.106956 -5.32918 1.06181
      vertex -0.0838795 -5.25815 1.03754
      vertex -0.132453 -5.31977 1.06181
    endloop
  endfacet
  facet normal 0.083876 0.297685 0.950972
    outer loop
      vertex -0.0807991 -5.33655 1.06181
      vertex -0.0838795 -5.25815 1.03754
      vertex -0.106956 -5.32918 1.06181
    endloop
  endfacet
  facet normal -0.680817 0.192009 0.706839
    outer loop
      vertex 0.714032 -5.17142 1.3212
      vertex 0.660045 -5.15846 1.26568
      vertex 0.645577 -5.20976 1.26568
    endloop
  endfacet
  facet normal -0.680813 0.191989 0.706848
    outer loop
      vertex 0.698381 -5.22692 1.3212
      vertex 0.714032 -5.17142 1.3212
      vertex 0.645577 -5.20976 1.26568
    endloop
  endfacet
  facet normal -0.503219 0.141906 0.852428
    outer loop
      vertex 0.528378 -5.17168 1.16853
      vertex 0.540219 -5.12969 1.16853
      vertex 0.475121 -5.11407 1.1275
    endloop
  endfacet
  facet normal -0.512791 0.102019 0.85243
    outer loop
      vertex 0.540219 -5.12969 1.16853
      vertex 0.54873 -5.08691 1.16853
      vertex 0.475121 -5.11407 1.1275
    endloop
  endfacet
  facet normal -0.513071 0.287339 0.808823
    outer loop
      vertex 0.551617 -5.28106 1.21468
      vertex 0.495016 -5.25222 1.16853
      vertex 0.473701 -5.29028 1.16853
    endloop
  endfacet
  facet normal -0.456171 0.255473 0.852433
    outer loop
      vertex 0.473701 -5.29028 1.16853
      vertex 0.495016 -5.25222 1.16853
      vertex 0.435364 -5.22183 1.1275
    endloop
  endfacet
  facet normal -0.37767 0.25234 0.890893
    outer loop
      vertex 0.395303 -5.2872 1.1275
      vertex 0.416617 -5.2553 1.1275
      vertex 0.356966 -5.21875 1.09186
    endloop
  endfacet
  facet normal -0.396283 0.221964 0.890894
    outer loop
      vertex 0.416617 -5.2553 1.1275
      vertex 0.435364 -5.22183 1.1275
      vertex 0.356966 -5.21875 1.09186
    endloop
  endfacet
  facet normal -0.590078 0.272059 0.760126
    outer loop
      vertex 0.62713 -5.25977 1.26568
      vertex 0.571968 -5.23692 1.21468
      vertex 0.551617 -5.28106 1.21468
    endloop
  endfacet
  facet normal -0.534033 0.246219 0.808817
    outer loop
      vertex 0.551617 -5.28106 1.21468
      vertex 0.571968 -5.23692 1.21468
      vertex 0.51328 -5.21261 1.16853
    endloop
  endfacet
  facet normal -0.489022 0.326666 0.808793
    outer loop
      vertex 0.500857 -5.36389 1.21468
      vertex 0.473701 -5.29028 1.16853
      vertex 0.449466 -5.32656 1.16853
    endloop
  endfacet
  facet normal -0.461861 0.364058 0.808793
    outer loop
      vertex 0.470762 -5.40207 1.21468
      vertex 0.500857 -5.36389 1.21468
      vertex 0.449466 -5.32656 1.16853
    endloop
  endfacet
  facet normal 0.00917005 0.0779785 0.996913
    outer loop
      vertex -0.00307941 -5.03914 1.00077
      vertex -0.00614071 -5.03878 1.00077
      vertex -0.00922108 -5.11717 1.00693
    endloop
  endfacet
  facet normal -0.0455975 0.229123 0.972329
    outer loop
      vertex 0.0424623 -5.2681 1.03754
      vertex 0.0633659 -5.26394 1.03754
      vertex 0.0305185 -5.19269 1.01921
    endloop
  endfacet
  facet normal -0.0425038 0.150632 0.987676
    outer loop
      vertex 0.0455427 -5.1897 1.01921
      vertex 0.0602856 -5.18554 1.01921
      vertex 0.0274382 -5.11429 1.00693
    endloop
  endfacet
  facet normal -0.0155216 0.076949 0.996914
    outer loop
      vertex 0.0274382 -5.11429 1.00693
      vertex 0.00916481 -5.03817 1.00077
      vertex 0.00614071 -5.03878 1.00077
    endloop
  endfacet
  facet normal -0.0532501 0.0576833 0.996914
    outer loop
      vertex 0.076334 -5.08938 1.00693
      vertex 0.0277605 -5.02776 1.00077
      vertex 0.0254965 -5.02985 1.00077
    endloop
  endfacet
  facet normal -0.0541056 0.146855 0.987677
    outer loop
      vertex 0.0602856 -5.18554 1.01921
      vertex 0.0449791 -5.10859 1.00693
      vertex 0.0363207 -5.11178 1.00693
    endloop
  endfacet
  facet normal -0.0425582 0.150607 0.987677
    outer loop
      vertex 0.0602856 -5.18554 1.01921
      vertex 0.0363207 -5.11178 1.00693
      vertex 0.0274382 -5.11429 1.00693
    endloop
  endfacet
  facet normal -0.0436344 0.0652671 0.996913
    outer loop
      vertex 0.0614128 -5.10022 1.00693
      vertex 0.0690861 -5.09509 1.00693
      vertex 0.0230761 -5.03176 1.00077
    endloop
  endfacet
  facet normal -0.0869878 0.130114 0.987676
    outer loop
      vertex 0.114671 -5.15783 1.01921
      vertex 0.0690861 -5.09509 1.00693
      vertex 0.0614128 -5.10022 1.00693
    endloop
  endfacet
  facet normal -0.0576169 0.053344 0.996913
    outer loop
      vertex 0.0893755 -5.07633 1.00693
      vertex 0.0298529 -5.0255 1.00077
      vertex 0.0277605 -5.02776 1.00077
    endloop
  endfacet
  facet normal -0.0685088 0.0383497 0.996913
    outer loop
      vertex 0.100217 -5.06141 1.00693
      vertex 0.0349798 -5.01782 1.00077
      vertex 0.033474 -5.02051 1.00077
    endloop
  endfacet
  facet normal -0.0736485 0.0271964 0.996913
    outer loop
      vertex 0.10859 -5.04498 1.00693
      vertex 0.0373383 -5.01213 1.00077
      vertex 0.0362711 -5.01502 1.00077
    endloop
  endfacet
  facet normal -0.0784512 0.0030871 0.996913
    outer loop
      vertex 0.117174 -5.00922 1.00693
      vertex 0.039259 -5 1.00077
      vertex 0.0391378 -5.00308 1.00077
    endloop
  endfacet
  facet normal -0.0779695 0.00920856 0.996913
    outer loop
      vertex 0.117174 -5.00922 1.00693
      vertex 0.0391378 -5.00308 1.00077
      vertex 0.0387764 -5.00614 1.00077
    endloop
  endfacet
  facet normal 0.0576169 0.053344 0.996913
    outer loop
      vertex -0.0277605 -5.02776 1.00077
      vertex -0.0298529 -5.0255 1.00077
      vertex -0.0893755 -5.07633 1.00693
    endloop
  endfacet
  facet normal 0.0616535 0.0486171 0.996913
    outer loop
      vertex -0.0298529 -5.0255 1.00077
      vertex -0.0317612 -5.02308 1.00077
      vertex -0.0893755 -5.07633 1.00693
    endloop
  endfacet
  facet normal 0.0653288 0.043539 0.996913
    outer loop
      vertex -0.0317612 -5.02308 1.00077
      vertex -0.033474 -5.02051 1.00077
      vertex -0.100217 -5.06141 1.00693
    endloop
  endfacet
  facet normal 0.0685088 0.0383497 0.996913
    outer loop
      vertex -0.033474 -5.02051 1.00077
      vertex -0.0349798 -5.01782 1.00077
      vertex -0.100217 -5.06141 1.00693
    endloop
  endfacet
  facet normal 0.0652955 -0.0435984 0.996913
    outer loop
      vertex -0.0317612 -4.97692 1.00077
      vertex -0.095089 -4.93091 1.00693
      vertex -0.100217 -4.93859 1.00693
    endloop
  endfacet
  facet normal 0.0616336 -0.0486386 0.996913
    outer loop
      vertex -0.0317612 -4.97692 1.00077
      vertex -0.0893755 -4.92367 1.00693
      vertex -0.095089 -4.93091 1.00693
    endloop
  endfacet
  facet normal 0.0755632 -0.021316 0.996913
    outer loop
      vertex -0.0373383 -4.98787 1.00077
      vertex -0.111784 -4.96368 1.00693
      vertex -0.114289 -4.97256 1.00693
    endloop
  endfacet
  facet normal 0.0736616 -0.027168 0.996913
    outer loop
      vertex -0.0373383 -4.98787 1.00077
      vertex -0.10859 -4.95502 1.00693
      vertex -0.111784 -4.96368 1.00693
    endloop
  endfacet
  facet normal 0.15639 -0.00613914 0.987676
    outer loop
      vertex -0.117174 -4.99078 1.00693
      vertex -0.194489 -4.98469 1.01921
      vertex -0.19509 -5 1.01921
    endloop
  endfacet
  facet normal 0.155426 -0.0183732 0.987677
    outer loop
      vertex -0.117174 -4.99078 1.00693
      vertex -0.11609 -4.98161 1.00693
      vertex -0.194489 -4.98469 1.01921
    endloop
  endfacet
  facet normal 0.0736485 0.0271964 0.996913
    outer loop
      vertex -0.0362711 -5.01502 1.00077
      vertex -0.0373383 -5.01213 1.00077
      vertex -0.10859 -5.04498 1.00693
    endloop
  endfacet
  facet normal 0.14684 0.054158 0.987676
    outer loop
      vertex -0.10859 -5.04498 1.00693
      vertex -0.111784 -5.03632 1.00693
      vertex -0.185541 -5.06029 1.01921
    endloop
  endfacet
  facet normal 0.150631 0.0424923 0.987676
    outer loop
      vertex -0.111784 -5.03632 1.00693
      vertex -0.114289 -5.02744 1.00693
      vertex -0.185541 -5.06029 1.01921
    endloop
  endfacet
  facet normal 0.0779692 0.00921686 0.996913
    outer loop
      vertex -0.11609 -5.01839 1.00693
      vertex -0.0387764 -5.00614 1.00077
      vertex -0.117174 -5.00922 1.00693
    endloop
  endfacet
  facet normal 0.155426 0.0183732 0.987677
    outer loop
      vertex -0.11609 -5.01839 1.00693
      vertex -0.117174 -5.00922 1.00693
      vertex -0.194489 -5.01531 1.01921
    endloop
  endfacet
  facet normal -0.0968804 -0.12293 0.987675
    outer loop
      vertex 0.1267 -4.85165 1.01921
      vertex 0.114671 -4.84217 1.01921
      vertex 0.076334 -4.91062 1.00693
    endloop
  endfacet
  facet normal -0.144599 -0.183478 0.972331
    outer loop
      vertex 0.1267 -4.85165 1.01921
      vertex 0.176286 -4.79359 1.03754
      vertex 0.114671 -4.84217 1.01921
    endloop
  endfacet
  facet normal -0.0654978 -0.142147 0.987676
    outer loop
      vertex 0.0885687 -4.82617 1.01921
      vertex 0.0746574 -4.81976 1.01921
      vertex 0.0449791 -4.89141 1.00693
    endloop
  endfacet
  facet normal -0.097764 -0.212172 0.97233
    outer loop
      vertex 0.0885687 -4.82617 1.01921
      vertex 0.123231 -4.75814 1.03754
      vertex 0.0746574 -4.81976 1.01921
    endloop
  endfacet
  facet normal -0.396283 -0.221964 0.890894
    outer loop
      vertex 0.435364 -4.77817 1.1275
      vertex 0.416617 -4.7447 1.1275
      vertex 0.356966 -4.78125 1.09186
    endloop
  endfacet
  facet normal -0.396287 -0.221937 0.890899
    outer loop
      vertex 0.373028 -4.80993 1.09186
      vertex 0.435364 -4.77817 1.1275
      vertex 0.356966 -4.78125 1.09186
    endloop
  endfacet
  facet normal 0.0435634 0.0653069 0.996914
    outer loop
      vertex -0.0205126 -5.03347 1.00077
      vertex -0.0230761 -5.03176 1.00077
      vertex -0.0614128 -5.10022 1.00693
    endloop
  endfacet
  facet normal 0.0383624 0.0684977 0.996913
    outer loop
      vertex -0.05336 -5.10473 1.00693
      vertex -0.0178232 -5.03498 1.00077
      vertex -0.0614128 -5.10022 1.00693
    endloop
  endfacet
  facet normal 0.0328514 0.0713054 0.996913
    outer loop
      vertex -0.0150232 -5.03627 1.00077
      vertex -0.0178232 -5.03498 1.00077
      vertex -0.05336 -5.10473 1.00693
    endloop
  endfacet
  facet normal 0.69378 0.138026 0.706837
    outer loop
      vertex -0.660045 -5.15846 1.26568
      vertex -0.670444 -5.10619 1.26568
      vertex -0.725282 -5.11487 1.3212
    endloop
  endfacet
  facet normal 0.637287 0.126787 0.760125
    outer loop
      vertex -0.660045 -5.15846 1.26568
      vertex -0.601988 -5.14452 1.21468
      vertex -0.670444 -5.10619 1.26568
    endloop
  endfacet
  facet normal -0.551716 0.203521 0.80882
    outer loop
      vertex 0.571968 -5.23692 1.21468
      vertex 0.588793 -5.19131 1.21468
      vertex 0.528378 -5.17168 1.16853
    endloop
  endfacet
  facet normal -0.565983 0.15961 0.808819
    outer loop
      vertex 0.588793 -5.19131 1.21468
      vertex 0.601988 -5.14452 1.21468
      vertex 0.528378 -5.17168 1.16853
    endloop
  endfacet
  facet normal -0.107082 0.290145 0.950973
    outer loop
      vertex 0.106956 -5.32918 1.06181
      vertex 0.132453 -5.31977 1.06181
      vertex 0.0838795 -5.25815 1.03754
    endloop
  endfacet
  facet normal -0.083876 0.297685 0.950972
    outer loop
      vertex 0.106956 -5.32918 1.06181
      vertex 0.0838795 -5.25815 1.03754
      vertex 0.0807991 -5.33655 1.06181
    endloop
  endfacet
  facet normal -0.0271441 0.0736754 0.996913
    outer loop
      vertex 0.0363207 -5.11178 1.00693
      vertex 0.0449791 -5.10859 1.00693
      vertex 0.0121317 -5.03734 1.00077
    endloop
  endfacet
  facet normal -0.021351 0.0755578 0.996913
    outer loop
      vertex 0.0274382 -5.11429 1.00693
      vertex 0.0363207 -5.11178 1.00693
      vertex 0.0121317 -5.03734 1.00077
    endloop
  endfacet
  facet normal -0.0764782 0.136555 0.987676
    outer loop
      vertex 0.0885687 -5.17383 1.01921
      vertex 0.0614128 -5.10022 1.00693
      vertex 0.05336 -5.10473 1.00693
    endloop
  endfacet
  facet normal -0.0654754 0.142161 0.987676
    outer loop
      vertex 0.0885687 -5.17383 1.01921
      vertex 0.05336 -5.10473 1.00693
      vertex 0.0449791 -5.10859 1.00693
    endloop
  endfacet
  facet normal -0.0328514 0.0713054 0.996913
    outer loop
      vertex 0.05336 -5.10473 1.00693
      vertex 0.0178232 -5.03498 1.00077
      vertex 0.0150232 -5.03627 1.00077
    endloop
  endfacet
  facet normal -0.0712937 0.0328791 0.996913
    outer loop
      vertex 0.104726 -5.05336 1.00693
      vertex 0.0362711 -5.01502 1.00077
      vertex 0.0349798 -5.01782 1.00077
    endloop
  endfacet
  facet normal -0.0684973 0.038367 0.996913
    outer loop
      vertex 0.100217 -5.06141 1.00693
      vertex 0.104726 -5.05336 1.00693
      vertex 0.0349798 -5.01782 1.00077
    endloop
  endfacet
  facet normal -0.0755705 0.0212793 0.996913
    outer loop
      vertex 0.114289 -5.02744 1.00693
      vertex 0.0381746 -5.00916 1.00077
      vertex 0.0373383 -5.01213 1.00077
    endloop
  endfacet
  facet normal 0.0616535 -0.0486171 0.996913
    outer loop
      vertex -0.0317612 -4.97692 1.00077
      vertex -0.0298529 -4.9745 1.00077
      vertex -0.0893755 -4.92367 1.00693
    endloop
  endfacet
  facet normal 0.0685088 -0.0383497 0.996913
    outer loop
      vertex -0.0349798 -4.98218 1.00077
      vertex -0.033474 -4.97949 1.00077
      vertex -0.100217 -4.93859 1.00693
    endloop
  endfacet
  facet normal 0.0770096 -0.0152952 0.996913
    outer loop
      vertex -0.0387764 -4.99386 1.00077
      vertex -0.0381746 -4.99083 1.00077
      vertex -0.114289 -4.97256 1.00693
    endloop
  endfacet
  facet normal 0.0784512 -0.0030871 0.996913
    outer loop
      vertex -0.039259 -5 1.00077
      vertex -0.0391378 -4.99692 1.00077
      vertex -0.117174 -4.99078 1.00693
    endloop
  endfacet
  facet normal 0.0779695 -0.00920856 0.996913
    outer loop
      vertex -0.0391378 -4.99692 1.00077
      vertex -0.0387764 -4.99386 1.00077
      vertex -0.117174 -4.99078 1.00693
    endloop
  endfacet
  facet normal 0.0784512 0.0030871 0.996913
    outer loop
      vertex -0.0391378 -5.00308 1.00077
      vertex -0.039259 -5 1.00077
      vertex -0.117174 -5.00922 1.00693
    endloop
  endfacet
  facet normal 0 0 1
    outer loop
      vertex 0.0391378 -4.99692 1.00077
      vertex 0.0391378 -5.00308 1.00077
      vertex 0.039259 -5 1.00077
    endloop
  endfacet
  facet normal 0 0 1
    outer loop
      vertex 0.0387764 -4.99386 1.00077
      vertex 0.0391378 -5.00308 1.00077
      vertex 0.0391378 -4.99692 1.00077
    endloop
  endfacet
  facet normal 0 0 1
    outer loop
      vertex 0.0387764 -4.99386 1.00077
      vertex 0.0387764 -5.00614 1.00077
      vertex 0.0391378 -5.00308 1.00077
    endloop
  endfacet
  facet normal 0 0 1
    outer loop
      vertex 0.0381746 -4.99083 1.00077
      vertex 0.0387764 -5.00614 1.00077
      vertex 0.0387764 -4.99386 1.00077
    endloop
  endfacet
  facet normal 0 0 1
    outer loop
      vertex 0.0381746 -4.99083 1.00077
      vertex 0.0381746 -5.00916 1.00077
      vertex 0.0387764 -5.00614 1.00077
    endloop
  endfacet
  facet normal 0 0 1
    outer loop
      vertex 0.0373383 -4.98787 1.00077
      vertex 0.0381746 -5.00916 1.00077
      vertex 0.0381746 -4.99083 1.00077
    endloop
  endfacet
  facet normal 0 0 1
    outer loop
      vertex 0.0373383 -4.98787 1.00077
      vertex 0.0373383 -5.01213 1.00077
      vertex 0.0381746 -5.00916 1.00077
    endloop
  endfacet
  facet normal 0 0 1
    outer loop
      vertex 0.0362711 -4.98498 1.00077
      vertex 0.0373383 -5.01213 1.00077
      vertex 0.0373383 -4.98787 1.00077
    endloop
  endfacet
  facet normal 0 0 1
    outer loop
      vertex 0.0362711 -4.98498 1.00077
      vertex 0.0362711 -5.01502 1.00077
      vertex 0.0373383 -5.01213 1.00077
    endloop
  endfacet
  facet normal 0 0 1
    outer loop
      vertex 0.0349798 -4.98218 1.00077
      vertex 0.0362711 -5.01502 1.00077
      vertex 0.0362711 -4.98498 1.00077
    endloop
  endfacet
  facet normal 0 0 1
    outer loop
      vertex 0.0349798 -4.98218 1.00077
      vertex 0.0349798 -5.01782 1.00077
      vertex 0.0362711 -5.01502 1.00077
    endloop
  endfacet
  facet normal 0 0 1
    outer loop
      vertex 0.033474 -4.97949 1.00077
      vertex 0.0349798 -5.01782 1.00077
      vertex 0.0349798 -4.98218 1.00077
    endloop
  endfacet
  facet normal 0 0 1
    outer loop
      vertex 0.033474 -4.97949 1.00077
      vertex 0.033474 -5.02051 1.00077
      vertex 0.0349798 -5.01782 1.00077
    endloop
  endfacet
  facet normal 0 0 1
    outer loop
      vertex 0.0317612 -4.97692 1.00077
      vertex 0.033474 -5.02051 1.00077
      vertex 0.033474 -4.97949 1.00077
    endloop
  endfacet
  facet normal 0 0 1
    outer loop
      vertex 0.0317612 -4.97692 1.00077
      vertex 0.0317612 -5.02308 1.00077
      vertex 0.033474 -5.02051 1.00077
    endloop
  endfacet
  facet normal 0 0 1
    outer loop
      vertex 0.0298529 -4.9745 1.00077
      vertex 0.0317612 -5.02308 1.00077
      vertex 0.0317612 -4.97692 1.00077
    endloop
  endfacet
  facet normal 0 0 1
    outer loop
      vertex 0.0298529 -4.9745 1.00077
      vertex 0.0298529 -5.0255 1.00077
      vertex 0.0317612 -5.02308 1.00077
    endloop
  endfacet
  facet normal 0 0 1
    outer loop
      vertex 0.0277605 -4.97224 1.00077
      vertex 0.0298529 -5.0255 1.00077
      vertex 0.0298529 -4.9745 1.00077
    endloop
  endfacet
  facet normal 0 0 1
    outer loop
      vertex 0.0277605 -4.97224 1.00077
      vertex 0.0277605 -5.02776 1.00077
      vertex 0.0298529 -5.0255 1.00077
    endloop
  endfacet
  facet normal 0 0 1
    outer loop
      vertex 0.0254965 -4.97015 1.00077
      vertex 0.0277605 -5.02776 1.00077
      vertex 0.0277605 -4.97224 1.00077
    endloop
  endfacet
  facet normal 0 0 1
    outer loop
      vertex 0.0254965 -4.97015 1.00077
      vertex 0.0254965 -5.02985 1.00077
      vertex 0.0277605 -5.02776 1.00077
    endloop
  endfacet
  facet normal 0 0 1
    outer loop
      vertex 0.0230761 -4.96824 1.00077
      vertex 0.0254965 -5.02985 1.00077
      vertex 0.0254965 -4.97015 1.00077
    endloop
  endfacet
  facet normal 0 0 1
    outer loop
      vertex 0.0230761 -4.96824 1.00077
      vertex 0.0230761 -5.03176 1.00077
      vertex 0.0254965 -5.02985 1.00077
    endloop
  endfacet
  facet normal 0 0 1
    outer loop
      vertex 0.0205126 -4.96653 1.00077
      vertex 0.0230761 -5.03176 1.00077
      vertex 0.0230761 -4.96824 1.00077
    endloop
  endfacet
  facet normal 0 0 1
    outer loop
      vertex 0.0205126 -4.96653 1.00077
      vertex 0.0205126 -5.03347 1.00077
      vertex 0.0230761 -5.03176 1.00077
    endloop
  endfacet
  facet normal 0 0 1
    outer loop
      vertex 0.0178232 -4.96502 1.00077
      vertex 0.0205126 -5.03347 1.00077
      vertex 0.0205126 -4.96653 1.00077
    endloop
  endfacet
  facet normal 0 0 1
    outer loop
      vertex 0.0178232 -4.96502 1.00077
      vertex 0.0178232 -5.03498 1.00077
      vertex 0.0205126 -5.03347 1.00077
    endloop
  endfacet
  facet normal 0 0 1
    outer loop
      vertex 0.0150232 -4.96373 1.00077
      vertex 0.0178232 -5.03498 1.00077
      vertex 0.0178232 -4.96502 1.00077
    endloop
  endfacet
  facet normal 0 0 1
    outer loop
      vertex 0.0150232 -4.96373 1.00077
      vertex 0.0150232 -5.03627 1.00077
      vertex 0.0178232 -5.03498 1.00077
    endloop
  endfacet
  facet normal 0 0 1
    outer loop
      vertex 0.0121317 -4.96266 1.00077
      vertex 0.0150232 -5.03627 1.00077
      vertex 0.0150232 -4.96373 1.00077
    endloop
  endfacet
  facet normal 0 0 1
    outer loop
      vertex 0.0121317 -4.96266 1.00077
      vertex 0.0121317 -5.03734 1.00077
      vertex 0.0150232 -5.03627 1.00077
    endloop
  endfacet
  facet normal 0 0 1
    outer loop
      vertex 0.00916481 -4.96182 1.00077
      vertex 0.0121317 -5.03734 1.00077
      vertex 0.0121317 -4.96266 1.00077
    endloop
  endfacet
  facet normal 0 0 1
    outer loop
      vertex 0.00916481 -4.96182 1.00077
      vertex 0.00916481 -5.03817 1.00077
      vertex 0.0121317 -5.03734 1.00077
    endloop
  endfacet
  facet normal 0 0 1
    outer loop
      vertex 0.00614071 -4.96122 1.00077
      vertex 0.00916481 -5.03817 1.00077
      vertex 0.00916481 -4.96182 1.00077
    endloop
  endfacet
  facet normal 0 0 1
    outer loop
      vertex 0.00614071 -4.96122 1.00077
      vertex 0.00614071 -5.03878 1.00077
      vertex 0.00916481 -5.03817 1.00077
    endloop
  endfacet
  facet normal 0 0 1
    outer loop
      vertex 0.00307941 -4.96086 1.00077
      vertex 0.00614071 -5.03878 1.00077
      vertex 0.00614071 -4.96122 1.00077
    endloop
  endfacet
  facet normal 0 0 1
    outer loop
      vertex 0.00307941 -4.96086 1.00077
      vertex 0.00307941 -5.03914 1.00077
      vertex 0.00614071 -5.03878 1.00077
    endloop
  endfacet
  facet normal 0 0 1
    outer loop
      vertex 0 -4.96074 1.00077
      vertex 0.00307941 -5.03914 1.00077
      vertex 0.00307941 -4.96086 1.00077
    endloop
  endfacet
  facet normal 0 0 1
    outer loop
      vertex 0 -4.96074 1.00077
      vertex 0 -5.03926 1.00077
      vertex 0.00307941 -5.03914 1.00077
    endloop
  endfacet
  facet normal -0 0 1
    outer loop
      vertex -0.00307941 -4.96086 1.00077
      vertex 0 -5.03926 1.00077
      vertex 0 -4.96074 1.00077
    endloop
  endfacet
  facet normal 0 0 1
    outer loop
      vertex -0.00307941 -4.96086 1.00077
      vertex -0.00307941 -5.03914 1.00077
      vertex 0 -5.03926 1.00077
    endloop
  endfacet
  facet normal -0 0 1
    outer loop
      vertex -0.00614071 -4.96122 1.00077
      vertex -0.00307941 -5.03914 1.00077
      vertex -0.00307941 -4.96086 1.00077
    endloop
  endfacet
  facet normal 0 0 1
    outer loop
      vertex -0.00614071 -4.96122 1.00077
      vertex -0.00614071 -5.03878 1.00077
      vertex -0.00307941 -5.03914 1.00077
    endloop
  endfacet
  facet normal -0 0 1
    outer loop
      vertex -0.00916481 -4.96182 1.00077
      vertex -0.00614071 -5.03878 1.00077
      vertex -0.00614071 -4.96122 1.00077
    endloop
  endfacet
  facet normal 0 0 1
    outer loop
      vertex -0.00916481 -4.96182 1.00077
      vertex -0.00916481 -5.03817 1.00077
      vertex -0.00614071 -5.03878 1.00077
    endloop
  endfacet
  facet normal -0 0 1
    outer loop
      vertex -0.0121317 -4.96266 1.00077
      vertex -0.00916481 -5.03817 1.00077
      vertex -0.00916481 -4.96182 1.00077
    endloop
  endfacet
  facet normal 0 0 1
    outer loop
      vertex -0.0121317 -4.96266 1.00077
      vertex -0.0121317 -5.03734 1.00077
      vertex -0.00916481 -5.03817 1.00077
    endloop
  endfacet
  facet normal -0 0 1
    outer loop
      vertex -0.0150232 -4.96373 1.00077
      vertex -0.0121317 -5.03734 1.00077
      vertex -0.0121317 -4.96266 1.00077
    endloop
  endfacet
  facet normal 0 0 1
    outer loop
      vertex -0.0150232 -4.96373 1.00077
      vertex -0.0150232 -5.03627 1.00077
      vertex -0.0121317 -5.03734 1.00077
    endloop
  endfacet
  facet normal -0 0 1
    outer loop
      vertex -0.0178232 -4.96502 1.00077
      vertex -0.0150232 -5.03627 1.00077
      vertex -0.0150232 -4.96373 1.00077
    endloop
  endfacet
  facet normal 0 0 1
    outer loop
      vertex -0.0178232 -4.96502 1.00077
      vertex -0.0178232 -5.03498 1.00077
      vertex -0.0150232 -5.03627 1.00077
    endloop
  endfacet
  facet normal -0 0 1
    outer loop
      vertex -0.0205126 -4.96653 1.00077
      vertex -0.0178232 -5.03498 1.00077
      vertex -0.0178232 -4.96502 1.00077
    endloop
  endfacet
  facet normal 0 0 1
    outer loop
      vertex -0.0205126 -4.96653 1.00077
      vertex -0.0205126 -5.03347 1.00077
      vertex -0.0178232 -5.03498 1.00077
    endloop
  endfacet
  facet normal -0 0 1
    outer loop
      vertex -0.0230761 -4.96824 1.00077
      vertex -0.0205126 -5.03347 1.00077
      vertex -0.0205126 -4.96653 1.00077
    endloop
  endfacet
  facet normal 0 0 1
    outer loop
      vertex -0.0230761 -4.96824 1.00077
      vertex -0.0230761 -5.03176 1.00077
      vertex -0.0205126 -5.03347 1.00077
    endloop
  endfacet
  facet normal -0 0 1
    outer loop
      vertex -0.0254965 -4.97015 1.00077
      vertex -0.0230761 -5.03176 1.00077
      vertex -0.0230761 -4.96824 1.00077
    endloop
  endfacet
  facet normal 0 0 1
    outer loop
      vertex -0.0254965 -4.97015 1.00077
      vertex -0.0254965 -5.02985 1.00077
      vertex -0.0230761 -5.03176 1.00077
    endloop
  endfacet
  facet normal -0 0 1
    outer loop
      vertex -0.0277605 -4.97224 1.00077
      vertex -0.0254965 -5.02985 1.00077
      vertex -0.0254965 -4.97015 1.00077
    endloop
  endfacet
  facet normal 0 0 1
    outer loop
      vertex -0.0277605 -4.97224 1.00077
      vertex -0.0277605 -5.02776 1.00077
      vertex -0.0254965 -5.02985 1.00077
    endloop
  endfacet
  facet normal -0 0 1
    outer loop
      vertex -0.0298529 -4.9745 1.00077
      vertex -0.0277605 -5.02776 1.00077
      vertex -0.0277605 -4.97224 1.00077
    endloop
  endfacet
  facet normal 0 0 1
    outer loop
      vertex -0.0298529 -4.9745 1.00077
      vertex -0.0298529 -5.0255 1.00077
      vertex -0.0277605 -5.02776 1.00077
    endloop
  endfacet
  facet normal -0 0 1
    outer loop
      vertex -0.0317612 -4.97692 1.00077
      vertex -0.0298529 -5.0255 1.00077
      vertex -0.0298529 -4.9745 1.00077
    endloop
  endfacet
  facet normal 0 0 1
    outer loop
      vertex -0.0317612 -4.97692 1.00077
      vertex -0.0317612 -5.02308 1.00077
      vertex -0.0298529 -5.0255 1.00077
    endloop
  endfacet
  facet normal -0 0 1
    outer loop
      vertex -0.033474 -4.97949 1.00077
      vertex -0.0317612 -5.02308 1.00077
      vertex -0.0317612 -4.97692 1.00077
    endloop
  endfacet
  facet normal 0 0 1
    outer loop
      vertex -0.033474 -4.97949 1.00077
      vertex -0.033474 -5.02051 1.00077
      vertex -0.0317612 -5.02308 1.00077
    endloop
  endfacet
  facet normal -0 0 1
    outer loop
      vertex -0.0349798 -4.98218 1.00077
      vertex -0.033474 -5.02051 1.00077
      vertex -0.033474 -4.97949 1.00077
    endloop
  endfacet
  facet normal 0 0 1
    outer loop
      vertex -0.0349798 -4.98218 1.00077
      vertex -0.0349798 -5.01782 1.00077
      vertex -0.033474 -5.02051 1.00077
    endloop
  endfacet
  facet normal -0 0 1
    outer loop
      vertex -0.0362711 -4.98498 1.00077
      vertex -0.0349798 -5.01782 1.00077
      vertex -0.0349798 -4.98218 1.00077
    endloop
  endfacet
  facet normal 0 0 1
    outer loop
      vertex -0.0362711 -4.98498 1.00077
      vertex -0.0362711 -5.01502 1.00077
      vertex -0.0349798 -5.01782 1.00077
    endloop
  endfacet
  facet normal -0 0 1
    outer loop
      vertex -0.0373383 -4.98787 1.00077
      vertex -0.0362711 -5.01502 1.00077
      vertex -0.0362711 -4.98498 1.00077
    endloop
  endfacet
  facet normal 0 0 1
    outer loop
      vertex -0.0373383 -4.98787 1.00077
      vertex -0.0373383 -5.01213 1.00077
      vertex -0.0362711 -5.01502 1.00077
    endloop
  endfacet
  facet normal -0 0 1
    outer loop
      vertex -0.0381746 -4.99083 1.00077
      vertex -0.0373383 -5.01213 1.00077
      vertex -0.0373383 -4.98787 1.00077
    endloop
  endfacet
  facet normal 0 0 1
    outer loop
      vertex -0.0381746 -4.99083 1.00077
      vertex -0.0381746 -5.00916 1.00077
      vertex -0.0373383 -5.01213 1.00077
    endloop
  endfacet
  facet normal -0 0 1
    outer loop
      vertex -0.0387764 -4.99386 1.00077
      vertex -0.0381746 -5.00916 1.00077
      vertex -0.0381746 -4.99083 1.00077
    endloop
  endfacet
  facet normal 0 0 1
    outer loop
      vertex -0.0387764 -4.99386 1.00077
      vertex -0.0387764 -5.00614 1.00077
      vertex -0.0381746 -5.00916 1.00077
    endloop
  endfacet
  facet normal -0 0 1
    outer loop
      vertex -0.0391378 -4.99692 1.00077
      vertex -0.0387764 -5.00614 1.00077
      vertex -0.0387764 -4.99386 1.00077
    endloop
  endfacet
  facet normal 0 0 1
    outer loop
      vertex -0.0391378 -4.99692 1.00077
      vertex -0.0391378 -5.00308 1.00077
      vertex -0.0387764 -5.00614 1.00077
    endloop
  endfacet
  facet normal 0 -0 1
    outer loop
      vertex -0.0391378 -5.00308 1.00077
      vertex -0.0391378 -4.99692 1.00077
      vertex -0.039259 -5 1.00077
    endloop
  endfacet
  facet normal -0.158586 -0.171532 0.972331
    outer loop
      vertex 0.137949 -4.86205 1.01921
      vertex 0.176286 -4.79359 1.03754
      vertex 0.1267 -4.85165 1.01921
    endloop
  endfacet
  facet normal -0.106252 -0.114926 0.987675
    outer loop
      vertex 0.137949 -4.86205 1.01921
      vertex 0.1267 -4.85165 1.01921
      vertex 0.076334 -4.91062 1.00693
    endloop
  endfacet
  facet normal 0.0532501 0.0576833 0.996914
    outer loop
      vertex -0.0254965 -5.02985 1.00077
      vertex -0.0277605 -5.02776 1.00077
      vertex -0.076334 -5.08938 1.00693
    endloop
  endfacet
  facet normal 0.0384326 0.0684508 0.996914
    outer loop
      vertex -0.0178232 -5.03498 1.00077
      vertex -0.0205126 -5.03347 1.00077
      vertex -0.0614128 -5.10022 1.00693
    endloop
  endfacet
  facet normal -0.06346 0.224835 0.972328
    outer loop
      vertex 0.0633659 -5.26394 1.03754
      vertex 0.0838795 -5.25815 1.03754
      vertex 0.0455427 -5.1897 1.01921
    endloop
  endfacet
  facet normal -0.0840225 0.297686 0.950959
    outer loop
      vertex 0.0807991 -5.33655 1.06181
      vertex 0.0838795 -5.25815 1.03754
      vertex 0.0633659 -5.26394 1.03754
    endloop
  endfacet
  facet normal -0.0384326 0.0684508 0.996914
    outer loop
      vertex 0.0614128 -5.10022 1.00693
      vertex 0.0205126 -5.03347 1.00077
      vertex 0.0178232 -5.03498 1.00077
    endloop
  endfacet
  facet normal 1 -0 0
    outer loop
      vertex -1.8 -2.85 1.5
      vertex -1.8 2.85 -1.5
      vertex -1.8 2.85 1.5
    endloop
  endfacet
  facet normal 1 0 0
    outer loop
      vertex -1.8 2.85 -1.5
      vertex -1.8 -2.85 1.5
      vertex -1.8 -2.85 -1.5
    endloop
  endfacet
  facet normal -1 0 0
    outer loop
      vertex 1.8 -2.85 -1.5
      vertex 1.8 2.85 1.5
      vertex 1.8 2.85 -1.5
    endloop
  endfacet
  facet normal -1 -0 0
    outer loop
      vertex 1.8 2.85 1.5
      vertex 1.8 -2.85 -1.5
      vertex 1.8 -2.85 1.5
    endloop
  endfacet
  facet normal 0 1 -0
    outer loop
      vertex 1.8 -2.85 -1.5
      vertex -1.8 -2.85 1.5
      vertex 1.8 -2.85 1.5
    endloop
  endfacet
  facet normal 0 1 0
    outer loop
      vertex -1.8 -2.85 1.5
      vertex 1.8 -2.85 -1.5
      vertex -1.8 -2.85 -1.5
    endloop
  endfacet
  facet normal 0 -1 0
    outer loop
      vertex -1.8 2.85 -1.5
      vertex 1.8 2.85 1.5
      vertex -1.8 2.85 1.5
    endloop
  endfacet
  facet normal 0 -1 -0
    outer loop
      vertex 1.8 2.85 1.5
      vertex -1.8 2.85 -1.5
      vertex 1.8 2.85 -1.5
    endloop
  endfacet
endsolid OpenSCAD_Model
